{
"type": "FeatureCollection",
"name": "City_Limits",
"crs": { "type": "name", "properties": { "name": "urn:ogc:def:crs:OGC:1.3:CRS84" } },
"features": [
{ "type": "Feature", "properties": { "FID": 1, "LIVE_CLV_L": 62553.926987500003, "PERIMETER": 1048.9015751500001, "CNTY_IS": 57, "SYMBOL": 0, "ACRES": 1.43604056, "SQ_MILES": 0.00224381, "SHAPE_AREA": 62553.926988699997, "SHAPE_LEN": 1048.9015751500001, "Shape__Area": 8950.0234375, "Shape__Length": 397.00875861113485 }, "geometry": { "type": "Polygon", "coordinates": [ [ [ -115.262245267580994, 36.225624475411202 ], [ -115.262230737793999, 36.224803174926102 ], [ -115.262520211435003, 36.224810927329401 ], [ -115.262856097973, 36.224819920942302 ], [ -115.262872496208004, 36.225751977256799 ], [ -115.262308347271997, 36.225736313058 ], [ -115.262242292834003, 36.2257344792609 ], [ -115.262245267580994, 36.225624475411202 ] ] ] } },
{ "type": "Feature", "properties": { "FID": 2, "LIVE_CLV_L": 581476.03152534005, "PERIMETER": 3416.81799555, "CNTY_IS": 57, "SYMBOL": 0, "ACRES": 13.34885288, "SQ_MILES": 0.02085758, "SHAPE_AREA": 581476.03152700001, "SHAPE_LEN": 3416.81799555, "Shape__Area": 83208.08203125, "Shape__Length": 1293.1084490286344 }, "geometry": { "type": "Polygon", "coordinates": [ [ [ -115.261779585007005, 36.230802597822802 ], [ -115.261775722267004, 36.230354900286997 ], [ -115.262306874990003, 36.230372937242599 ], [ -115.262588153386005, 36.230382688215002 ], [ -115.262827359601005, 36.230390979316297 ], [ -115.262928785203997, 36.230395441934597 ], [ -115.262913175711006, 36.229452446857302 ], [ -115.264068915796997, 36.229490821578899 ], [ -115.264105158232994, 36.232318164444798 ], [ -115.263418939779001, 36.2322936489795 ], [ -115.263058950879, 36.232280786243102 ], [ -115.262957330480006, 36.232277116339901 ], [ -115.262855902482997, 36.2322726447223 ], [ -115.262356755835, 36.2322568050513 ], [ -115.261812240862, 36.232238732386499 ], [ -115.261808300531996, 36.231812656571201 ], [ -115.261796368288998, 36.231382242094703 ], [ -115.261791298255005, 36.231300049319699 ], [ -115.261786228231003, 36.231217856543402 ], [ -115.261779585007005, 36.230802597822802 ] ] ] } },
{ "type": "Feature", "properties": { "FID": 3, "LIVE_CLV_L": 338915.08487435, "PERIMETER": 2696.11407912, "CNTY_IS": 57, "SYMBOL": 0, "ACRES": 7.78041976, "SQ_MILES": 0.01215691, "SHAPE_AREA": 338915.08487299999, "SHAPE_LEN": 2696.11407912, "Shape__Area": 48497.69921875, "Shape__Length": 1018.7739571475217 }, "geometry": { "type": "Polygon", "coordinates": [ [ [ -115.259521658541999, 36.231252831674098 ], [ -115.258926692897006, 36.231250806333897 ], [ -115.258914924381003, 36.231250767215002 ], [ -115.258794774099002, 36.2312503575601 ], [ -115.258380080650994, 36.2312489436151 ], [ -115.258074915327001, 36.231249924217202 ], [ -115.257735220003994, 36.231251015573697 ], [ -115.257340208165004, 36.231252281530502 ], [ -115.257250388347998, 36.231252569436698 ], [ -115.257234316475007, 36.231252621171002 ], [ -115.256084833933997, 36.2312593473604 ], [ -115.256084751437001, 36.231259389495101 ], [ -115.256072202485001, 36.2303357771451 ], [ -115.256173934391001, 36.230336028313197 ], [ -115.256220680121004, 36.230335822644498 ], [ -115.256605353539001, 36.230332763821401 ], [ -115.256827028958995, 36.230333314862001 ], [ -115.257050031595995, 36.230332778556601 ], [ -115.257200834824005, 36.2303321469088 ], [ -115.257212952881005, 36.2303320961189 ], [ -115.257273030817998, 36.230333332380901 ], [ -115.257708367849006, 36.230332237672002 ], [ -115.257930032166996, 36.230332786638897 ], [ -115.258147695142, 36.230332233765701 ], [ -115.258333305543999, 36.230332693006197 ], [ -115.258368029026997, 36.2303316967634 ], [ -115.258591038285999, 36.230332248158497 ], [ -115.258814040933004, 36.230331708565302 ], [ -115.258968941592002, 36.230331001982499 ], [ -115.259035714242003, 36.230330083411602 ], [ -115.259334836117006, 36.230330821663003 ], [ -115.259497746278001, 36.230330136084 ], [ -115.259519478746995, 36.231173087307802 ], [ -115.259521658541999, 36.231252831674098 ] ] ] } },
{ "type": "Feature", "properties": { "FID": 4, "LIVE_CLV_L": 45469.855455260004, "PERIMETER": 935.53226328999995, "CNTY_IS": 57, "SYMBOL": 0, "ACRES": 1.04384425, "SQ_MILES": 0.00163101, "SHAPE_AREA": 45469.855455099998, "SHAPE_LEN": 935.53226329400002, "Shape__Area": 6506.8671875, "Shape__Length": 353.58090719022061 }, "geometry": { "type": "Polygon", "coordinates": [ [ [ -115.259572195670003, 36.232571476713602 ], [ -115.259572355830002, 36.232366942325299 ], [ -115.259572495022994, 36.232193937513898 ], [ -115.260520596522994, 36.232197418563601 ], [ -115.260691680677994, 36.232198051271297 ], [ -115.260697441662003, 36.232523117815099 ], [ -115.260698296898994, 36.2325713803071 ], [ -115.260696556854995, 36.232571412567701 ], [ -115.260695883755005, 36.232571425173198 ], [ -115.260529666593996, 36.232574404429997 ], [ -115.260052932524005, 36.232573736462399 ], [ -115.260033700424998, 36.232573645742001 ], [ -115.259607157865005, 36.232571640713097 ], [ -115.259572195670003, 36.232571476713602 ] ] ] } },
{ "type": "Feature", "properties": { "FID": 5, "LIVE_CLV_L": 10708172.75695, "PERIMETER": 29758.91093455, "CNTY_IS": 57, "SYMBOL": 0, "ACRES": 245.82582087, "SQ_MILES": 0.38410285, "SHAPE_AREA": 10708172.757, "SHAPE_LEN": 29758.9109346, "Shape__Area": 1531935.86328125, "Shape__Length": 11255.48822341579 }, "geometry": { "type": "Polygon", "coordinates": [ [ [ -115.231946752530007, 36.219577230537098 ], [ -115.231950112560995, 36.219204954397497 ], [ -115.231952522483994, 36.218937924002098 ], [ -115.231954272576999, 36.218744067058097 ], [ -115.232022061047999, 36.218745660377301 ], [ -115.232081347782, 36.218748382349503 ], [ -115.232518751078004, 36.218781566459398 ], [ -115.232524362448999, 36.218324442577497 ], [ -115.232630401335996, 36.218333327322298 ], [ -115.232991043401995, 36.218363535794502 ], [ -115.232991672083998, 36.218297374231902 ], [ -115.233471384088006, 36.218337560032701 ], [ -115.233886656988005, 36.218374004688798 ], [ -115.234024244571998, 36.218385402979003 ], [ -115.234026685735998, 36.2181387713851 ], [ -115.234027081571, 36.2180987698613 ], [ -115.234027112421998, 36.218066059577097 ], [ -115.234163035181993, 36.218076035124398 ], [ -115.234952358468007, 36.2181411642987 ], [ -115.234952589559001, 36.218073992121298 ], [ -115.235059467905998, 36.218074150004597 ], [ -115.235060469019999, 36.218169490957898 ], [ -115.235541273337006, 36.218209230011297 ], [ -115.235549013062993, 36.218209860873301 ], [ -115.235601399938005, 36.218214128384503 ], [ -115.236002043648995, 36.218246763926103 ], [ -115.236102626893, 36.218254950190001 ], [ -115.236103172414005, 36.218240488835299 ], [ -115.236103591068002, 36.218195587977696 ], [ -115.236103368952996, 36.218193245792001 ], [ -115.236107671680998, 36.217835226876304 ], [ -115.236114840328, 36.217698026860603 ], [ -115.236058145621001, 36.2176933351857 ], [ -115.23605435236, 36.2176045988639 ], [ -115.236052500536999, 36.217561292096903 ], [ -115.236037985484003, 36.217234154283602 ], [ -115.236036847058998, 36.217189744607303 ], [ -115.235461265298994, 36.217202078779302 ], [ -115.235377772590994, 36.217203846808701 ], [ -115.235379261961, 36.217242514515 ], [ -115.235387607956994, 36.217459118754398 ], [ -115.235390130173997, 36.217638047613598 ], [ -115.235061043320002, 36.217610811514596 ], [ -115.234727730537998, 36.2175832260208 ], [ -115.234729707176996, 36.217443549551 ], [ -115.234719095990997, 36.217140253866098 ], [ -115.234715396143997, 36.2170741788089 ], [ -115.234705911602006, 36.216815291858801 ], [ -115.234703536864998, 36.216751383745198 ], [ -115.234694047592996, 36.2164935783102 ], [ -115.234690342994995, 36.216428584775002 ], [ -115.234680920469998, 36.216163272705799 ], [ -115.234678553302004, 36.216102680439299 ], [ -115.234667858598002, 36.215840843613897 ], [ -115.234666840507003, 36.215777011544901 ], [ -115.234654795298994, 36.215516251411898 ], [ -115.234653797939998, 36.215450256312202 ], [ -115.234640613248999, 36.215150539241499 ], [ -115.234635476134002, 36.215072526939103 ], [ -115.234794700988999, 36.215082895922201 ], [ -115.234845125473996, 36.214564603819497 ], [ -115.234727698726999, 36.214556772119302 ], [ -115.234774053288007, 36.214095997273397 ], [ -115.234781959428005, 36.214011119096703 ], [ -115.235996831481998, 36.214088872262401 ], [ -115.237199148282002, 36.214169334723799 ], [ -115.238013409508, 36.214225908495202 ], [ -115.238118019414003, 36.216743644236303 ], [ -115.238142663030999, 36.217336978929801 ], [ -115.238043381335004, 36.217339847005597 ], [ -115.237364738102997, 36.217359472730401 ], [ -115.237377907677001, 36.217670103949899 ], [ -115.237382428198003, 36.217802921538301 ], [ -115.237129078690998, 36.217781954978101 ], [ -115.237125591573005, 36.2182452158793 ], [ -115.237125998215006, 36.218513909364397 ], [ -115.237118663958, 36.218706745334202 ], [ -115.237548726113005, 36.218739894330199 ], [ -115.237547402912995, 36.2183455228719 ], [ -115.237596824022006, 36.218349937763897 ], [ -115.238158921972001, 36.218393317923102 ], [ -115.238169262941994, 36.217986389117499 ], [ -115.238157574488, 36.217867051250003 ], [ -115.238735110188003, 36.217914906653697 ], [ -115.238736863594994, 36.217915052303503 ], [ -115.238736267844004, 36.217919774229003 ], [ -115.238735089271003, 36.217919676199998 ], [ -115.238734816925998, 36.218019818225898 ], [ -115.238734703009001, 36.218058474062197 ], [ -115.238733367533001, 36.218451747328999 ], [ -115.238728021453994, 36.2188439355889 ], [ -115.239188788703004, 36.218883630234203 ], [ -115.239187297678001, 36.218535854792698 ], [ -115.239656093985005, 36.218575551800001 ], [ -115.240228123657005, 36.218619779049902 ], [ -115.240224604877994, 36.219254924195198 ], [ -115.241233948228995, 36.2193398679441 ], [ -115.241233787582004, 36.219366545552099 ], [ -115.241233325408004, 36.219516121662501 ], [ -115.241232997178003, 36.2196196063854 ], [ -115.241232086905001, 36.219887421817901 ], [ -115.241229839254999, 36.219961690369097 ], [ -115.242119439692999, 36.220034305284699 ], [ -115.242289039360998, 36.220048154835801 ], [ -115.242289176721997, 36.220206132632001 ], [ -115.242290113327996, 36.220456729745003 ], [ -115.242250464180003, 36.220455959700601 ], [ -115.242250417039998, 36.220451189059901 ], [ -115.241325823915005, 36.220433345390397 ], [ -115.241321755268004, 36.220626993059099 ], [ -115.241212652173004, 36.220628871305799 ], [ -115.241210192706006, 36.2208335111401 ], [ -115.240818797043005, 36.2208197194037 ], [ -115.240818660239995, 36.220858753700902 ], [ -115.240786602132999, 36.220856516875898 ], [ -115.240709131901994, 36.220850941447999 ], [ -115.240317794516002, 36.220818707932096 ], [ -115.240287071154, 36.2208164838122 ], [ -115.240216295414001, 36.220808746145003 ], [ -115.240211658910994, 36.221743034486899 ], [ -115.239370334970999, 36.2216733741799 ], [ -115.237754224121005, 36.2215410678591 ], [ -115.236736022157004, 36.221455162376799 ], [ -115.236064660004999, 36.221398514196899 ], [ -115.233996098697006, 36.221222231368401 ], [ -115.233990231956, 36.221743635857997 ], [ -115.233987476878994, 36.2221430874433 ], [ -115.233977470298996, 36.223072609697198 ], [ -115.233967067823997, 36.224116089142498 ], [ -115.233964484601998, 36.224466826612201 ], [ -115.233958948628995, 36.224936227637997 ], [ -115.233255228605003, 36.224879174455602 ], [ -115.232922794741995, 36.224852523798504 ], [ -115.232599056081995, 36.2248264565022 ], [ -115.231898830524997, 36.224769234344997 ], [ -115.231898866541997, 36.224765659053297 ], [ -115.231900325454006, 36.224659353169699 ], [ -115.231901071802994, 36.224604413028601 ], [ -115.231905584730995, 36.224271951251602 ], [ -115.231903623560001, 36.224239646139402 ], [ -115.231805553146998, 36.224231585391301 ], [ -115.231347559857994, 36.224194746441498 ], [ -115.231343514486994, 36.224500286385798 ], [ -115.231342095447005, 36.224607456713201 ], [ -115.2313417501, 36.224645553914499 ], [ -115.231340917183999, 36.224723201670699 ], [ -115.229963723450993, 36.224609540873701 ], [ -115.229850249137002, 36.224599922478198 ], [ -115.229801425690994, 36.2264293539302 ], [ -115.229779483512004, 36.227362381822701 ], [ -115.229675433490002, 36.227346689405699 ], [ -115.229244304827006, 36.227310949244199 ], [ -115.229176240826007, 36.227305186880898 ], [ -115.228817192275997, 36.227275219429103 ], [ -115.228703735915005, 36.227265978533701 ], [ -115.228394074655995, 36.227239508953502 ], [ -115.228249925564995, 36.227227950405798 ], [ -115.227964293186005, 36.227203768178398 ], [ -115.227766737701003, 36.2271876070904 ], [ -115.227666635142, 36.227179522486203 ], [ -115.227563852914997, 36.227171420818003 ], [ -115.227116717951006, 36.227133417254898 ], [ -115.226653555252, 36.227095337207302 ], [ -115.226210394885996, 36.227061686297901 ], [ -115.225788582524999, 36.227030314700102 ], [ -115.225720507912996, 36.227024550340403 ], [ -115.225620475447997, 36.227016067669503 ], [ -115.225610814717996, 36.227282216019098 ], [ -115.225610699981999, 36.2272822508261 ], [ -115.225509925338002, 36.227279849513302 ], [ -115.225500226007, 36.227279676301897 ], [ -115.225441817516995, 36.227278645394499 ], [ -115.224673929738003, 36.227261069385001 ], [ -115.224378797859998, 36.227254064658098 ], [ -115.224303487889998, 36.227299214773801 ], [ -115.224773789961006, 36.2278232113024 ], [ -115.224891178508003, 36.227949567966903 ], [ -115.224894532104003, 36.227950856034198 ], [ -115.224892449465003, 36.2279509020699 ], [ -115.224843840011005, 36.228035594332397 ], [ -115.224775533761004, 36.228095018630697 ], [ -115.224186091448004, 36.228612571700197 ], [ -115.223781958854005, 36.228163265626399 ], [ -115.223617116298001, 36.227979845525397 ], [ -115.223544003380994, 36.227898456044301 ], [ -115.223383152842999, 36.227720463436597 ], [ -115.223187745662997, 36.227502323442899 ], [ -115.222987014965, 36.227278749473001 ], [ -115.223740834176994, 36.226831446694497 ], [ -115.223833231930996, 36.226775258866098 ], [ -115.223364048405003, 36.226235897750001 ], [ -115.223416277588001, 36.226201310345303 ], [ -115.223500465984003, 36.224308916258998 ], [ -115.225720408732002, 36.224251066425403 ], [ -115.225725639711996, 36.223319431030802 ], [ -115.226413844651006, 36.223376356003897 ], [ -115.226749043091004, 36.223404961717598 ], [ -115.226749346836002, 36.222943494758802 ], [ -115.226754992241993, 36.222486378863799 ], [ -115.225730830847994, 36.222396500884997 ], [ -115.225731769530995, 36.222136518971602 ], [ -115.225741132338996, 36.221049684345502 ], [ -115.226327106024996, 36.221106845915799 ], [ -115.226321962398998, 36.220674627273397 ], [ -115.226320914043001, 36.220594462918399 ], [ -115.225908345052005, 36.220560902213997 ], [ -115.225745469895998, 36.220546346544097 ], [ -115.225747211411999, 36.220061062703898 ], [ -115.225750636071993, 36.219606752025904 ], [ -115.226783069500996, 36.219689380154101 ], [ -115.226784652750993, 36.219465496515497 ], [ -115.226785897854, 36.219289163691798 ], [ -115.226786224869002, 36.219241611934102 ], [ -115.2257540457, 36.219155730960999 ], [ -115.225755721379997, 36.218934172917002 ], [ -115.225918123287002, 36.218946888532003 ], [ -115.226783405110993, 36.219012460664402 ], [ -115.226787674416997, 36.219012869950603 ], [ -115.226788265758998, 36.218928392401999 ], [ -115.226788685900004, 36.218868405880102 ], [ -115.226789202980001, 36.218794900360599 ], [ -115.226789312712, 36.218779297629197 ], [ -115.226865824251007, 36.218785648004101 ], [ -115.226953720140997, 36.218792943434501 ], [ -115.226990573866999, 36.218796002190402 ], [ -115.227073766640999, 36.218802900481201 ], [ -115.227084957529001, 36.218803826971303 ], [ -115.227244676303997, 36.218817092496799 ], [ -115.227339084446996, 36.218824926163101 ], [ -115.227570428703999, 36.218844054471298 ], [ -115.227572402259995, 36.218844218063602 ], [ -115.227711080559999, 36.218855684536301 ], [ -115.227715524679994, 36.218856051948499 ], [ -115.227812411309998, 36.218864080074397 ], [ -115.227836655486001, 36.218866088963203 ], [ -115.227923436384003, 36.2188732866355 ], [ -115.227937669346005, 36.218874466329403 ], [ -115.228325309461994, 36.218906610367497 ], [ -115.228363847790007, 36.218909804384801 ], [ -115.228381358540005, 36.218911256023098 ], [ -115.228381369139001, 36.218907678851302 ], [ -115.228381471373993, 36.218828419184099 ], [ -115.228381476411002, 36.218824841995797 ], [ -115.228382493389006, 36.218046472046701 ], [ -115.228382873729004, 36.217756190617401 ], [ -115.228383601157006, 36.217196030930602 ], [ -115.228383617315998, 36.217192453774402 ], [ -115.228384012909004, 36.217140828383798 ], [ -115.228384646836005, 36.217058109331902 ], [ -115.229901064236998, 36.217184046773397 ], [ -115.229886375147004, 36.219032751697902 ], [ -115.229991865133002, 36.219042643896302 ], [ -115.230842867205993, 36.219111274685503 ], [ -115.230842472139997, 36.219114295533103 ], [ -115.230917941794999, 36.219120473511502 ], [ -115.230914533949999, 36.219516951699802 ], [ -115.230914013797005, 36.219577369659198 ], [ -115.230910621448999, 36.219972115591702 ], [ -115.230909992906007, 36.2200452891231 ], [ -115.230944787368003, 36.220048108066102 ], [ -115.231231516822007, 36.220071337317101 ], [ -115.231372098479, 36.220082616783401 ], [ -115.231840095764994, 36.220120570136501 ], [ -115.231941773057997, 36.220128796461502 ], [ -115.231942291215006, 36.220071385184298 ], [ -115.231942493695996, 36.220048992434897 ], [ -115.231942769382002, 36.220018438758501 ], [ -115.231942802069, 36.220014860750297 ], [ -115.231942828799006, 36.220011868560299 ], [ -115.232044394024001, 36.220019506830504 ], [ -115.232974672373004, 36.220094279329103 ], [ -115.232977820941002, 36.219761358105103 ], [ -115.232978764467006, 36.2196615146282 ], [ -115.232048382569999, 36.219585919892602 ], [ -115.231946752530007, 36.219577230537098 ] ] ] } },
{ "type": "Feature", "properties": { "FID": 6, "LIVE_CLV_L": 801652.77427490999, "PERIMETER": 3869.4628651399998, "CNTY_IS": 57, "SYMBOL": 0, "ACRES": 18.40341539, "SQ_MILES": 0.02875534, "SHAPE_AREA": 801652.77427599998, "SHAPE_LEN": 3869.4628651500002, "Shape__Area": 114667.875, "Shape__Length": 1464.4128281498784 }, "geometry": { "type": "Polygon", "coordinates": [ [ [ -115.222508404484003, 36.2134153130581 ], [ -115.223002306759994, 36.213411726955499 ], [ -115.223050882896999, 36.213740301967299 ], [ -115.223100770437995, 36.214076461609103 ], [ -115.223129655855999, 36.214272731544902 ], [ -115.223150663351007, 36.214411539685003 ], [ -115.223195310297001, 36.214711919540399 ], [ -115.223200562841996, 36.214747699285802 ], [ -115.223251767589005, 36.2150903691604 ], [ -115.223251942567003, 36.215091504406097 ], [ -115.223260970487999, 36.215150007917899 ], [ -115.223450878052006, 36.216365686748503 ], [ -115.222834779463994, 36.216371195869399 ], [ -115.222887246981003, 36.2167463889066 ], [ -115.222896581393002, 36.2168040091912 ], [ -115.222909766447998, 36.216885389955301 ], [ -115.222909831197995, 36.216885822767502 ], [ -115.221290139302994, 36.2169111085894 ], [ -115.221289838093, 36.216908890514901 ], [ -115.221278479236005, 36.2168274159608 ], [ -115.221079095978993, 36.215529174416297 ], [ -115.221023670158999, 36.215168274988798 ], [ -115.221007906596, 36.215065264339003 ], [ -115.221001349269002, 36.2150208020674 ], [ -115.220973789705994, 36.214829952399903 ], [ -115.220961938168998, 36.214763798161798 ], [ -115.220946231423994, 36.214641264909801 ], [ -115.220917337477005, 36.214450411177303 ], [ -115.220887124038001, 36.214256298891101 ], [ -115.220864835300006, 36.214094729903699 ], [ -115.220860910761999, 36.214065453252303 ], [ -115.220834677653997, 36.213878933716003 ], [ -115.220814961206997, 36.213755315753197 ], [ -115.220765070873, 36.213426744890498 ], [ -115.221321701053995, 36.213423256610703 ], [ -115.221873009896996, 36.213420849238602 ], [ -115.222440322037997, 36.213416297462103 ], [ -115.222508404484003, 36.2134153130581 ] ] ] } },
{ "type": "Feature", "properties": { "FID": 7, "LIVE_CLV_L": 3253410.5198500999, "PERIMETER": 9698.0052634700005, "CNTY_IS": 57, "SYMBOL": 0, "ACRES": 74.68802846, "SQ_MILES": 0.11670004, "SHAPE_AREA": 3253410.5198499998, "SHAPE_LEN": 9698.0052634799995, "Shape__Area": 465284.41015625, "Shape__Length": 3664.3506667635311 }, "geometry": { "type": "Polygon", "coordinates": [ [ [ -115.219327781337995, 36.2099443547758 ], [ -115.218940247830005, 36.2099427428277 ], [ -115.218755487326007, 36.209939773692497 ], [ -115.218554049312999, 36.209938411807698 ], [ -115.218164510399006, 36.2099373320072 ], [ -115.217747631425993, 36.209934581160098 ], [ -115.217372093053001, 36.209934064294103 ], [ -115.216987227792004, 36.209932436155299 ], [ -115.216608820920996, 36.209931502534403 ], [ -115.216226255283999, 36.209930663114598 ], [ -115.215910992565995, 36.209928190492597 ], [ -115.215778156382001, 36.209928323370399 ], [ -115.215529153896995, 36.208177030399298 ], [ -115.215264246355005, 36.2064215686325 ], [ -115.215363095038995, 36.206422891044298 ], [ -115.215718904149995, 36.206427301209303 ], [ -115.216080066518998, 36.206430618160198 ], [ -115.216438103643, 36.206434230878401 ], [ -115.216800099631996, 36.206437899714203 ], [ -115.217163412941005, 36.2064426440174 ], [ -115.217492001604001, 36.206446271635599 ], [ -115.217521394383994, 36.206446298388897 ], [ -115.217860133252003, 36.206449687436901 ], [ -115.218010275872004, 36.206451189523598 ], [ -115.218489809752, 36.206454977634202 ], [ -115.218855797314006, 36.2064586434077 ], [ -115.219228475877998, 36.206463391937099 ], [ -115.219605151940996, 36.206467060897303 ], [ -115.219734722511006, 36.206467211259799 ], [ -115.219964477065005, 36.206468548955698 ], [ -115.220052629197994, 36.206469735876396 ], [ -115.220044871976, 36.206978498941801 ], [ -115.220043761661998, 36.207051261901803 ], [ -115.220480619213006, 36.207055897601698 ], [ -115.220534687479002, 36.207056471600602 ], [ -115.220535959136001, 36.206983350411697 ], [ -115.220546160704004, 36.206540900625697 ], [ -115.220547680560998, 36.206474959837898 ], [ -115.220724994760999, 36.206477552124198 ], [ -115.220908974302006, 36.206479073774297 ], [ -115.220964979266995, 36.2064792073053 ], [ -115.221191614766994, 36.206481921184398 ], [ -115.221270279210998, 36.206483186653898 ], [ -115.221427590763994, 36.206484653866497 ], [ -115.221652906822001, 36.206486272324398 ], [ -115.221884891567996, 36.206488992043198 ], [ -115.221958206843993, 36.206490249918502 ], [ -115.22211152106, 36.206492785707198 ], [ -115.222329761004005, 36.206495336898499 ], [ -115.222572814372995, 36.206497133305596 ], [ -115.222812805082, 36.206497703255401 ], [ -115.223044777688003, 36.206500420689501 ], [ -115.223091441087007, 36.206500534116302 ], [ -115.223522067968005, 36.206503722227403 ], [ -115.223659395377993, 36.206505126424702 ], [ -115.224036697456995, 36.206508188469698 ], [ -115.224106125755, 36.206508279712303 ], [ -115.224206812383997, 36.2065090145 ], [ -115.225349494164007, 36.2065474799141 ], [ -115.225355852956, 36.206628605797 ], [ -115.225393065115995, 36.207009367749698 ], [ -115.224907049945998, 36.206994475005601 ], [ -115.224446444375999, 36.206982531593198 ], [ -115.224279168747003, 36.206978298539802 ], [ -115.224339914311997, 36.207377211209099 ], [ -115.224355600596994, 36.207480735061601 ], [ -115.224181486418004, 36.207480924703802 ], [ -115.223673503331995, 36.207480814233698 ], [ -115.22307751932, 36.207480481809299 ], [ -115.223076678466001, 36.207661521758197 ], [ -115.223071719185, 36.208151501554099 ], [ -115.223071390071993, 36.208220881652103 ], [ -115.223979343262997, 36.2082262791508 ], [ -115.224302047750001, 36.208229167418601 ], [ -115.224468200540997, 36.208224393219702 ], [ -115.224597668852994, 36.209085836885698 ], [ -115.224727981609007, 36.209952933895103 ], [ -115.224627134943006, 36.209952181029301 ], [ -115.224597009085002, 36.209951658112402 ], [ -115.224169058732997, 36.209950014041802 ], [ -115.223775514056996, 36.209949328036402 ], [ -115.223384636464004, 36.209949342749503 ], [ -115.222999093596997, 36.209949904007502 ], [ -115.222608876036006, 36.209948836629799 ], [ -115.222221336266003, 36.209948316831799 ], [ -115.221839805738995, 36.209947255132398 ], [ -115.221464930889994, 36.209947284873003 ], [ -115.221082057204001, 36.209947848025799 ], [ -115.220703182240996, 36.209947331513 ], [ -115.220353669369999, 36.209946308009698 ], [ -115.220274851892, 36.209947089188702 ], [ -115.220257608273002, 36.209947260395701 ], [ -115.220148220054, 36.209946567971002 ], [ -115.219715324562998, 36.209946515283498 ], [ -115.219327781337995, 36.2099443547758 ] ] ] } },
{ "type": "Feature", "properties": { "FID": 8, "LIVE_CLV_L": 2321139.2305403901, "PERIMETER": 13162.279963270001, "CNTY_IS": 57, "SYMBOL": 0, "ACRES": 53.28602458, "SQ_MILES": 0.08325941, "SHAPE_AREA": 2321139.2305399999, "SHAPE_LEN": 13162.2799633, "Shape__Area": 331980.09765625, "Shape__Length": 4976.3607739977306 }, "geometry": { "type": "Polygon", "coordinates": [ [ [ -115.228818283294004, 36.212758042544202 ], [ -115.228310774510007, 36.212726615336599 ], [ -115.228343124532998, 36.212988671169299 ], [ -115.228359936371007, 36.213125112742702 ], [ -115.228899512105997, 36.213156616696899 ], [ -115.228957438880997, 36.213636814384401 ], [ -115.228420812818996, 36.213601597119798 ], [ -115.227380403599, 36.213536507566801 ], [ -115.226701010886003, 36.213492221738399 ], [ -115.226314635566993, 36.213467034185904 ], [ -115.226300277742993, 36.213383639473697 ], [ -115.226245694073, 36.213003530260799 ], [ -115.226184530075997, 36.212600660999499 ], [ -115.225937967262993, 36.212585991026103 ], [ -115.225877787697002, 36.212155382920599 ], [ -115.22594373455, 36.212159330132501 ], [ -115.226548187502004, 36.212195498869598 ], [ -115.226483125569999, 36.211766642998803 ], [ -115.226063751308999, 36.211742976763297 ], [ -115.225681767083003, 36.211724810500101 ], [ -115.225608316991995, 36.211720318871599 ], [ -115.225154220142002, 36.211694409605002 ], [ -115.225099527536997, 36.211692483886203 ], [ -115.225069264455996, 36.211691419002499 ], [ -115.224993125824994, 36.211688738645897 ], [ -115.224990203180994, 36.211690410794503 ], [ -115.224989932157001, 36.211688627237798 ], [ -115.224961248295998, 36.211513186095999 ], [ -115.224922701561994, 36.2112553666338 ], [ -115.225005944303007, 36.211258296330797 ], [ -115.225089185935005, 36.211261226867798 ], [ -115.225401362417998, 36.211276182265003 ], [ -115.22540158644, 36.211279008469198 ], [ -115.225631907378002, 36.211287313876099 ], [ -115.225859130532001, 36.211298404477198 ], [ -115.226004070114001, 36.2113054753043 ], [ -115.225943035268003, 36.210872304932799 ], [ -115.225546759712003, 36.210853117671697 ], [ -115.225474236861004, 36.210849606630802 ], [ -115.225402122182004, 36.210845118870402 ], [ -115.225052784224005, 36.210827513307301 ], [ -115.225020147419997, 36.210825868988401 ], [ -115.224857634878006, 36.210820149441602 ], [ -115.224727981609007, 36.209952933895103 ], [ -115.225824349256996, 36.210005793858301 ], [ -115.225800781380997, 36.2099229582658 ], [ -115.225798223005, 36.209893712871597 ], [ -115.225691766934005, 36.209136194671103 ], [ -115.225586694010005, 36.208356220341699 ], [ -115.22557099686, 36.2082739940466 ], [ -115.225097110190006, 36.2082538026919 ], [ -115.225085891253997, 36.208170300896903 ], [ -115.225033311863001, 36.207772170177002 ], [ -115.225504764082999, 36.207801250205698 ], [ -115.225447540410002, 36.207413957252697 ], [ -115.225954918243005, 36.207432138209597 ], [ -115.226466295072996, 36.207451392459397 ], [ -115.226569105997996, 36.207454817433501 ], [ -115.226680538056002, 36.208318070911098 ], [ -115.227782021042998, 36.208361383509498 ], [ -115.227774346518004, 36.208277973606201 ], [ -115.227737171330006, 36.207893742596298 ], [ -115.227697330867002, 36.207498913503798 ], [ -115.228203375364998, 36.207517071955799 ], [ -115.228823026737004, 36.207541828788997 ], [ -115.228866600220002, 36.207938741536204 ], [ -115.228918068672002, 36.208407780610301 ], [ -115.2290159012, 36.209293866241801 ], [ -115.228914433911001, 36.209290339188897 ], [ -115.228444539147006, 36.209268496501899 ], [ -115.227899874849996, 36.209244275859298 ], [ -115.227399277093994, 36.209216921144801 ], [ -115.226896006963997, 36.209192810024597 ], [ -115.226793221348004, 36.209188204715602 ], [ -115.226911848699999, 36.210059942262099 ], [ -115.227992018028999, 36.210109732844998 ], [ -115.227995105510999, 36.210184485747597 ], [ -115.227997590330006, 36.210210504269497 ], [ -115.228022312114007, 36.210402476999498 ], [ -115.228044500438997, 36.210574782424402 ], [ -115.228094675411995, 36.210982070630799 ], [ -115.229079005200006, 36.2110307827882 ], [ -115.229185864062998, 36.211035353128601 ], [ -115.229299384784994, 36.211039934068303 ], [ -115.229621271550002, 36.211056874692503 ], [ -115.229789546660001, 36.211065907111703 ], [ -115.230262346684995, 36.211089672852303 ], [ -115.230728478890001, 36.211112344548603 ], [ -115.231268061272004, 36.211139502629997 ], [ -115.231369561267996, 36.211146218344901 ], [ -115.231455552811994, 36.212030887863399 ], [ -115.230395097379002, 36.211973363455201 ], [ -115.230404104922002, 36.212057822570898 ], [ -115.230445243884006, 36.212461721277101 ], [ -115.230483728585, 36.212862367485002 ], [ -115.230966557220995, 36.212891829126399 ], [ -115.231452055470996, 36.212921296670103 ], [ -115.231558751430001, 36.212928081583499 ], [ -115.231638007807007, 36.2138100631119 ], [ -115.230573660746003, 36.213742209072798 ], [ -115.229495944519996, 36.213672151968296 ], [ -115.229395251100996, 36.212793945145897 ], [ -115.229287064922005, 36.212787216985802 ], [ -115.228853007002002, 36.212760281451999 ], [ -115.228818283294004, 36.212758042544202 ] ] ] } },
{ "type": "Feature", "properties": { "FID": 9, "LIVE_CLV_L": 33171.669457099997, "PERIMETER": 731.11866979000001, "CNTY_IS": 57, "SYMBOL": 0, "ACRES": 0.76151675, "SQ_MILES": 0.00118987, "SHAPE_AREA": 33171.669456199998, "SHAPE_LEN": 731.11866977499994, "Shape__Area": 4744.83203125, "Shape__Length": 276.54460951194721 }, "geometry": { "type": "Polygon", "coordinates": [ [ [ -115.233850185590001, 36.2150301830073 ], [ -115.233811166104005, 36.214495632273902 ], [ -115.234141146884994, 36.214517147623397 ], [ -115.234320693746, 36.2145288536544 ], [ -115.23444080086, 36.214536684555398 ], [ -115.234391700939995, 36.215056656738398 ], [ -115.234114042797003, 36.215043082789698 ], [ -115.233850185590001, 36.2150301830073 ] ] ] } },
{ "type": "Feature", "properties": { "FID": 10, "LIVE_CLV_L": 49154.747051489998, "PERIMETER": 949.83107445999997, "CNTY_IS": 57, "SYMBOL": 0, "ACRES": 1.12843772, "SQ_MILES": 0.00176318, "SHAPE_AREA": 49154.747052699997, "SHAPE_LEN": 949.83107446199995, "Shape__Area": 7030.69921875, "Shape__Length": 359.47172720919605 }, "geometry": { "type": "Polygon", "coordinates": [ [ [ -115.225237147569999, 36.2133217351792 ], [ -115.225118756157997, 36.212535503151301 ], [ -115.225279021229994, 36.212545608497997 ], [ -115.225369564429002, 36.212551274462399 ], [ -115.225655647357001, 36.212569176773101 ], [ -115.225771383546004, 36.213351065158101 ], [ -115.225784060200994, 36.213432273796499 ], [ -115.225558926225006, 36.213417530964797 ], [ -115.225510627648006, 36.213414368153202 ], [ -115.225248858423001, 36.213397541375898 ], [ -115.225237147569999, 36.2133217351792 ] ] ] } },
{ "type": "Feature", "properties": { "FID": 11, "LIVE_CLV_L": 10646358.979723901, "PERIMETER": 21955.122075899999, "CNTY_IS": 57, "SYMBOL": 0, "ACRES": 244.4067718, "SQ_MILES": 0.38188558, "SHAPE_AREA": 10646358.979699999, "SHAPE_LEN": 21955.122075899999, "Shape__Area": 1522204.85546875, "Shape__Length": 8305.9476109177267 }, "geometry": { "type": "Polygon", "coordinates": [ [ [ -115.212995862794003, 36.205423901286501 ], [ -115.212949737483996, 36.205420423788702 ], [ -115.212810756856996, 36.205418195537597 ], [ -115.211421640560005, 36.205395911702503 ], [ -115.211421584959993, 36.205395910628397 ], [ -115.211320224580007, 36.205394534797101 ], [ -115.211318335768993, 36.205489810310603 ], [ -115.211217001532006, 36.205487350224303 ], [ -115.210726893816002, 36.205477416381498 ], [ -115.210204814049007, 36.205467398884998 ], [ -115.210197675209002, 36.205846783383798 ], [ -115.210189896543, 36.206260198464001 ], [ -115.210186015001, 36.2064664278846 ], [ -115.209034959034994, 36.206443915549002 ], [ -115.208546180214995, 36.2064339769179 ], [ -115.207772676518999, 36.206420060766 ], [ -115.207784767814999, 36.205809602015698 ], [ -115.207009594699002, 36.205802146950397 ], [ -115.207027552921005, 36.205275228957298 ], [ -115.207008653030002, 36.205192754933002 ], [ -115.207024183399994, 36.2047013850339 ], [ -115.207374485659003, 36.204704477778897 ], [ -115.207390188264, 36.204188214771101 ], [ -115.207389277870007, 36.204129763428497 ], [ -115.207246783328003, 36.204126143221501 ], [ -115.207248263164999, 36.2040771629053 ], [ -115.207266024583006, 36.2034886591318 ], [ -115.207268143674, 36.203380429281701 ], [ -115.206895363458997, 36.203374597734403 ], [ -115.206768709331001, 36.203372613047797 ], [ -115.206751338681002, 36.204029670793702 ], [ -115.206749016174001, 36.204117529986497 ], [ -115.206505568734997, 36.2041135100947 ], [ -115.206508184149996, 36.204036521354503 ], [ -115.206522159778999, 36.203575456833498 ], [ -115.206527654442993, 36.203368735927498 ], [ -115.206532994933994, 36.203182573796497 ], [ -115.206541624620002, 36.202908752879999 ], [ -115.206542620714998, 36.202770525552801 ], [ -115.206768751040997, 36.202774193451098 ], [ -115.206771497592001, 36.2026929780613 ], [ -115.206771740405998, 36.202637639770998 ], [ -115.206787393455997, 36.202146369223499 ], [ -115.206412681952997, 36.202138682472302 ], [ -115.206426620890994, 36.201560034810299 ], [ -115.205823830762, 36.201550708457901 ], [ -115.205836947167001, 36.201114138126201 ], [ -115.206007518736001, 36.201116956241002 ], [ -115.206040840609006, 36.2011181248048 ], [ -115.206674036566, 36.201128465059703 ], [ -115.206678985891998, 36.200951882309496 ], [ -115.206682574835995, 36.200780712012502 ], [ -115.206691175320998, 36.200419952654897 ], [ -115.206692954578998, 36.200338698139603 ], [ -115.207040335524994, 36.200344008799703 ], [ -115.207057488516, 36.199734024186199 ], [ -115.206706906666, 36.199726603509703 ], [ -115.206711851733004, 36.199551102248599 ], [ -115.206720368126, 36.199205511227397 ], [ -115.206722136151996, 36.199124265672602 ], [ -115.206607672681002, 36.199122823911701 ], [ -115.206610607429994, 36.199039464003 ], [ -115.206614196402001, 36.198868292752501 ], [ -115.206619108647004, 36.198697117550097 ], [ -115.206622687167993, 36.198528119262299 ], [ -115.206626270898994, 36.198358029525998 ], [ -115.206634730407004, 36.198024354195397 ], [ -115.206649546037994, 36.197937632903297 ], [ -115.206756099589995, 36.197939491364998 ], [ -115.206746250923004, 36.197862138860501 ], [ -115.206752596453995, 36.197672554813003 ], [ -115.206754793616, 36.197513294170598 ], [ -115.20675973134, 36.197336711273003 ], [ -115.206763037475, 36.197217544317603 ], [ -115.206763340633003, 36.197161205736499 ], [ -115.206773243382003, 36.196806957552603 ], [ -115.206773659922007, 36.1967246171534 ], [ -115.206765313226995, 36.196298812315099 ], [ -115.206770267172999, 36.196121137971602 ], [ -115.207123510854004, 36.196126403696603 ], [ -115.207475405085006, 36.196132745687997 ], [ -115.207488750745995, 36.195634410165098 ], [ -115.207488891306994, 36.195607326883803 ], [ -115.207492035505993, 36.195496198856702 ], [ -115.207799378388998, 36.195500795697399 ], [ -115.207799337275006, 36.195500324194498 ], [ -115.207800014387999, 36.195500803100501 ], [ -115.20821445256, 36.195507004741899 ], [ -115.208216028338995, 36.195426318208199 ], [ -115.208216137346, 36.195421415539499 ], [ -115.208217989272995, 36.195338316219001 ], [ -115.208227499686004, 36.194911492086199 ], [ -115.208228164868004, 36.194881602028303 ], [ -115.208232162360005, 36.1947160712444 ], [ -115.208234954364002, 36.194600456360398 ], [ -115.208255709533006, 36.193675869333099 ], [ -115.208276234335997, 36.192762159995503 ], [ -115.208286463739995, 36.1923145118379 ], [ -115.208185148121004, 36.1923142934941 ], [ -115.207404035642995, 36.192307120142999 ], [ -115.207414507224001, 36.192077350440499 ], [ -115.207420965625005, 36.191849732120502 ], [ -115.208195434836, 36.191854721435497 ], [ -115.208296738700994, 36.191854948745103 ], [ -115.208305389070006, 36.191453910250999 ], [ -115.208315903056999, 36.190948823714599 ], [ -115.208324381828007, 36.190581393701898 ], [ -115.208337781059996, 36.190030782984302 ], [ -115.208349715889, 36.1895050972958 ], [ -115.208359648908996, 36.189117077279199 ], [ -115.208460950404998, 36.189117295419898 ], [ -115.209062110705005, 36.189119726313798 ], [ -115.209430465289003, 36.189120598050799 ], [ -115.209882165878, 36.189123819695297 ], [ -115.209912752311993, 36.189123987217101 ], [ -115.209913237443004, 36.189066297178897 ], [ -115.210601749421002, 36.1890701374396 ], [ -115.210600326477007, 36.189126400524103 ], [ -115.210577151248998, 36.190042274744897 ], [ -115.210678453916003, 36.190042500028703 ], [ -115.211222299983007, 36.190045868263603 ], [ -115.211772821501995, 36.190046001093101 ], [ -115.21233267753, 36.190047241869202 ], [ -115.212820534318993, 36.190049428869401 ], [ -115.212818834434998, 36.1901199675454 ], [ -115.212813916377002, 36.190300111098601 ], [ -115.212810342712004, 36.190478096613901 ], [ -115.212808782650995, 36.190523669997297 ], [ -115.212319678973998, 36.190518838298402 ], [ -115.212305342497004, 36.190976794032302 ], [ -115.212013476292995, 36.190973680852998 ], [ -115.212005830799001, 36.191427313051797 ], [ -115.212295045535001, 36.191427164380698 ], [ -115.212788179143999, 36.1914276734678 ], [ -115.212786602790004, 36.191474337353299 ], [ -115.212784878199997, 36.191552464792103 ], [ -115.212779959898, 36.191732618213798 ], [ -115.212776535277001, 36.191881293316101 ], [ -115.212284743328993, 36.191878616225097 ], [ -115.211830272346006, 36.1918749804138 ], [ -115.211133231378, 36.191870552822301 ], [ -115.211134216337001, 36.191813261825899 ], [ -115.211135549713006, 36.191735681186202 ], [ -115.211140088530001, 36.191471806796798 ], [ -115.211140825458997, 36.191428862650604 ], [ -115.210643621469998, 36.191428775735602 ], [ -115.210542311891004, 36.191429631943201 ], [ -115.210530818614004, 36.191867515496099 ], [ -115.210519089567995, 36.192336339539501 ], [ -115.210508792428001, 36.1927845374965 ], [ -115.210610106513997, 36.192780517811499 ], [ -115.211612333443, 36.192791367420597 ], [ -115.212663857909007, 36.1928056149602 ], [ -115.212750496688997, 36.192805892231902 ], [ -115.212738790962007, 36.193272535407701 ], [ -115.212733584269003, 36.193509116691402 ], [ -115.212727068812995, 36.193740269054501 ], [ -115.212710130334003, 36.194448919979997 ], [ -115.212705082891006, 36.194654028699802 ], [ -115.212694761978, 36.1951098244961 ], [ -115.212684795648997, 36.195495077481297 ], [ -115.212682914908001, 36.195573258459497 ], [ -115.214927634551998, 36.195606569106701 ], [ -115.214896659144003, 36.196854175549099 ], [ -115.214876232069003, 36.197962465080501 ], [ -115.214840268399996, 36.1992608432531 ], [ -115.214839669469995, 36.1992823416414 ], [ -115.214821913570006, 36.199919513082797 ], [ -115.214814632854996, 36.2004882945186 ], [ -115.214780939573004, 36.201707455903303 ], [ -115.214675194278996, 36.201710194617597 ], [ -115.213943100924993, 36.2016970769021 ], [ -115.213107009599995, 36.201681487997298 ], [ -115.213105264939003, 36.201763878337502 ], [ -115.213090833094, 36.202259263500601 ], [ -115.212704121436005, 36.202251568334702 ], [ -115.212689740534003, 36.2027426634303 ], [ -115.212694112503996, 36.202881493299401 ], [ -115.212693557763998, 36.202963779146302 ], [ -115.212691834715002, 36.203017897035998 ], [ -115.212702138687007, 36.203441146576601 ], [ -115.212686296822, 36.2041901593958 ], [ -115.213031843896005, 36.204196600678401 ], [ -115.213030261889998, 36.204242065737603 ], [ -115.213015773414995, 36.204704391286803 ], [ -115.212995926857005, 36.205421161571302 ], [ -115.212995862794003, 36.205423901286501 ] ] ] } },
{ "type": "Feature", "properties": { "FID": 12, "LIVE_CLV_L": 767430.13948837004, "PERIMETER": 5791.7467351900004, "CNTY_IS": 57, "SYMBOL": 0, "ACRES": 17.6177718, "SQ_MILES": 0.02752777, "SHAPE_AREA": 767430.13948799996, "SHAPE_LEN": 5791.7467351900004, "Shape__Area": 109710.859375, "Shape__Length": 2190.4580535630143 }, "geometry": { "type": "Polygon", "coordinates": [ [ [ -115.215698158942999, 36.194427643073503 ], [ -115.215704684515003, 36.194144901697001 ], [ -115.215095194732996, 36.1941463089154 ], [ -115.215063192995004, 36.1941461563841 ], [ -115.214970484529999, 36.194138129043303 ], [ -115.214975993425, 36.193923440010003 ], [ -115.214983803606998, 36.1934469732089 ], [ -115.214987653332003, 36.193212123513803 ], [ -115.214993878021005, 36.192894428301003 ], [ -115.214995522894995, 36.192818379870999 ], [ -115.215052911471005, 36.192819196367303 ], [ -115.215136417100993, 36.192820384291203 ], [ -115.215731077051998, 36.192835154500202 ], [ -115.215737334373003, 36.192611169075903 ], [ -115.215738915369002, 36.192554579270599 ], [ -115.215231040028996, 36.192546620278499 ], [ -115.215141541402005, 36.192545217506201 ], [ -115.215001723753005, 36.192543506621099 ], [ -115.215017423963999, 36.191914770413497 ], [ -115.215022505307999, 36.191570492585903 ], [ -115.215044690236994, 36.190779199810699 ], [ -115.215049356663997, 36.190582850205303 ], [ -115.215151104396995, 36.190583163204003 ], [ -115.215181780456007, 36.190583311630803 ], [ -115.215599101837, 36.1905928952702 ], [ -115.215602637543, 36.1904954046204 ], [ -115.216057264317996, 36.190509499552199 ], [ -115.216108044189994, 36.190509655345501 ], [ -115.216156019945004, 36.190509802515997 ], [ -115.216170040532006, 36.190509845521902 ], [ -115.216164051416996, 36.190756717419703 ], [ -115.216148377373003, 36.191401408631599 ], [ -115.216129281647994, 36.1914047659414 ], [ -115.216035955680994, 36.191401063725898 ], [ -115.215577289661994, 36.191391282481497 ], [ -115.215569921522999, 36.191618772347802 ], [ -115.216028615179994, 36.191625300053502 ], [ -115.216122124142998, 36.191625586949499 ], [ -115.216142927386002, 36.191625650766198 ], [ -115.216136082451001, 36.1919069393333 ], [ -115.216135332641997, 36.1919377449086 ], [ -115.216135479306999, 36.191938243771602 ], [ -115.216504645160995, 36.1919461236171 ], [ -115.216498088660003, 36.192293380250497 ], [ -115.216601422088999, 36.1922948595452 ], [ -115.217234799338996, 36.192303891520197 ], [ -115.217233877656, 36.192353319017499 ], [ -115.217229687423, 36.192577976015002 ], [ -115.217883037329003, 36.192591941625999 ], [ -115.217984678887007, 36.1925938931468 ], [ -115.217978184740005, 36.1928740661644 ], [ -115.217971741474997, 36.193150454809903 ], [ -115.217870086274004, 36.193148891690399 ], [ -115.217219309968996, 36.193142396544502 ], [ -115.217218539547005, 36.193229071178003 ], [ -115.217216276491001, 36.193350473327598 ], [ -115.217215975445001, 36.193366654153998 ], [ -115.217215600846004, 36.193408905448202 ], [ -115.217212024231998, 36.1936636628351 ], [ -115.217211575863999, 36.193697874401899 ], [ -115.217205599674003, 36.193940212783602 ], [ -115.217200556853001, 36.194211342086099 ], [ -115.217194538325998, 36.194441260553198 ], [ -115.216550417833005, 36.194428959775102 ], [ -115.216448564909001, 36.194426529600896 ], [ -115.216436201893998, 36.194981489265501 ], [ -115.215841604401007, 36.1949784034177 ], [ -115.215686627281997, 36.1949772695692 ], [ -115.215691649106006, 36.194709384955097 ], [ -115.215698158942999, 36.194427643073503 ] ] ] } },
{ "type": "Feature", "properties": { "FID": 13, "LIVE_CLV_L": 722213.76122750004, "PERIMETER": 6960.432084, "CNTY_IS": 57, "SYMBOL": 0, "ACRES": 16.57974658, "SQ_MILES": 0.02590585, "SHAPE_AREA": 722213.76122700004, "SHAPE_LEN": 6960.432084, "Shape__Area": 103229.0390625, "Shape__Length": 2630.2211561812233 }, "geometry": { "type": "Polygon", "coordinates": [ [ [ -115.217323774144006, 36.187398370321098 ], [ -115.216915323341993, 36.187401843529599 ], [ -115.216851448140005, 36.187402387051499 ], [ -115.216761098833004, 36.187403214494701 ], [ -115.216763265359006, 36.187730175832698 ], [ -115.216763706826001, 36.187796727542697 ], [ -115.216856352632007, 36.187795879189601 ], [ -115.217258788772995, 36.187797061885099 ], [ -115.217325987460001, 36.1877972619586 ], [ -115.217325886897996, 36.187818874587499 ], [ -115.217788893323998, 36.187813745985302 ], [ -115.217829470008994, 36.187813252502401 ], [ -115.217891127266, 36.187812502503498 ], [ -115.217891655721004, 36.187849526410403 ], [ -115.217892424203995, 36.1879033312687 ], [ -115.217896585953, 36.188194564314998 ], [ -115.217899312247994, 36.188301772075199 ], [ -115.217331172355998, 36.188286562044802 ], [ -115.216213583522006, 36.188253496362599 ], [ -115.216213014988995, 36.188144231232698 ], [ -115.216211885231999, 36.187802637944998 ], [ -115.216208132534007, 36.187451302660598 ], [ -115.216207053215001, 36.187098903019098 ], [ -115.216256618998997, 36.187098818882099 ], [ -115.216674026730004, 36.187098108063701 ], [ -115.216759070438002, 36.187097670920302 ], [ -115.216758738180999, 36.187047528426099 ], [ -115.216756920444993, 36.1867733675032 ], [ -115.216671491276998, 36.186773806169299 ], [ -115.216276582700004, 36.186777215037701 ], [ -115.216204504586997, 36.186777836711499 ], [ -115.216202125365001, 36.186415709023201 ], [ -115.216198367675005, 36.186065455190601 ], [ -115.216195878541001, 36.1857292653578 ], [ -115.216270241653007, 36.185728627259302 ], [ -115.216665527356, 36.185725233973002 ], [ -115.216749970104004, 36.185724841858303 ], [ -115.216749872622998, 36.185710210912902 ], [ -115.216747676246996, 36.185378926784402 ], [ -115.216663081551005, 36.185379319334402 ], [ -115.216238640745004, 36.185380033808499 ], [ -115.216196118281999, 36.185380105293298 ], [ -115.216196807347004, 36.185227690181698 ], [ -115.216193704817996, 36.185027702339902 ], [ -115.216191261123996, 36.184681778650599 ], [ -115.216190304305002, 36.1845985415356 ], [ -115.216303257446995, 36.184598706740601 ], [ -115.216921417877003, 36.1845996098887 ], [ -115.217016141539006, 36.184599881756299 ], [ -115.217480432984999, 36.184601247518003 ], [ -115.217709899350993, 36.184602994076101 ], [ -115.217950044904995, 36.1846037002542 ], [ -115.218188860240005, 36.184603320344301 ], [ -115.218423663139006, 36.184605090824597 ], [ -115.218667806151998, 36.184606880283901 ], [ -115.218907950631007, 36.184607584536998 ], [ -115.218954651518004, 36.184608799231299 ], [ -115.219048042146994, 36.184609074446499 ], [ -115.219308203720004, 36.184608748246298 ], [ -115.219510987511001, 36.184610401197901 ], [ -115.219511962723999, 36.184690420743998 ], [ -115.219515487498001, 36.184798523239998 ], [ -115.219140569304997, 36.1848028360304 ], [ -115.218946234507001, 36.1848825947081 ], [ -115.218776332008005, 36.184802853978901 ], [ -115.218402756835005, 36.184805005450798 ], [ -115.218401907656997, 36.184995257187701 ], [ -115.218966484008007, 36.184997031018703 ], [ -115.219517293180004, 36.184989863708097 ], [ -115.219517174334001, 36.185017966488502 ], [ -115.219524421594002, 36.185186619978097 ], [ -115.218971737039993, 36.185197521063898 ], [ -115.218407694123002, 36.185193090073 ], [ -115.218407074522005, 36.185331454302599 ], [ -115.218408174081006, 36.185384426496697 ], [ -115.218966408213007, 36.185373463792402 ], [ -115.218969790675999, 36.185572146452003 ], [ -115.218411271082005, 36.185584424181698 ], [ -115.218413435133996, 36.185697930284803 ], [ -115.218414409359994, 36.185777922780701 ], [ -115.218418496750004, 36.186056831445399 ], [ -115.218419676552003, 36.186092508115301 ], [ -115.218422888945994, 36.186267638626198 ], [ -115.218423889709001, 36.186339755720297 ], [ -115.218424913714998, 36.186413573619198 ], [ -115.218424612866002, 36.1864784295541 ], [ -115.218427866498999, 36.1866470708893 ], [ -115.218427307061006, 36.1867724657018 ], [ -115.217983017514001, 36.186773327723103 ], [ -115.217876271448006, 36.186773019911001 ], [ -115.217775813331002, 36.186771631631501 ], [ -115.217311905290998, 36.186773521811702 ], [ -115.217321175668999, 36.1870870378227 ], [ -115.217321019753001, 36.187120547315502 ], [ -115.217321984410006, 36.187204031367202 ], [ -115.217323904899004, 36.1873702684939 ], [ -115.217323774144006, 36.187398370321098 ] ] ] } },
{ "type": "Feature", "properties": { "FID": 14, "LIVE_CLV_L": 101489.58253367001, "PERIMETER": 1276.3901159100001, "CNTY_IS": 57, "SYMBOL": 0, "ACRES": 2.32988022, "SQ_MILES": 0.00364044, "SHAPE_AREA": 101489.58253499999, "SHAPE_LEN": 1276.39011592, "Shape__Area": 14507.265625, "Shape__Length": 482.62148101733351 }, "geometry": { "type": "Polygon", "coordinates": [ [ [ -115.211800480552, 36.188213202537803 ], [ -115.212153886815997, 36.188214271847698 ], [ -115.212150663214999, 36.1883224977514 ], [ -115.212140359200006, 36.188686630151501 ], [ -115.212127911894996, 36.189126523704999 ], [ -115.211786669779002, 36.189126853011203 ], [ -115.211446765882002, 36.1891261039545 ], [ -115.211094860016999, 36.189126416184898 ], [ -115.211106773316004, 36.188678412190001 ], [ -115.211116297977, 36.188320214264103 ], [ -115.211116313481, 36.188211203307603 ], [ -115.211464406659005, 36.188212177016197 ], [ -115.211800480552, 36.188213202537803 ] ] ] } },
{ "type": "Feature", "properties": { "FID": 15, "LIVE_CLV_L": 27405.912983949998, "PERIMETER": 742.6702119, "CNTY_IS": 57, "SYMBOL": 0, "ACRES": 0.62915319, "SQ_MILES": 0.00098305, "SHAPE_AREA": 27405.912984, "SHAPE_LEN": 742.67021190599996, "Shape__Area": 3917.90234375, "Shape__Length": 280.5264191759955 }, "geometry": { "type": "Polygon", "coordinates": [ [ [ -115.206048451702998, 36.193024058503099 ], [ -115.206056988773994, 36.192744099990698 ], [ -115.206242110147002, 36.192746747273603 ], [ -115.206732056064993, 36.192750780009199 ], [ -115.206967247961003, 36.192752715751098 ], [ -115.206963180331996, 36.193033445472999 ], [ -115.206423881031, 36.1930274142481 ], [ -115.206235381750005, 36.193025305488099 ], [ -115.206048451702998, 36.193024058503099 ] ] ] } },
{ "type": "Feature", "properties": { "FID": 16, "LIVE_CLV_L": 3776297.2660877998, "PERIMETER": 11673.074723719999, "CNTY_IS": 57, "SYMBOL": 0, "ACRES": 86.69185643, "SQ_MILES": 0.13545603, "SHAPE_AREA": 3776297.26609, "SHAPE_LEN": 11673.0747237, "Shape__Area": 539832.8046875, "Shape__Length": 4415.5695150880529 }, "geometry": { "type": "Polygon", "coordinates": [ [ [ -115.194665643582994, 36.195149249106301 ], [ -115.194668071078993, 36.194694078455299 ], [ -115.194199422013995, 36.194698567397701 ], [ -115.194097942273004, 36.194699454185397 ], [ -115.194098459998997, 36.194603838190503 ], [ -115.194098695554004, 36.194560739348198 ], [ -115.194100368860006, 36.194251863353401 ], [ -115.194101460281004, 36.1937999419617 ], [ -115.193999992862999, 36.193800819697003 ], [ -115.193532677990007, 36.193806400943103 ], [ -115.193531572162996, 36.194258325878103 ], [ -115.192964126171006, 36.194263710361199 ], [ -115.192964693454002, 36.194030702130398 ], [ -115.192965218753002, 36.193812870549202 ], [ -115.192879779007995, 36.193810527927198 ], [ -115.192400271400004, 36.193815064548701 ], [ -115.192408578951998, 36.193369619960102 ], [ -115.192412418947001, 36.193288309242497 ], [ -115.192414390379994, 36.193030384939398 ], [ -115.192414671970994, 36.192913334617302 ], [ -115.192416625519996, 36.1926858467546 ], [ -115.192417394328004, 36.192461824073902 ], [ -115.192419497380996, 36.192237806643398 ], [ -115.192420255369001, 36.192015956016299 ], [ -115.192422368772995, 36.191787612417201 ], [ -115.192424460663005, 36.191563594023599 ], [ -115.192427634251999, 36.191025732370903 ], [ -115.192426865537001, 36.190943261933398 ], [ -115.192346531553994, 36.190945577249501 ], [ -115.192311523189005, 36.190909040912899 ], [ -115.192228228429997, 36.190822110771897 ], [ -115.192208620676993, 36.190800812340697 ], [ -115.192083949612993, 36.190656909817598 ], [ -115.190884981771006, 36.191384094201098 ], [ -115.190859952243002, 36.191395413440098 ], [ -115.190831669031994, 36.191399214270099 ], [ -115.190803470191995, 36.191395020939297 ], [ -115.190766087601006, 36.191388508210302 ], [ -115.190750909665994, 36.191364132650399 ], [ -115.190409367257004, 36.190983983154197 ], [ -115.190010674975994, 36.190542095885398 ], [ -115.189831264115, 36.190341726558998 ], [ -115.189650525605998, 36.190142442251499 ], [ -115.189499032832998, 36.189973493034501 ], [ -115.189455185287997, 36.189921506628203 ], [ -115.189441917954994, 36.189899850064599 ], [ -115.189438017387005, 36.189872789550002 ], [ -115.189464374836007, 36.1897116888697 ], [ -115.189804012021995, 36.189706154403602 ], [ -115.190162127763003, 36.189700742758703 ], [ -115.190160558586001, 36.189632077412803 ], [ -115.190171789752995, 36.189080155008398 ], [ -115.189827492758994, 36.189086459329801 ], [ -115.189494076092004, 36.189091482576501 ], [ -115.189503640490997, 36.188640201666701 ], [ -115.189507033729996, 36.188484333981101 ], [ -115.190135065001002, 36.188470734124799 ], [ -115.191538496242003, 36.188442096218402 ], [ -115.191538465627005, 36.188521906175403 ], [ -115.191538336817999, 36.188549998936999 ], [ -115.191529893859993, 36.189057506133501 ], [ -115.191522281730997, 36.189333464941498 ], [ -115.191729064404996, 36.189331473778601 ], [ -115.191726007406999, 36.1890544255441 ], [ -115.191723817373997, 36.188915898356498 ], [ -115.191870560154001, 36.188913854719402 ], [ -115.192194741600005, 36.188909804118303 ], [ -115.192279458765, 36.1889088100856 ], [ -115.192283649581, 36.189070011223102 ], [ -115.19236891525, 36.189068532223402 ], [ -115.192400972841, 36.189067978980397 ], [ -115.192763847021993, 36.1890617909608 ], [ -115.192752390281996, 36.1885298028023 ], [ -115.192749977703997, 36.188417817857697 ], [ -115.193088473456996, 36.188412375780899 ], [ -115.193091243759, 36.188524292487102 ], [ -115.193102706279006, 36.189055577633503 ], [ -115.193441565490005, 36.189049363346598 ], [ -115.193430881355994, 36.188555505894499 ], [ -115.193430095276, 36.1885191687605 ], [ -115.193429454913996, 36.188491342073704 ], [ -115.193427511793999, 36.188406924599903 ], [ -115.197008534364002, 36.188349286388203 ], [ -115.197007561826993, 36.188459015229 ], [ -115.197004110715, 36.188745146328699 ], [ -115.197002327028997, 36.188995123070498 ], [ -115.197000435350006, 36.1890746647558 ], [ -115.196997225996, 36.1892549663241 ], [ -115.196996803656006, 36.189318316580803 ], [ -115.196994105713998, 36.189523523313902 ], [ -115.196993815088007, 36.189566847347102 ], [ -115.196992879183995, 36.189607988177698 ], [ -115.196993010772999, 36.189687590462 ], [ -115.196990821228994, 36.189816449718798 ], [ -115.196989619372999, 36.189923505470098 ], [ -115.196989161209999, 36.189964265693398 ], [ -115.196987824146007, 36.190064439663303 ], [ -115.196986662230998, 36.190239871835601 ], [ -115.196985516436001, 36.190312421908303 ], [ -115.196982817868999, 36.190515474524098 ], [ -115.196981860199998, 36.190558778371397 ], [ -115.196977944416005, 36.190876074443104 ], [ -115.196977516822002, 36.190911061101403 ], [ -115.196977206561996, 36.190958377771302 ], [ -115.196973269547001, 36.191241505889799 ], [ -115.196970815089998, 36.191503493641299 ], [ -115.196970262628, 36.1916815964547 ], [ -115.196967692941001, 36.191763326047102 ], [ -115.196964358859006, 36.191957651184801 ], [ -115.196964509173995, 36.192033432033803 ], [ -115.196962216087996, 36.192271609123097 ], [ -115.196959258582993, 36.1924096409642 ], [ -115.196959171931994, 36.1925200755947 ], [ -115.196955412297001, 36.192776111472803 ], [ -115.196954166685998, 36.192862171509503 ], [ -115.196952962994999, 36.193037018528202 ], [ -115.196950747770998, 36.193166535569702 ], [ -115.196943976303999, 36.193763996849299 ], [ -115.196942614354995, 36.193864675396199 ], [ -115.196941012807002, 36.194000540372897 ], [ -115.196937489937994, 36.194221930520698 ], [ -115.196935183316, 36.194462820356797 ], [ -115.196932413645001, 36.1946712163397 ], [ -115.196930761662998, 36.194717762553402 ], [ -115.196928400868998, 36.194965141470703 ], [ -115.196925983868994, 36.195122120074501 ], [ -115.196925291626002, 36.195222269000098 ], [ -115.196922336439997, 36.1954593532652 ], [ -115.196922809293994, 36.195485320907501 ], [ -115.196921287717004, 36.195568685161902 ], [ -115.194671297623003, 36.195589133077803 ], [ -115.194663459942007, 36.195480826862301 ], [ -115.194665643582994, 36.195149249106301 ] ] ] } },
{ "type": "Feature", "properties": { "FID": 17, "LIVE_CLV_L": 90454.639635789994, "PERIMETER": 1473.1726158399999, "CNTY_IS": 57, "SYMBOL": 0, "ACRES": 2.07655279, "SQ_MILES": 0.00324461, "SHAPE_AREA": 90454.639636499996, "SHAPE_LEN": 1473.1726158500001, "Shape__Area": 12930.2734375, "Shape__Length": 557.11250122294405 }, "geometry": { "type": "Polygon", "coordinates": [ [ [ -115.215611731294999, 36.190224585101198 ], [ -115.215159706955006, 36.190218085344597 ], [ -115.215056592107999, 36.190217768148401 ], [ -115.215067265464, 36.189833192735897 ], [ -115.215169823880004, 36.189833508210199 ], [ -115.215621808522002, 36.18984327047 ], [ -115.215628912176001, 36.1896461171333 ], [ -115.215629282536, 36.189604947354503 ], [ -115.215630849988997, 36.1895160534525 ], [ -115.215631975739001, 36.189452195121497 ], [ -115.215635268493003, 36.189382869011901 ], [ -115.215639010493007, 36.189262630419698 ], [ -115.215642609849994, 36.189158632629699 ], [ -115.215684662627993, 36.189159338619 ], [ -115.216094613058999, 36.1891662210435 ], [ -115.216202650059003, 36.189167684458099 ], [ -115.216195840679006, 36.189447895311503 ], [ -115.216190465387996, 36.189669066155503 ], [ -115.216179415281005, 36.190123625684002 ], [ -115.216176220039003, 36.1902555241371 ], [ -115.216175490382, 36.190285593429401 ], [ -115.216163271186005, 36.190287908315803 ], [ -115.216060601915004, 36.1902852499977 ], [ -115.215611308302002, 36.190272253012502 ], [ -115.215611731294999, 36.190224585101198 ] ] ] } },
{ "type": "Feature", "properties": { "FID": 18, "LIVE_CLV_L": 28986.64593862, "PERIMETER": 929.18024290999995, "CNTY_IS": 57, "SYMBOL": 0, "ACRES": 0.66544183, "SQ_MILES": 0.00103975, "SHAPE_AREA": 28986.645938400001, "SHAPE_LEN": 929.18024290999995, "Shape__Area": 4143.46484375, "Shape__Length": 351.3159852111857 }, "geometry": { "type": "Polygon", "coordinates": [ [ [ -115.215374572664999, 36.188876300143697 ], [ -115.215193084440997, 36.1888737043178 ], [ -115.215092906612, 36.188873396189997 ], [ -115.215097108804997, 36.188669513913297 ], [ -115.215350637624994, 36.188676926138598 ], [ -115.215453531063005, 36.188679934548702 ], [ -115.215459832098006, 36.188230097574099 ], [ -115.215718711275002, 36.188236944126999 ], [ -115.215717806916004, 36.188342428327601 ], [ -115.215713507738997, 36.188686600625999 ], [ -115.215872161492001, 36.188690611795799 ], [ -115.215869542657998, 36.188834692973302 ], [ -115.215869119836995, 36.188882360897402 ], [ -115.215869099524994, 36.188882662767199 ], [ -115.215867185278, 36.188882345945899 ], [ -115.215840501960997, 36.188882086477498 ], [ -115.215649103640004, 36.1888802252125 ], [ -115.215374572664999, 36.188876300143697 ] ] ] } },
{ "type": "Feature", "properties": { "FID": 19, "LIVE_CLV_L": 122927.86731343, "PERIMETER": 1869.6267811, "CNTY_IS": 57, "SYMBOL": 0, "ACRES": 2.82203552, "SQ_MILES": 0.00440943, "SHAPE_AREA": 122927.867313, "SHAPE_LEN": 1869.6267811, "Shape__Area": 17572.98046875, "Shape__Length": 706.95538462078935 }, "geometry": { "type": "Polygon", "coordinates": [ [ [ -115.187888566032996, 36.191766825992701 ], [ -115.187894500076993, 36.190586569361997 ], [ -115.187989059369997, 36.1906895114492 ], [ -115.188348163102006, 36.1910800951078 ], [ -115.188575544371005, 36.191327407123303 ], [ -115.189189366758995, 36.192007965872101 ], [ -115.189233710050999, 36.1920566282379 ], [ -115.188952934118007, 36.192062886760098 ], [ -115.188377672322005, 36.192067892121202 ], [ -115.187879536303001, 36.192072224819299 ], [ -115.187434142938002, 36.192074177448198 ], [ -115.187443714219, 36.1917653555548 ], [ -115.187888566032996, 36.191766825992701 ] ] ] } },
{ "type": "Feature", "properties": { "FID": 20, "LIVE_CLV_L": 12411.85915719, "PERIMETER": 470.004761, "CNTY_IS": 57, "SYMBOL": 0, "ACRES": 0.28493708, "SQ_MILES": 0.00044521, "SHAPE_AREA": 12411.8591569, "SHAPE_LEN": 470.00476099500003, "Shape__Area": 1774.3359375, "Shape__Length": 177.82970015730834 }, "geometry": { "type": "Polygon", "coordinates": [ [ [ -115.185702984855993, 36.191651851141302 ], [ -115.185888407985999, 36.191650001020498 ], [ -115.185890165949999, 36.1920766317565 ], [ -115.185848471808001, 36.192076659149201 ], [ -115.185617937615007, 36.1920768091124 ], [ -115.185617324716006, 36.191652705788997 ], [ -115.185702984855993, 36.191651851141302 ] ] ] } },
{ "type": "Feature", "properties": { "FID": 21, "LIVE_CLV_L": 46399.930244219999, "PERIMETER": 890.74382604000004, "CNTY_IS": 57, "SYMBOL": 0, "ACRES": 1.06519583, "SQ_MILES": 0.00166437, "SHAPE_AREA": 46399.9302455, "SHAPE_LEN": 890.743826055, "Shape__Area": 6632.67578125, "Shape__Length": 336.58544541391655 }, "geometry": { "type": "Polygon", "coordinates": [ [ [ -115.170552534848994, 36.189389740092302 ], [ -115.170787378946002, 36.1893905496838 ], [ -115.170786324732006, 36.189845931877201 ], [ -115.170591751257007, 36.189845305303798 ], [ -115.169837704600994, 36.189842875101 ], [ -115.169838491438, 36.189529710794297 ], [ -115.169838844441003, 36.189389169624299 ], [ -115.169941388322997, 36.189387631092302 ], [ -115.170552534848994, 36.189389740092302 ] ] ] } },
{ "type": "Feature", "properties": { "FID": 22, "LIVE_CLV_L": 20086.028990840001, "PERIMETER": 574.09065509000004, "CNTY_IS": 57, "SYMBOL": 0, "ACRES": 0.46111178, "SQ_MILES": 0.00072049, "SHAPE_AREA": 20086.028991899999, "SHAPE_LEN": 574.090655105, "Shape__Area": 2871.22265625, "Shape__Length": 217.12881607189109 }, "geometry": { "type": "Polygon", "coordinates": [ [ [ -115.170854100506006, 36.1893907796128 ], [ -115.171263770669, 36.189390027468903 ], [ -115.171262514462995, 36.189629813608697 ], [ -115.171261373663995, 36.189847568144302 ], [ -115.170851712461001, 36.189846157211797 ], [ -115.170852729344006, 36.189652248542302 ], [ -115.170854100506006, 36.1893907796128 ] ] ] } },
{ "type": "Feature", "properties": { "FID": 23, "LIVE_CLV_L": 9348750.2583027501, "PERIMETER": 23246.13862546, "CNTY_IS": 57, "SYMBOL": 0, "ACRES": 214.61777452000001, "SQ_MILES": 0.33534027, "SHAPE_AREA": 9348750.2583000008, "SHAPE_LEN": 23246.1386255, "Shape__Area": 1335071.91796875, "Shape__Length": 8784.139843070323 }, "geometry": { "type": "Polygon", "coordinates": [ [ [ -115.214628464897004, 36.150870765987399 ], [ -115.214626349769006, 36.1508328410698 ], [ -115.214618023390997, 36.149943336692601 ], [ -115.213723783660001, 36.149944997351596 ], [ -115.213534093153996, 36.149945849318101 ], [ -115.213538874967995, 36.150032518253298 ], [ -115.213546024438003, 36.150413554040199 ], [ -115.213069679057, 36.1504098479015 ], [ -115.212997300858007, 36.150409281606898 ], [ -115.212567124068997, 36.150406715770103 ], [ -115.212467277081004, 36.1504050753869 ], [ -115.212463781794, 36.149948392506303 ], [ -115.212453427734999, 36.149029523727798 ], [ -115.212449818281996, 36.148120310549402 ], [ -115.213518491719, 36.1481136380294 ], [ -115.213867893319005, 36.148110615573302 ], [ -115.213867892313999, 36.148110355996899 ], [ -115.213868248965994, 36.1481106076575 ], [ -115.213920472338998, 36.1481101549766 ], [ -115.214510540172995, 36.1481050436036 ], [ -115.214601886937004, 36.148135995992099 ], [ -115.214599074911007, 36.1477491141397 ], [ -115.214598804687995, 36.147748915923898 ], [ -115.214599075839004, 36.147748915857399 ], [ -115.214596327826996, 36.147457571561198 ], [ -115.213862834191005, 36.147466730329597 ], [ -115.213862099055007, 36.147187497527902 ], [ -115.214492117033998, 36.147183734330802 ], [ -115.214593736363, 36.147182641236199 ], [ -115.214591134119999, 36.146905267451601 ], [ -115.213861368565006, 36.146909642809199 ], [ -115.213860703815996, 36.146631986565701 ], [ -115.214487268729997, 36.146626644473301 ], [ -115.214588500768002, 36.1466250454625 ], [ -115.214585065898007, 36.1462596584118 ], [ -115.214690073349999, 36.146258566651198 ], [ -115.215162581553002, 36.146255739012098 ], [ -115.215640174488001, 36.146251555149597 ], [ -115.216099149475994, 36.146245933310801 ], [ -115.216104355008994, 36.146702609951397 ], [ -115.216608883077996, 36.146699388093097 ], [ -115.216737312442007, 36.146689605658402 ], [ -115.216742564312995, 36.147115628404997 ], [ -115.216742362397994, 36.147173347695599 ], [ -115.216746519682999, 36.147672210709899 ], [ -115.216885845689006, 36.147668608315598 ], [ -115.217410556217004, 36.147663948699297 ], [ -115.217820160200006, 36.147661855726703 ], [ -115.217815818164993, 36.147460014325901 ], [ -115.217811879370004, 36.147149713064898 ], [ -115.217806630946995, 36.146733675824002 ], [ -115.217799714189994, 36.146310774597097 ], [ -115.217798343897002, 36.1462229021326 ], [ -115.217792971256003, 36.145838446775699 ], [ -115.217791593018006, 36.1457546841918 ], [ -115.217986232737999, 36.145753628747002 ], [ -115.217987623973002, 36.145834633401897 ], [ -115.217987443930994, 36.145885438931501 ], [ -115.218107601832003, 36.145888374119998 ], [ -115.218230988722993, 36.145935257231798 ], [ -115.218328851875, 36.1460177898187 ], [ -115.218328422284003, 36.146134497379002 ], [ -115.218888729051002, 36.1461270015146 ], [ -115.218890069725006, 36.146209528292303 ], [ -115.219631163122997, 36.146200403237202 ], [ -115.219976727943006, 36.146196147149503 ], [ -115.221053235469, 36.146181355469501 ], [ -115.221062699410993, 36.1466171978728 ], [ -115.221163436976994, 36.146616772506299 ], [ -115.221214166893006, 36.146616565389699 ], [ -115.221642366455995, 36.146614776930498 ], [ -115.221627021147995, 36.146174013748499 ], [ -115.222111111893994, 36.146167903940899 ], [ -115.223092834468005, 36.146154322176997 ], [ -115.223196097249996, 36.146153181657603 ], [ -115.223222396441003, 36.146895570317298 ], [ -115.223234822, 36.147228277079201 ], [ -115.223334707858001, 36.147227153329197 ], [ -115.224316614206998, 36.147219997378897 ], [ -115.224304278850994, 36.146854303536898 ], [ -115.225225074280999, 36.146836664099901 ], [ -115.225395201989002, 36.146833450340303 ], [ -115.225404565833003, 36.147064264301797 ], [ -115.225444462040997, 36.148017857771201 ], [ -115.224347786051993, 36.148027013324999 ], [ -115.224018698736003, 36.148030154349399 ], [ -115.224020766623994, 36.148112792296601 ], [ -115.224029975074004, 36.1483987471426 ], [ -115.224040885248996, 36.148681959028004 ], [ -115.224051764129996, 36.148972047694699 ], [ -115.224397123802007, 36.148971542082599 ], [ -115.224410952594994, 36.149394976389701 ], [ -115.224426449082003, 36.149828033393398 ], [ -115.224429550215007, 36.149913270139102 ], [ -115.223329120882994, 36.149916005841298 ], [ -115.223332233399006, 36.149998492791298 ], [ -115.223347739507005, 36.150423303047198 ], [ -115.223363264585004, 36.1508439944066 ], [ -115.223377120932994, 36.151257803832301 ], [ -115.223275547035996, 36.151257552558498 ], [ -115.222826901698994, 36.1512605470555 ], [ -115.222831635426004, 36.151792425818201 ], [ -115.223400934278999, 36.151793354126198 ], [ -115.224491637447997, 36.151796816643802 ], [ -115.224506831113004, 36.151906207366203 ], [ -115.224570911192004, 36.153604218505997 ], [ -115.224576166155003, 36.153687559013001 ], [ -115.224604728643996, 36.154446276617897 ], [ -115.224611223009006, 36.154616207363397 ], [ -115.224614278995006, 36.154811473128298 ], [ -115.224623186599004, 36.155046955084302 ], [ -115.224633404279004, 36.155316906483201 ], [ -115.224648898910004, 36.155584898937697 ], [ -115.224139312391998, 36.1555833534633 ], [ -115.223623047648999, 36.155581794772999 ], [ -115.223522988938996, 36.155581701466197 ], [ -115.223420275124994, 36.155581609108602 ], [ -115.222406414739993, 36.155578503521198 ], [ -115.222411666324007, 36.155659680971603 ], [ -115.222427149612002, 36.156156477299099 ], [ -115.222427078088003, 36.156218162614401 ], [ -115.222436105621995, 36.156515806434101 ], [ -115.221416900883995, 36.156514857464103 ], [ -115.221314169845002, 36.156518007906399 ], [ -115.221335838244997, 36.157461794005997 ], [ -115.220216567554999, 36.157463984201698 ], [ -115.219654923069996, 36.157464533003903 ], [ -115.219099963177001, 36.157463999925 ], [ -115.219110988552004, 36.157983009744001 ], [ -115.218999336332999, 36.157978001381501 ], [ -115.217974827505003, 36.157978124531098 ], [ -115.217972261311999, 36.157517932789602 ], [ -115.217971455175004, 36.157373082362 ], [ -115.217594109472998, 36.157373002980201 ], [ -115.216841044597004, 36.157371538750098 ], [ -115.216840190070997, 36.157318729281101 ], [ -115.216842118992005, 36.156691703558401 ], [ -115.216972750577995, 36.156697249682097 ], [ -115.217590078789001, 36.156697361218697 ], [ -115.217955402078999, 36.156698503501602 ], [ -115.217949369299006, 36.156369872105699 ], [ -115.217940691072002, 36.156029344540002 ], [ -115.217448690604996, 36.1560335835198 ], [ -115.217445414940997, 36.155657381133203 ], [ -115.217446504425993, 36.155566407751699 ], [ -115.217945577864995, 36.155567742331499 ], [ -115.218459700614005, 36.155568832272799 ], [ -115.218457404066001, 36.155654322115403 ], [ -115.218463196395007, 36.156107268402899 ], [ -115.218972526089999, 36.156107359136001 ], [ -115.219074081909, 36.156110462113098 ], [ -115.219072650178006, 36.1560403550397 ], [ -115.219062877843996, 36.155570100809499 ], [ -115.219056818838993, 36.155253358298403 ], [ -115.219048377505004, 36.154788514924 ], [ -115.218947042516007, 36.154788495030203 ], [ -115.217935078433001, 36.154786159535398 ], [ -115.217931414296999, 36.154615352936602 ], [ -115.217929156051994, 36.154400232138997 ], [ -115.218108898888005, 36.154400450593002 ], [ -115.218333133963, 36.154400731392897 ], [ -115.218425008042004, 36.1544008464531 ], [ -115.218436034977003, 36.154400860225699 ], [ -115.218476490776993, 36.154400911389899 ], [ -115.218726430554, 36.154401223801798 ], [ -115.218858759330999, 36.154401388690601 ], [ -115.218938452882995, 36.154401488815701 ], [ -115.218938557358001, 36.1544014873311 ], [ -115.218937543303994, 36.154353071175699 ], [ -115.218936030360993, 36.154272443014797 ], [ -115.218934625109, 36.154197604199602 ], [ -115.218933558664006, 36.154140815752001 ], [ -115.218932606373997, 36.154090100578401 ], [ -115.218932213887996, 36.154069240709099 ], [ -115.218931185867007, 36.154014476686299 ], [ -115.218805376635004, 36.154014149663702 ], [ -115.218691429950994, 36.154013853223098 ], [ -115.218544405055994, 36.154013471237 ], [ -115.218412073148997, 36.154013163588502 ], [ -115.218239330116006, 36.154012801094602 ], [ -115.218055572476999, 36.154012414668401 ], [ -115.217924566281994, 36.154012139366401 ], [ -115.217921065015005, 36.153755934619099 ], [ -115.217913222145, 36.153673775652599 ], [ -115.2179040507, 36.153590531075899 ], [ -115.217900864108003, 36.153163522798302 ], [ -115.217898478902995, 36.1530165052393 ], [ -115.217900350858997, 36.152737595189599 ], [ -115.216937754775998, 36.152730940563998 ], [ -115.216803407843997, 36.152725401070498 ], [ -115.216800239964002, 36.152448494510899 ], [ -115.216797299684998, 36.152096412484397 ], [ -115.216794079769997, 36.151780542732702 ], [ -115.216790239036996, 36.151780536384898 ], [ -115.216790304734999, 36.1517805086458 ], [ -115.216782150615998, 36.151288863031297 ], [ -115.216785261800993, 36.151269154009903 ], [ -115.216785267543003, 36.1512691143704 ], [ -115.216654148863, 36.151270111778402 ], [ -115.216650474692997, 36.151270140185296 ], [ -115.216316431446998, 36.151272586884303 ], [ -115.216272004733995, 36.1512729139857 ], [ -115.216253488326004, 36.151273050106703 ], [ -115.216181829899, 36.151273577607299 ], [ -115.216179732585999, 36.151153944021097 ], [ -115.216174741114003, 36.150870579412398 ], [ -115.215698835021996, 36.150869272603202 ], [ -115.214730083095006, 36.1508652312028 ], [ -115.214628456108002, 36.1508690823403 ], [ -115.214628464897004, 36.150870765987399 ] ] ] } },
{ "type": "Feature", "properties": { "FID": 24, "LIVE_CLV_L": 600536.57918996003, "PERIMETER": 4711.0138478899999, "CNTY_IS": 57, "SYMBOL": 0, "ACRES": 13.78642285, "SQ_MILES": 0.02154129, "SHAPE_AREA": 600536.57918700005, "SHAPE_LEN": 4711.0138478899999, "Shape__Area": 85755.703125, "Shape__Length": 1780.296947986099 }, "geometry": { "type": "Polygon", "coordinates": [ [ [ -115.109656641941001, 36.152570039582599 ], [ -115.105058315904998, 36.148506171653104 ], [ -115.105191676185996, 36.148399071886502 ], [ -115.105310506471994, 36.148303639780899 ], [ -115.105333854636001, 36.148288951785197 ], [ -115.105357097310005, 36.1482751646558 ], [ -115.105380792361998, 36.148261911089598 ], [ -115.105404950850996, 36.148249200143297 ], [ -115.105429528216007, 36.1482370496648 ], [ -115.105454524514002, 36.1482254506411 ], [ -115.105479895130003, 36.148214429932501 ], [ -115.105505651178007, 36.148203987583301 ], [ -115.105531748152998, 36.1481941324286 ], [ -115.105558174888003, 36.148184873436598 ], [ -115.105584920216998, 36.148176219575198 ], [ -115.105611950748994, 36.148168179724301 ], [ -115.105639244258001, 36.148160753794699 ], [ -115.105666778466002, 36.148153950710501 ], [ -115.105694542261006, 36.148147770427101 ], [ -115.105722513364, 36.148142221868497 ], [ -115.105750658383002, 36.148137313914297 ], [ -115.105778966206998, 36.148133046520101 ], [ -115.105807403499, 36.148129419552703 ], [ -115.105835960202995, 36.148126441985099 ], [ -115.105864600760995, 36.148124113675202 ], [ -115.105893315117001, 36.148122443596002 ], [ -115.105922081155995, 36.148121413633199 ], [ -115.106013130766001, 36.148126445257603 ], [ -115.106350722548996, 36.1484260098484 ], [ -115.106443754129003, 36.148509578617798 ], [ -115.106514201557999, 36.1485714453149 ], [ -115.106580661620995, 36.148631141107401 ], [ -115.106690969954997, 36.148729911154199 ], [ -115.106883689656001, 36.1489024733105 ], [ -115.107157486621006, 36.149145605159902 ], [ -115.107222622690998, 36.149202041665298 ], [ -115.107295716823998, 36.149269325272797 ], [ -115.107436603332999, 36.149393064793799 ], [ -115.107570843377999, 36.149513533993797 ], [ -115.107673207242001, 36.149601456065 ], [ -115.107707762836, 36.149631849682102 ], [ -115.107849336390998, 36.149758152914998 ], [ -115.107851313858006, 36.149759916483099 ], [ -115.108016372435003, 36.149907672477802 ], [ -115.108127770850004, 36.150005210749399 ], [ -115.108266017074001, 36.150126775711101 ], [ -115.108351078341002, 36.150203831082301 ], [ -115.108405573105003, 36.150250508807297 ], [ -115.108542486646002, 36.150372069063998 ], [ -115.108587668303997, 36.150413311043401 ], [ -115.108680724151, 36.150493633509399 ], [ -115.108818954510994, 36.150616270303402 ], [ -115.108957191759998, 36.1507378344267 ], [ -115.109095440542006, 36.150859399336497 ], [ -115.109242971767003, 36.150991806421302 ], [ -115.109386521198005, 36.151120961927099 ], [ -115.109572608186994, 36.151280380584197 ], [ -115.109787668446003, 36.1514713496789 ], [ -115.109939494497993, 36.151628991025802 ], [ -115.109948139026997, 36.151693972279702 ], [ -115.109955081585994, 36.15177956926 ], [ -115.110451303722996, 36.1517865589786 ], [ -115.110583319411006, 36.151785995054396 ], [ -115.110583221026005, 36.1518897820132 ], [ -115.110279156640004, 36.152112651397097 ], [ -115.109975310099998, 36.152333935483803 ], [ -115.109724575133995, 36.152512857241803 ], [ -115.109661465970007, 36.152557891227502 ], [ -115.109662758469, 36.152575444486899 ], [ -115.109656641941001, 36.152570039582599 ] ] ] } },
{ "type": "Feature", "properties": { "FID": 25, "LIVE_CLV_L": 25606.22802205, "PERIMETER": 649.58972902999994, "CNTY_IS": 57, "SYMBOL": 0, "ACRES": 0.58783811, "SQ_MILES": 0.0009185, "SHAPE_AREA": 25606.228021800001, "SHAPE_LEN": 649.589729025, "Shape__Area": 3656.80859375, "Shape__Length": 245.54922163462669 }, "geometry": { "type": "Polygon", "coordinates": [ [ [ -115.216098346839004, 36.151274612285903 ], [ -115.216181809714996, 36.151273616301097 ], [ -115.216188362466994, 36.151640227526599 ], [ -115.216188887759003, 36.151669632099697 ], [ -115.216189567436004, 36.151707639110001 ], [ -115.216190100852003, 36.1517374465868 ], [ -115.216191347196997, 36.151779530992101 ], [ -115.215913974358003, 36.151779069661103 ], [ -115.215700702627004, 36.151778714358997 ], [ -115.215714763679998, 36.151668601192803 ], [ -115.215712669187994, 36.151279207167299 ], [ -115.215768694163003, 36.151278540032401 ], [ -115.216044241225006, 36.151275258422899 ], [ -115.216098346839004, 36.151274612285903 ] ] ] } },
{ "type": "Feature", "properties": { "FID": 26, "LIVE_CLV_L": 76997.677750529998, "PERIMETER": 1297.63265946, "CNTY_IS": 57, "SYMBOL": 0, "ACRES": 1.76762346, "SQ_MILES": 0.00276191, "SHAPE_AREA": 76997.677750699993, "SHAPE_LEN": 1297.6326594699999, "Shape__Area": 10995.8984375, "Shape__Length": 490.39327159633314 }, "geometry": { "type": "Polygon", "coordinates": [ [ [ -115.213549527159003, 36.150870226078403 ], [ -115.213552644920995, 36.151211001112301 ], [ -115.213554978665996, 36.151273267105402 ], [ -115.213029950378001, 36.151271816019801 ], [ -115.213031746216998, 36.151456686278898 ], [ -115.213031978634007, 36.151480529866497 ], [ -115.213033747278999, 36.151662675419303 ], [ -115.213033289142004, 36.151771708211101 ], [ -115.212474149721999, 36.151770721520002 ], [ -115.212470765893997, 36.150863137194897 ], [ -115.212570613517002, 36.150864765861698 ], [ -115.213026197220003, 36.150867401245598 ], [ -115.213067527198007, 36.150867628181501 ], [ -115.213549527159003, 36.150870226078403 ] ] ] } },
{ "type": "Feature", "properties": { "FID": 27, "LIVE_CLV_L": 451009.39730772999, "PERIMETER": 2686.3629823400001, "CNTY_IS": 57, "SYMBOL": 0, "ACRES": 10.35375109, "SQ_MILES": 0.01617774, "SHAPE_AREA": 451009.39730700001, "SHAPE_LEN": 2686.3629823400001, "Shape__Area": 64604.1796875, "Shape__Length": 1016.7132383154918 }, "geometry": { "type": "Polygon", "coordinates": [ [ [ -115.324167914832998, 36.271747184703798 ], [ -115.324166371139995, 36.271491538619202 ], [ -115.324165448059006, 36.271338752484503 ], [ -115.324156820973997, 36.269910800980199 ], [ -115.325301021691004, 36.2698989987462 ], [ -115.325397463634005, 36.269898003568201 ], [ -115.326445211001001, 36.269887185540597 ], [ -115.326446042889003, 36.269996792958402 ], [ -115.326446080885006, 36.270002182697702 ], [ -115.326447806256994, 36.270229777765699 ], [ -115.326449403856998, 36.270442015632199 ], [ -115.326449544178999, 36.270460338965997 ], [ -115.326451293033998, 36.270690962369201 ], [ -115.326451369823999, 36.270701498502603 ], [ -115.326453278993, 36.2709545379861 ], [ -115.326453325255997, 36.270960801984401 ], [ -115.326455017054997, 36.2711850622062 ], [ -115.326455291268005, 36.271220275819502 ], [ -115.326456766280998, 36.27141557833 ], [ -115.326458552272001, 36.271651861816402 ], [ -115.326458614271004, 36.2716601176772 ], [ -115.326459080120003, 36.271721776164597 ], [ -115.325882395931004, 36.271728178111502 ], [ -115.325882364780995, 36.271728173538101 ], [ -115.324812463298997, 36.271740047274001 ], [ -115.324167914832998, 36.271747184703798 ] ] ] } },
{ "type": "Feature", "properties": { "FID": 28, "LIVE_CLV_L": 494368.70166323002, "PERIMETER": 5319.0038681899996, "CNTY_IS": 57, "SYMBOL": 0, "ACRES": 11.34914375, "SQ_MILES": 0.01773304, "SHAPE_AREA": 494368.70166100003, "SHAPE_LEN": 5319.0038681899996, "Shape__Area": 70815.07421875, "Shape__Length": 2015.3404374648594 }, "geometry": { "type": "Polygon", "coordinates": [ [ [ -115.328661894449993, 36.273532475129599 ], [ -115.328300631866, 36.2735364406184 ], [ -115.328272856734003, 36.273536745502597 ], [ -115.327739656106999, 36.273542592075302 ], [ -115.327658411086006, 36.2735434819243 ], [ -115.327656898385001, 36.273543498518599 ], [ -115.327617550376004, 36.273543928121398 ], [ -115.327467997620005, 36.273544617690298 ], [ -115.327464509308996, 36.272996784250999 ], [ -115.327463019198007, 36.272764404003198 ], [ -115.327461309992998, 36.272496836397302 ], [ -115.327459600794, 36.272229268779398 ], [ -115.327457891598002, 36.271961702050803 ], [ -115.327456284712, 36.2717105379297 ], [ -115.327456062555001, 36.271676288802098 ], [ -115.327454353372005, 36.271408722048797 ], [ -115.327452879467998, 36.271178206522997 ], [ -115.327451405595994, 36.270947682876901 ], [ -115.327449696431998, 36.270680115189698 ], [ -115.327448211586002, 36.270449546437 ], [ -115.327446749008004, 36.270218976821603 ], [ -115.327444560933003, 36.269876466596003 ], [ -115.327443096156998, 36.2696465738155 ], [ -115.327441673525996, 36.269424232947202 ], [ -115.327440250866005, 36.269201901984601 ], [ -115.327438777153006, 36.268971341310099 ], [ -115.327437354501996, 36.268749010330701 ], [ -115.327435891956995, 36.2685184406498 ], [ -115.327432853641994, 36.268044251373396 ], [ -115.328621226286998, 36.268032857012898 ], [ -115.328621075046001, 36.268045841444803 ], [ -115.328621053079999, 36.268166383210499 ], [ -115.328621044588999, 36.268217319081202 ], [ -115.328620768310003, 36.269755426206601 ], [ -115.328621997433004, 36.269864632492101 ], [ -115.328620748418004, 36.269864701033299 ], [ -115.328522887408994, 36.269865713812898 ], [ -115.327733309869998, 36.269873883591302 ], [ -115.327641534964997, 36.269874832948702 ], [ -115.327627177108994, 36.269874856329103 ], [ -115.327588755932993, 36.269874918382698 ], [ -115.327602776326998, 36.271708868440498 ], [ -115.327625423846001, 36.2717090096967 ], [ -115.327649211090005, 36.271709156990198 ], [ -115.327736482519001, 36.271708228650098 ], [ -115.328368872539002, 36.2717014967075 ], [ -115.328646869728999, 36.271698532583002 ], [ -115.328645625603002, 36.271941780086898 ], [ -115.328644014497996, 36.272256548796598 ], [ -115.328643017382007, 36.272451493591099 ], [ -115.328642340440993, 36.272583839742801 ], [ -115.328642229468997, 36.272584080148398 ], [ -115.328643513854999, 36.272804798292597 ], [ -115.328661894449993, 36.273532475129599 ] ] ] } },
{ "type": "Feature", "properties": { "FID": 29, "LIVE_CLV_L": 245709.49673016, "PERIMETER": 2374.6540315399998, "CNTY_IS": 57, "SYMBOL": 0, "ACRES": 5.64071388, "SQ_MILES": 0.00881362, "SHAPE_AREA": 245709.49672900001, "SHAPE_LEN": 2374.6540315399998, "Shape__Area": 35202.8828125, "Shape__Length": 899.20184730372034 }, "geometry": { "type": "Polygon", "coordinates": [ [ [ -115.325349642378001, 36.277239053116901 ], [ -115.326387459277001, 36.277227047211497 ], [ -115.326474058244997, 36.277088056764299 ], [ -115.326496426868999, 36.277052161779999 ], [ -115.326497661372002, 36.277225778799298 ], [ -115.326497122377006, 36.2773631326314 ], [ -115.326496694244, 36.277473439302597 ], [ -115.326496429686003, 36.277541626831997 ], [ -115.326496409952, 36.277546631594298 ], [ -115.326495855337001, 36.277687392221502 ], [ -115.326494049068998, 36.278144987704202 ], [ -115.326493430794002, 36.278302797681199 ], [ -115.326492051402994, 36.278654539687402 ], [ -115.326491949556001, 36.278680531460999 ], [ -115.326491138700007, 36.2788872669529 ], [ -115.326490436615998, 36.279064196467097 ], [ -115.325339782626997, 36.279078483422097 ], [ -115.324718748226999, 36.279086190858202 ], [ -115.324790941955996, 36.279025733231897 ], [ -115.324835024764994, 36.278988814795703 ], [ -115.324949170297003, 36.278889803599803 ], [ -115.325061182455002, 36.278789201433902 ], [ -115.325170995473997, 36.278687035200498 ], [ -115.325344164068994, 36.278518273941799 ], [ -115.325345703311001, 36.278158756958703 ], [ -115.325349056847003, 36.277376406839402 ], [ -115.325349642378001, 36.277239053116901 ] ] ] } },
{ "type": "Feature", "properties": { "FID": 30, "LIVE_CLV_L": 57580.567498620003, "PERIMETER": 1072.4641638000001, "CNTY_IS": 57, "SYMBOL": 0, "ACRES": 1.32186794, "SQ_MILES": 0.00206542, "SHAPE_AREA": 57580.567499299999, "SHAPE_LEN": 1072.4641638000001, "Shape__Area": 8246.828125, "Shape__Length": 406.2754484832729 }, "geometry": { "type": "Polygon", "coordinates": [ [ [ -115.238633501490995, 36.2649111016853 ], [ -115.238632562302001, 36.264979958506203 ], [ -115.238619713131996, 36.265921343488799 ], [ -115.238619119280997, 36.265969607068797 ], [ -115.238565431287, 36.265972758212897 ], [ -115.238397130230993, 36.265965405210103 ], [ -115.238120127002006, 36.265932899026197 ], [ -115.238129396356996, 36.265163715683698 ], [ -115.238129577175997, 36.265148676561601 ], [ -115.238131259103994, 36.265009271566697 ], [ -115.238130968400995, 36.264984287271098 ], [ -115.238133495406998, 36.2648602244819 ], [ -115.238633501490995, 36.2649111016853 ] ] ] } },
{ "type": "Feature", "properties": { "FID": 31, "LIVE_CLV_L": 8991632.1756636202, "PERIMETER": 24193.758724269999, "CNTY_IS": 57, "SYMBOL": 0, "ACRES": 206.41947143, "SQ_MILES": 0.32253042, "SHAPE_AREA": 8991632.1756500006, "SHAPE_LEN": 24193.758724300002, "Shape__Area": 1287428.13671875, "Shape__Length": 9143.5776523695458 }, "geometry": { "type": "Polygon", "coordinates": [ [ [ -115.346952530181994, 36.2514964596011 ], [ -115.346959125566002, 36.253331749278502 ], [ -115.342394518426005, 36.253336470806502 ], [ -115.342394786295003, 36.253401808083197 ], [ -115.342395885933001, 36.253669931285202 ], [ -115.342402038293002, 36.2551700737449 ], [ -115.337831695838005, 36.255174806799303 ], [ -115.335334999056002, 36.255177317509201 ], [ -115.333261352755997, 36.255179362525702 ], [ -115.332120523870003, 36.255182046319703 ], [ -115.330979694999002, 36.255184710220398 ], [ -115.329838866087002, 36.255187372253403 ], [ -115.328698048321002, 36.255190014416797 ], [ -115.327557219387003, 36.255192654688798 ], [ -115.326416390472005, 36.255195275067599 ], [ -115.325275561517003, 36.255197893578703 ], [ -115.324134732554, 36.255200501209103 ], [ -115.322992126714993, 36.255208718096 ], [ -115.321849520704006, 36.255216924067803 ], [ -115.320706914492007, 36.255225128137198 ], [ -115.319377530474995, 36.255234648761103 ], [ -115.319328688575993, 36.255235000628502 ], [ -115.318677593531007, 36.2552396581317 ], [ -115.317624691722003, 36.255247183088002 ], [ -115.317601892157001, 36.255247346045202 ], [ -115.317279094895994, 36.255249656828902 ], [ -115.316136488037003, 36.255257808224897 ], [ -115.315944847243998, 36.255259173548197 ], [ -115.315195291318005, 36.255264516677599 ], [ -115.315174292291999, 36.255264667886401 ], [ -115.315163475633994, 36.255264742778401 ], [ -115.315071133358998, 36.255265400954301 ], [ -115.315025507488002, 36.255265731238602 ], [ -115.314995653739004, 36.255265936459402 ], [ -115.315000803187999, 36.2552270576697 ], [ -115.315001648863998, 36.253427834381199 ], [ -115.315171226101, 36.253426646421502 ], [ -115.316143937275001, 36.253419783188399 ], [ -115.31728625, 36.253411721141099 ], [ -115.318428551463001, 36.253403639147102 ], [ -115.319570852729001, 36.253395555256702 ], [ -115.319577124633, 36.251635449824299 ], [ -115.319577412773, 36.251553028112603 ], [ -115.320719386310003, 36.251545022606003 ], [ -115.321861348553995, 36.251537006172398 ], [ -115.323003321789997, 36.251528969848003 ], [ -115.324145283703004, 36.251520931609697 ], [ -115.324145044871003, 36.2516033534488 ], [ -115.324140000507995, 36.253363101471102 ], [ -115.325280219972996, 36.253361754220897 ], [ -115.326420439464002, 36.253360396102103 ], [ -115.327560658983003, 36.253359027114797 ], [ -115.328700878527997, 36.253357647259001 ], [ -115.328703601076995, 36.251602923071196 ], [ -115.328703734949002, 36.251520509102299 ], [ -115.329843267235006, 36.251520378641402 ], [ -115.330982799584007, 36.2515202373256 ], [ -115.332122331993006, 36.251520085154503 ], [ -115.333262749089002, 36.251519923977803 ], [ -115.333262727573, 36.251597564998299 ], [ -115.333262057000994, 36.253347257397103 ], [ -115.335342577435, 36.253344861511799 ], [ -115.337828287514995, 36.253341952155402 ], [ -115.337824880217994, 36.251509096050697 ], [ -115.342386998665006, 36.251502867306101 ], [ -115.344271229395005, 36.251500244074002 ], [ -115.346952530181994, 36.2514964596011 ] ] ] } },
{ "type": "Feature", "properties": { "FID": 32, "LIVE_CLV_L": 0.0084195, "PERIMETER": 0.50051916, "CNTY_IS": 57, "SYMBOL": 0, "ACRES": 1.9e-07, "SQ_MILES": 0.0, "SHAPE_AREA": 0.0084194970498599996, "SHAPE_LEN": 0.500519170899, "Shape__Area": 0.0, "Shape__Length": 0.18923133602856856 }, "geometry": { "type": "Polygon", "coordinates": [ [ [ -115.299134976481994, 36.277277238203702 ], [ -115.299135649058996, 36.2772774741346 ], [ -115.299134968966996, 36.277277468913297 ], [ -115.299134976481994, 36.277277238203702 ] ] ] } },
{ "type": "Feature", "properties": { "FID": 33, "LIVE_CLV_L": 112879.33041087, "PERIMETER": 1344.27375024, "CNTY_IS": 57, "SYMBOL": 0, "ACRES": 2.59135286, "SQ_MILES": 0.00404899, "SHAPE_AREA": 112879.330411, "SHAPE_LEN": 1344.27375024, "Shape__Area": 16154.5078125, "Shape__Length": 508.52557304943434 }, "geometry": { "type": "Polygon", "coordinates": [ [ [ -115.284913843359007, 36.234646459392501 ], [ -115.285442379336004, 36.234644055092502 ], [ -115.285970853007001, 36.234641645598799 ], [ -115.286028262615005, 36.234641383591701 ], [ -115.286072574475, 36.234641180046097 ], [ -115.286073147409994, 36.234641181469598 ], [ -115.286072571291001, 36.234641433299302 ], [ -115.286072568042997, 36.234642291314501 ], [ -115.286072554205006, 36.234645946891902 ], [ -115.286069158028994, 36.235548962817603 ], [ -115.286042249035006, 36.235549098746603 ], [ -115.285967427415997, 36.235549476110201 ], [ -115.285439971337993, 36.235552129653101 ], [ -115.285239282556006, 36.235553140358299 ], [ -115.285035558763994, 36.2355541656922 ], [ -115.284915460117006, 36.235554770189999 ], [ -115.284912254890003, 36.235554786530102 ], [ -115.284912066648999, 36.235467024355202 ], [ -115.284912861712996, 36.235100614399599 ], [ -115.284913843359007, 36.234646459392501 ] ] ] } },
{ "type": "Feature", "properties": { "FID": 34, "LIVE_CLV_L": 221494.15684370001, "PERIMETER": 1999.5773727000001, "CNTY_IS": 57, "SYMBOL": 0, "ACRES": 5.08480617, "SQ_MILES": 0.00794501, "SHAPE_AREA": 221494.156843, "SHAPE_LEN": 1999.5773727000001, "Shape__Area": 31739.48828125, "Shape__Length": 757.49192516803146 }, "geometry": { "type": "Polygon", "coordinates": [ [ [ -115.312628207748006, 36.284709420857297 ], [ -115.312633159897004, 36.286473368119303 ], [ -115.312633174889996, 36.286503193237202 ], [ -115.312633202472995, 36.286546133777499 ], [ -115.312341951904997, 36.286543127163803 ], [ -115.311504418389006, 36.286534480122498 ], [ -115.311508235111006, 36.284843005651801 ], [ -115.311508808721001, 36.284698467199703 ], [ -115.312614727167002, 36.284709284889701 ], [ -115.312628207748006, 36.284709420857297 ] ] ] } },
{ "type": "Feature", "properties": { "FID": 35, "LIVE_CLV_L": 112494.43844256, "PERIMETER": 1341.37181831, "CNTY_IS": 57, "SYMBOL": 0, "ACRES": 2.58251695, "SQ_MILES": 0.00403518, "SHAPE_AREA": 112494.43844300001, "SHAPE_LEN": 1341.37181831, "Shape__Area": 16099.0546875, "Shape__Length": 507.41845340911675 }, "geometry": { "type": "Polygon", "coordinates": [ [ [ -115.283755618732002, 36.233747614689797 ], [ -115.284847121070996, 36.233743177456198 ], [ -115.284915802925994, 36.233744375342901 ], [ -115.284915518277003, 36.233875489976697 ], [ -115.284913908236007, 36.234617385004 ], [ -115.284913843359007, 36.234646459392501 ], [ -115.283755113271994, 36.234651729321698 ], [ -115.283755136489006, 36.234613566273403 ], [ -115.283755555688998, 36.233880205275099 ], [ -115.283755618732002, 36.233747614689797 ] ] ] } },
{ "type": "Feature", "properties": { "FID": 36, "LIVE_CLV_L": 336835.6074492, "PERIMETER": 2680.78734351, "CNTY_IS": 57, "SYMBOL": 0, "ACRES": 7.73268153, "SQ_MILES": 0.01208231, "SHAPE_AREA": 336835.60745100002, "SHAPE_LEN": 2680.78734351, "Shape__Area": 48242.91015625, "Shape__Length": 1014.5296233617914 }, "geometry": { "type": "Polygon", "coordinates": [ [ [ -115.330995306342999, 36.265264963667299 ], [ -115.331097070455996, 36.265264573561097 ], [ -115.332139557529004, 36.265255591629398 ], [ -115.332137132537994, 36.264839567648899 ], [ -115.332134706448997, 36.264423542735798 ], [ -115.332134480834995, 36.264384870074501 ], [ -115.332134221366005, 36.264341130337002 ], [ -115.333278485934002, 36.264332027703702 ], [ -115.333283898497001, 36.265261619842803 ], [ -115.333285059271006, 36.265460974900002 ], [ -115.333286424478004, 36.265695352368901 ], [ -115.333289131110007, 36.266160050562199 ], [ -115.332144890321999, 36.266170081615897 ], [ -115.331000650421004, 36.266180101723997 ], [ -115.331000169874002, 36.266097687554002 ], [ -115.330995895601006, 36.265365822801101 ], [ -115.330995306342999, 36.265264963667299 ] ] ] } },
{ "type": "Feature", "properties": { "FID": 37, "LIVE_CLV_L": 87803.561395690005, "PERIMETER": 1346.4381912599999, "CNTY_IS": 57, "SYMBOL": 0, "ACRES": 2.01569241, "SQ_MILES": 0.00314952, "SHAPE_AREA": 87803.561396999998, "SHAPE_LEN": 1346.4381912700001, "Shape__Area": 12556.5390625, "Shape__Length": 508.6543186592844 }, "geometry": { "type": "Polygon", "coordinates": [ [ [ -115.211307590489994, 36.205999789203901 ], [ -115.211352201592007, 36.206000873316398 ], [ -115.211408984306004, 36.206002254807998 ], [ -115.212807879913001, 36.206028563597897 ], [ -115.212967545214994, 36.206031566081201 ], [ -115.212982099460007, 36.206026798245603 ], [ -115.212981984511998, 36.206031840591898 ], [ -115.212969143801999, 36.206434614039701 ], [ -115.212968674980004, 36.206522316841401 ], [ -115.212629795321007, 36.206514814458501 ], [ -115.211295627495005, 36.206488106338199 ], [ -115.211300080336997, 36.206402579021201 ], [ -115.211307590489994, 36.205999789203901 ] ] ] } },
{ "type": "Feature", "properties": { "FID": 38, "LIVE_CLV_L": 439723.01080708997, "PERIMETER": 2655.1798205800001, "CNTY_IS": 57, "SYMBOL": 0, "ACRES": 10.0946513, "SQ_MILES": 0.01577289, "SHAPE_AREA": 439723.01080799999, "SHAPE_LEN": 2655.1798205700002, "Shape__Area": 63001.93359375, "Shape__Length": 1005.0326705867437 }, "geometry": { "type": "Polygon", "coordinates": [ [ [ -115.288984229655, 36.279112502641702 ], [ -115.290047353847001, 36.279109213084801 ], [ -115.290068445797004, 36.279109147644299 ], [ -115.290113053013997, 36.279109010977301 ], [ -115.290112924620004, 36.279398994262202 ], [ -115.290112610809004, 36.280096875780004 ], [ -115.290112582421003, 36.280160714146703 ], [ -115.290112572875003, 36.280182015833397 ], [ -115.290112310034004, 36.280779354405603 ], [ -115.290112246402998, 36.280923146860196 ], [ -115.290100391151, 36.280923167361003 ], [ -115.288967360829005, 36.280925124432699 ], [ -115.287855844600003, 36.280942725051602 ], [ -115.287854703541996, 36.2791190273335 ], [ -115.288804138775006, 36.2791139609336 ], [ -115.288963545304995, 36.279113109661303 ], [ -115.288963547348999, 36.279112565294199 ], [ -115.288972845483002, 36.279112536808697 ], [ -115.288984229655, 36.279112502641702 ] ] ] } },
{ "type": "Feature", "properties": { "FID": 39, "LIVE_CLV_L": 3959143805.81739, "PERIMETER": 1180015.4480244, "CNTY_IS": 0, "SYMBOL": 83, "ACRES": 90889.435395260007, "SQ_MILES": 142.01474281, "SHAPE_AREA": 3959143805.8200002, "SHAPE_LEN": 1180015.44802, "Shape__Area": 566579681.265625, "Shape__Length": 446467.45306288364 }, "geometry": { "type": "Polygon", "coordinates": [ [ [ -115.346959125566002, 36.253331749278502 ], [ -115.346952530181994, 36.2514964596011 ], [ -115.351517716974001, 36.251489876979697 ], [ -115.351517715927997, 36.251489477708901 ], [ -115.351518079729999, 36.251489876781399 ], [ -115.351512019159003, 36.249652881514599 ], [ -115.351516634492, 36.249652958956098 ], [ -115.356007775630005, 36.249728748706701 ], [ -115.356001651075999, 36.247891745619597 ], [ -115.360458722141004, 36.247966787848803 ], [ -115.360459222003996, 36.247879312804102 ], [ -115.360469148546002, 36.246141662501898 ], [ -115.360525781221, 36.246142061810502 ], [ -115.362785890542995, 36.246157965639298 ], [ -115.365013200102993, 36.246173597475597 ], [ -115.367262396585005, 36.2461893409398 ], [ -115.369494324740998, 36.246204921123699 ], [ -115.369495317225002, 36.246204928305502 ], [ -115.369494428809006, 36.248018070295103 ], [ -115.369493464114996, 36.2480180649655 ], [ -115.364995852353005, 36.247992837073802 ], [ -115.364952713145001, 36.251621877159799 ], [ -115.360475697826999, 36.251578056512599 ], [ -115.360453813844003, 36.255238795049202 ], [ -115.358226711903001, 36.255220149152301 ], [ -115.358215242168001, 36.258894777021297 ], [ -115.355998620259001, 36.258881523212601 ], [ -115.355997603687001, 36.262561609354499 ], [ -115.352241279283007, 36.262548204660199 ], [ -115.351585270483, 36.262549485139701 ], [ -115.351577093146005, 36.268125705922998 ], [ -115.351580973066007, 36.269908364769599 ], [ -115.351576679009, 36.271559522089802 ], [ -115.351568256045994, 36.274798804640099 ], [ -115.351566074451, 36.275637788706703 ], [ -115.351563751754995, 36.277221091795198 ], [ -115.351563707704997, 36.277251054762701 ], [ -115.351551706799995, 36.280815263772297 ], [ -115.347011682982, 36.280789514232303 ], [ -115.346999980556006, 36.284387564834603 ], [ -115.344730117780998, 36.284391546394197 ], [ -115.344718560442999, 36.288006514409702 ], [ -115.342448846013994, 36.288027374276297 ], [ -115.342437434985001, 36.291659261471402 ], [ -115.344707002205993, 36.291621480233999 ], [ -115.344783184137995, 36.295274849326397 ], [ -115.342511286014997, 36.2953052177103 ], [ -115.342698250751994, 36.304534178498798 ], [ -115.342731413213002, 36.306184111274 ], [ -115.342731554579004, 36.306191377641099 ], [ -115.342731552166995, 36.306191800334403 ], [ -115.342731546788002, 36.306192101349602 ], [ -115.342719463647001, 36.306922905015199 ], [ -115.342700954701996, 36.308042343541999 ], [ -115.342422226140002, 36.308044358933401 ], [ -115.333551213525993, 36.308108148703099 ], [ -115.333549630491007, 36.308168762445298 ], [ -115.333503324359, 36.309942068994602 ], [ -115.333407569003001, 36.313608734408703 ], [ -115.333471423861994, 36.320905394934201 ], [ -115.334598219767003, 36.320923508239702 ], [ -115.335725016281998, 36.320941602813903 ], [ -115.336851824491006, 36.320959694902797 ], [ -115.337978622175001, 36.320977767335997 ], [ -115.339105420411997, 36.320995838162098 ], [ -115.340232230395998, 36.3210138893782 ], [ -115.341359029795996, 36.321031938964403 ], [ -115.342350072330007, 36.3210478026296 ], [ -115.342485829804005, 36.321049968917897 ], [ -115.343611696793005, 36.321067355487898 ], [ -115.344737564370007, 36.321084722442897 ], [ -115.345300498382002, 36.321093397438098 ], [ -115.345863432507002, 36.321102078795299 ], [ -115.346989301202001, 36.321119424545302 ], [ -115.346986380651003, 36.3212567547898 ], [ -115.346949343947998, 36.323002820705497 ], [ -115.346928085287004, 36.324004824696999 ], [ -115.346909384544006, 36.3248862072384 ], [ -115.346907643129001, 36.324968616169002 ], [ -115.346889409566998, 36.325827909297999 ], [ -115.346871186689995, 36.326687202321203 ], [ -115.346869434073994, 36.326769602191298 ], [ -115.346849458007995, 36.327711303943602 ], [ -115.346831807244996, 36.3285431270453 ], [ -115.346829470285002, 36.328652997408703 ], [ -115.347961340249, 36.328659170265603 ], [ -115.348991362364004, 36.328664781264798 ], [ -115.349093210451002, 36.328665332404597 ], [ -115.349095377159003, 36.328555461658098 ], [ -115.349111692411995, 36.327726403373397 ], [ -115.349130173733997, 36.326787518352198 ], [ -115.350260538472, 36.326796460388302 ], [ -115.350262098171996, 36.326714060086601 ], [ -115.350278266570996, 36.325858935374001 ], [ -115.349148643464005, 36.3258486160329 ], [ -115.349167123824998, 36.324909713583203 ], [ -115.350295994076006, 36.324921446259097 ], [ -115.350331447759999, 36.323046422511503 ], [ -115.350333456445, 36.322940346588901 ], [ -115.350364297800994, 36.321308738128302 ], [ -115.350366900610993, 36.321171398160502 ], [ -115.351323067048, 36.321186101020601 ], [ -115.351492771536002, 36.321188701500297 ], [ -115.351490282073001, 36.321326041715501 ], [ -115.351483546786994, 36.321697345138503 ], [ -115.351478169982002, 36.321993521037498 ], [ -115.351474189008002, 36.322213252736297 ], [ -115.351472804324004, 36.322289678016503 ], [ -115.351467427451993, 36.322585844872698 ], [ -115.351462060531006, 36.322882020745901 ], [ -115.351458812939995, 36.323060935177097 ], [ -115.351424864725004, 36.324933168274796 ], [ -115.351390903527999, 36.326805391735498 ], [ -115.351373927821001, 36.3277414951392 ], [ -115.351358936883997, 36.328567753384299 ], [ -115.351356951567993, 36.3286776245289 ], [ -115.351321987358006, 36.3305487633179 ], [ -115.350188946204995, 36.330545062403999 ], [ -115.350187352914006, 36.330627462586101 ], [ -115.350154402916004, 36.3323362402204 ], [ -115.350152809541001, 36.332418640377 ], [ -115.349018597975004, 36.332417359474199 ], [ -115.349016958847002, 36.332499759522896 ], [ -115.348982927879007, 36.334210976580401 ], [ -115.348981288665001, 36.334293376603597 ], [ -115.348979649447003, 36.3343757766255 ], [ -115.348962627676002, 36.335231384929401 ], [ -115.348946705790993, 36.336032053781302 ], [ -115.348943977342998, 36.336169384112402 ], [ -115.347807413200002, 36.336172971899998 ], [ -115.346670860179003, 36.336176539888001 ], [ -115.345534295977004, 36.3361800970453 ], [ -115.344397731732002, 36.336183643393703 ], [ -115.343261178557, 36.336187187968299 ], [ -115.342124614230002, 36.3361907126991 ], [ -115.341557679879998, 36.336190684715 ], [ -115.340990734434996, 36.336190645006504 ], [ -115.339856843535998, 36.336190575546397 ], [ -115.338722963869998, 36.336190486338801 ], [ -115.337589073100006, 36.336190395363502 ], [ -115.336455193564007, 36.3361902846408 ], [ -115.335321302956004, 36.336190163137502 ], [ -115.334187412385006, 36.336190039889203 ], [ -115.333053533050006, 36.336189896893899 ], [ -115.331915686602997, 36.3361898699862 ], [ -115.330777841336001, 36.336189832247896 ], [ -115.329639996135001, 36.336189783676801 ], [ -115.328502151, 36.3361897242727 ], [ -115.327933212044002, 36.336189600346202 ], [ -115.327364261995001, 36.336189464674902 ], [ -115.326226384202997, 36.336189194267398 ], [ -115.325088506455003, 36.336188922039 ], [ -115.323950617671997, 36.336188629940402 ], [ -115.322814206942994, 36.336196090168798 ], [ -115.321677784895996, 36.336203548579 ], [ -115.321536143200007, 36.336204473134799 ], [ -115.320696594911993, 36.336209976494402 ], [ -115.320541362729003, 36.3362109871698 ], [ -115.319846865965005, 36.336215532626198 ], [ -115.319404940381006, 36.336218424867901 ], [ -115.318268529056994, 36.336225841870103 ], [ -115.317132106415002, 36.3362332570536 ], [ -115.314859260722997, 36.336248045987702 ], [ -115.314812483530005, 36.339974456361098 ], [ -115.314765700780995, 36.343700855358698 ], [ -115.314718912412005, 36.347427261005599 ], [ -115.314672118448996, 36.351153665190502 ], [ -115.314599540730995, 36.354904612740697 ], [ -115.314526953818003, 36.358655548845299 ], [ -115.314454359872002, 36.362406492435703 ], [ -115.314381757814999, 36.366157432694102 ], [ -115.332474416636003, 36.365311592800701 ], [ -115.332558104631005, 36.3653118225631 ], [ -115.350421972445005, 36.365358329039402 ], [ -115.350478736501003, 36.365358899329799 ], [ -115.354055103647994, 36.365394746665402 ], [ -115.355019650307, 36.365404398734299 ], [ -115.355984208391007, 36.365414043038299 ], [ -115.368766689723003, 36.365541103207498 ], [ -115.368909404408001, 36.365541990310099 ], [ -115.368913229322004, 36.3701733945501 ], [ -115.369570868547001, 36.370718666574902 ], [ -115.381568324973003, 36.380664208727403 ], [ -115.387013830146003, 36.3851771387071 ], [ -115.399650296111005, 36.395646564042302 ], [ -115.403712972606002, 36.399011646422601 ], [ -115.404153760887993, 36.399376722289198 ], [ -115.405409624845007, 36.400416842343603 ], [ -115.405409553059997, 36.400547611788802 ], [ -115.406334761184993, 36.4012260273553 ], [ -115.401706981846999, 36.401291516336997 ], [ -115.401680759032004, 36.4012918865293 ], [ -115.399346414692999, 36.401324852152499 ], [ -115.397483125408996, 36.401351202278498 ], [ -115.387055651311996, 36.401498129184397 ], [ -115.382545735158999, 36.401474500499098 ], [ -115.382504490805005, 36.399545268288897 ], [ -115.377990007169004, 36.399520249653001 ], [ -115.377944023251004, 36.397589795954602 ], [ -115.373424688406004, 36.3975633852749 ], [ -115.373374079100003, 36.395631763100603 ], [ -115.368850117828003, 36.395603907785201 ], [ -115.368821182499005, 36.395603782818 ], [ -115.366570182518998, 36.395604032205803 ], [ -115.366578258160999, 36.3937378322779 ], [ -115.364297517744006, 36.393734854856298 ], [ -115.364304766732005, 36.3918710053617 ], [ -115.362023211557002, 36.391867628905999 ], [ -115.359741653461995, 36.391864209764897 ], [ -115.359750084999007, 36.389067371092999 ], [ -115.357467307511001, 36.389063376411997 ], [ -115.357472115479993, 36.387198460727397 ], [ -115.355188523448007, 36.387194068648697 ], [ -115.352904931913002, 36.387189632012898 ], [ -115.352908113948004, 36.385324007277198 ], [ -115.350623789346997, 36.3853191733117 ], [ -115.350626125996001, 36.383453193199401 ], [ -115.348337527984995, 36.383454386301999 ], [ -115.348341245422006, 36.381589484568103 ], [ -115.341479587720002, 36.3815960361853 ], [ -115.341483516617004, 36.380665203251198 ], [ -115.341483517623999, 36.380664877896997 ], [ -115.341314566251995, 36.380665080085201 ], [ -115.338779145470994, 36.380668086385697 ], [ -115.332337406693, 36.380675482051899 ], [ -115.314072928452006, 36.380900717893098 ], [ -115.309656775075993, 36.380693845200497 ], [ -115.305240646152996, 36.380486810244001 ], [ -115.300824530580002, 36.380279611198702 ], [ -115.296408450677006, 36.380072249923103 ], [ -115.296323735423002, 36.380068270122401 ], [ -115.278602619767, 36.379380200221298 ], [ -115.278347167264997, 36.379370264395199 ], [ -115.260397291893995, 36.379358617104501 ], [ -115.260396662789006, 36.379289721997303 ], [ -115.260429763321, 36.364982025916497 ], [ -115.260429836919997, 36.364937242274301 ], [ -115.260463702091002, 36.350468897317597 ], [ -115.260463802271005, 36.350444635484699 ], [ -115.260720723996002, 36.335827923942098 ], [ -115.256244686336004, 36.335785177606397 ], [ -115.251768821699002, 36.335742327211499 ], [ -115.242815387576996, 36.335657731989798 ], [ -115.233859256784996, 36.335573503638003 ], [ -115.224905420428996, 36.3354892410334 ], [ -115.215948301647998, 36.335404118210398 ], [ -115.206992354578006, 36.335318544113697 ], [ -115.207025156136993, 36.328025814561897 ], [ -115.207041682208001, 36.3243802354515 ], [ -115.207058345063004, 36.320733365730497 ], [ -115.207074956748997, 36.317087232663198 ], [ -115.207092053929003, 36.313441396317302 ], [ -115.20712573854, 36.306149579252398 ], [ -115.207010795469998, 36.3024287764364 ], [ -115.206895529280999, 36.298707645752899 ], [ -115.206766849421996, 36.294980801420998 ], [ -115.206686148562, 36.292484950629799 ], [ -115.206666190687997, 36.291265830704603 ], [ -115.206635432051002, 36.2893917465084 ], [ -115.206613561428995, 36.287542474779698 ], [ -115.206568946047994, 36.283815437539502 ], [ -115.206525232691007, 36.280165297676099 ], [ -115.206503400710005, 36.2783318135738 ], [ -115.206490596258007, 36.276509974809301 ], [ -115.206672548559993, 36.272780561205401 ], [ -115.206851789176, 36.269051011143098 ], [ -115.207207214248996, 36.261732781382797 ], [ -115.207214190746001, 36.261589139500302 ], [ -115.207218708723005, 36.261477790810602 ], [ -115.207279556008999, 36.259264004104601 ], [ -115.20732788, 36.257800277699999 ], [ -115.207366299274995, 36.256656763299702 ], [ -115.207391829920994, 36.255896720644401 ], [ -115.207435006823999, 36.254200968842703 ], [ -115.207464431383002, 36.2532107421845 ], [ -115.207501471130996, 36.252468120918302 ], [ -115.207507398057999, 36.25125840346 ], [ -115.207527585429006, 36.250474828890802 ], [ -115.207540542017, 36.248730996380097 ], [ -115.207551836367998, 36.246743384183901 ], [ -115.207551861181003, 36.246738666056203 ], [ -115.207551881455004, 36.246738614746903 ], [ -115.207564609170007, 36.2455121608699 ], [ -115.207572928689004, 36.244755090990601 ], [ -115.207578802770001, 36.2442043535818 ], [ -115.207593947392994, 36.2427627988152 ], [ -115.207595970575994, 36.242602076027403 ], [ -115.207606853450997, 36.241737673883698 ], [ -115.207608248159005, 36.241399760713399 ], [ -115.207612752402994, 36.240863105726 ], [ -115.207635563126999, 36.2387684277166 ], [ -115.207635658559994, 36.238759644120599 ], [ -115.207635722310002, 36.238753761652298 ], [ -115.207635737787001, 36.238752387245697 ], [ -115.207635925798002, 36.238752389638599 ], [ -115.207636630576005, 36.238747629476997 ], [ -115.207635760608994, 36.238747617732301 ], [ -115.207635778224997, 36.238746028827201 ], [ -115.207635935083999, 36.238731616015897 ], [ -115.207642583270996, 36.238120904653599 ], [ -115.207653924092, 36.237079075044399 ], [ -115.207609375589001, 36.237079367768096 ], [ -115.207605987807995, 36.236947098444404 ], [ -115.207599588931998, 36.236697309557002 ], [ -115.207591722749996, 36.236334743981097 ], [ -115.207585503841003, 36.236060382164602 ], [ -115.207584694879003, 36.236000200087602 ], [ -115.207583452776007, 36.2359077795752 ], [ -115.207580921043999, 36.235874224985899 ], [ -115.207577473615004, 36.235736768566603 ], [ -115.207570008847995, 36.235439141606101 ], [ -115.207569178558003, 36.2353685406285 ], [ -115.207567948247004, 36.235290864226201 ], [ -115.207557366458005, 36.234954146934399 ], [ -115.207549750569001, 36.234678826207499 ], [ -115.207548732861994, 36.234600898104802 ], [ -115.207533596359994, 36.234221004033401 ], [ -115.207526891818006, 36.233901729668098 ], [ -115.207519756885006, 36.233686345714702 ], [ -115.207483069624999, 36.232537524592402 ], [ -115.207467039687003, 36.232023669866003 ], [ -115.207481284199005, 36.230200198634201 ], [ -115.207493131728, 36.228393888769297 ], [ -115.207494452955999, 36.228027105598699 ], [ -115.207493743889998, 36.227480176433701 ], [ -115.207499846561007, 36.226530222550601 ], [ -115.207511237179006, 36.224674898303597 ], [ -115.207510910289002, 36.2245920953916 ], [ -115.207506082254994, 36.223383131653399 ], [ -115.207505696346999, 36.222812760669299 ], [ -115.207501074213994, 36.221902545151899 ], [ -115.207500072499002, 36.221579476510499 ], [ -115.207497850823003, 36.220976634409602 ], [ -115.207491653833998, 36.219209769313203 ], [ -115.207492028912995, 36.219138333735302 ], [ -115.207484627246998, 36.217414023007599 ], [ -115.207483954558995, 36.217277943932302 ], [ -115.211818680289994, 36.217142335072701 ], [ -115.211696379556003, 36.217007690819003 ], [ -115.211458965115, 36.216742731509001 ], [ -115.208718840036994, 36.2136942863253 ], [ -115.208659146836993, 36.213629197850999 ], [ -115.208608749698996, 36.213573872343297 ], [ -115.208047750480006, 36.212950154075799 ], [ -115.207501550383, 36.212340773111002 ], [ -115.205576741157998, 36.210265130833598 ], [ -115.205256033035994, 36.209933300038998 ], [ -115.202048627756, 36.206406089805398 ], [ -115.198925810435, 36.202984443452898 ], [ -115.198875425305005, 36.202929221077802 ], [ -115.198825494774994, 36.202874514776703 ], [ -115.198746211292999, 36.202791476809203 ], [ -115.198625645682, 36.202654508266299 ], [ -115.198418634080994, 36.202432647868399 ], [ -115.196851453871005, 36.200680123901797 ], [ -115.196627317544994, 36.200437422274597 ], [ -115.196184429159004, 36.199950619236198 ], [ -115.195493545527995, 36.199195399968097 ], [ -115.193749819363006, 36.197288917499897 ], [ -115.193688832956994, 36.197220518527097 ], [ -115.193578756445007, 36.197104335628502 ], [ -115.192218946080999, 36.195617647171403 ], [ -115.188382989605998, 36.195653378556798 ], [ -115.187859196543997, 36.195657155968803 ], [ -115.187859589210007, 36.195574653364901 ], [ -115.186771974547, 36.195571054969399 ], [ -115.186772208156995, 36.195524729542797 ], [ -115.186771003429996, 36.194969819657402 ], [ -115.186773127769001, 36.194548545725198 ], [ -115.185561405079, 36.194548548484001 ], [ -115.185504686421993, 36.194548548355598 ], [ -115.185423947762999, 36.194548547666798 ], [ -115.185427306321003, 36.193884758339699 ], [ -115.185431322257998, 36.193354741226699 ], [ -115.185232492528002, 36.193354080115 ], [ -115.185038993329002, 36.193354517956102 ], [ -115.184645320130002, 36.193354288922301 ], [ -115.184264999735007, 36.193354103111602 ], [ -115.183872659730994, 36.193353875981202 ], [ -115.183821957158997, 36.193353706765599 ], [ -115.183821945405995, 36.193355801320102 ], [ -115.183819514221, 36.193779882627297 ], [ -115.183769078232004, 36.1937797142782 ], [ -115.183392853116999, 36.193778457815 ], [ -115.183359696126004, 36.193778347025301 ], [ -115.183357421050005, 36.194168832394602 ], [ -115.183361100395999, 36.194411733700299 ], [ -115.183360562329995, 36.1945546942042 ], [ -115.183356671479004, 36.195592966674198 ], [ -115.183351391833, 36.195592988688297 ], [ -115.183351923236998, 36.195676739931201 ], [ -115.183200391826006, 36.195677255531997 ], [ -115.182733772597999, 36.195678872698501 ], [ -115.182325617410996, 36.195680284656802 ], [ -115.182023956682002, 36.195681981116699 ], [ -115.181674539081001, 36.195684274553102 ], [ -115.181384234643005, 36.195685325233001 ], [ -115.180891179463998, 36.195685280902097 ], [ -115.180438835396004, 36.195687115571602 ], [ -115.180400024190007, 36.195687273339601 ], [ -115.180347628036998, 36.195687479994099 ], [ -115.179952712928994, 36.1956890816544 ], [ -115.179952367599995, 36.195620919706698 ], [ -115.179949555004995, 36.193968741473498 ], [ -115.179949374825, 36.193863178414603 ], [ -115.179308799628004, 36.193866425689002 ], [ -115.179308761379005, 36.194133595242803 ], [ -115.179307388778, 36.194400769293701 ], [ -115.179307339351993, 36.194670109988401 ], [ -115.179307306580995, 36.194936206992402 ], [ -115.179081792475998, 36.194934364033202 ], [ -115.178856149400005, 36.194933601758599 ], [ -115.178855274124004, 36.195624788245098 ], [ -115.178854921761001, 36.195693294831301 ], [ -115.175469075519004, 36.195707492143598 ], [ -115.174789815419999, 36.1957121425894 ], [ -115.171690184162998, 36.195726344323297 ], [ -115.171316382757993, 36.195730024302797 ], [ -115.169825578908998, 36.195731661060201 ], [ -115.169725750290993, 36.195731226016797 ], [ -115.169161552559004, 36.195729896998202 ], [ -115.168709438034, 36.195728836458898 ], [ -115.165312799706996, 36.195720798782901 ], [ -115.165307036608993, 36.197944907177401 ], [ -115.165307162096994, 36.199345708215198 ], [ -115.165307635486002, 36.202165993750498 ], [ -115.165307747187001, 36.202837254957998 ], [ -115.165307431849001, 36.202892377416902 ], [ -115.165297510219006, 36.202974341773597 ], [ -115.163151636170994, 36.202990486272597 ], [ -115.161472488761007, 36.203002929710202 ], [ -115.160799179555994, 36.203007918095899 ], [ -115.160785467427999, 36.203008013892301 ], [ -115.160368016733003, 36.203013479272599 ], [ -115.160206979585993, 36.203015686027797 ], [ -115.158322500414002, 36.203040743277803 ], [ -115.157882129702003, 36.203046262799802 ], [ -115.157560568888002, 36.203050067368103 ], [ -115.156908135611005, 36.203058560048198 ], [ -115.156296136411996, 36.203071159102997 ], [ -115.156257442843994, 36.2030721206078 ], [ -115.154039793791995, 36.2030962816158 ], [ -115.15179135887, 36.203125049317102 ], [ -115.151795397491995, 36.202079318330597 ], [ -115.151816471409006, 36.201175538020202 ], [ -115.151830874336, 36.200267398332798 ], [ -115.151829940099006, 36.200172192120803 ], [ -115.15183241695, 36.199406800052401 ], [ -115.151832705730001, 36.199335941975299 ], [ -115.151843222069004, 36.198402371721301 ], [ -115.151847843338999, 36.197600746429799 ], [ -115.151846969925998, 36.197490398782598 ], [ -115.151861940556998, 36.196608226644003 ], [ -115.151866088438993, 36.196247446653501 ], [ -115.151869954201004, 36.195794184596302 ], [ -115.151873143670997, 36.195687105206403 ], [ -115.147423376540999, 36.195718219124799 ], [ -115.146956178192994, 36.195718337361697 ], [ -115.144139688536001, 36.195737309878702 ], [ -115.144132660793005, 36.195737349885903 ], [ -115.143978804596998, 36.195737189017301 ], [ -115.143783599893993, 36.1957367508383 ], [ -115.143406309152994, 36.195735896505902 ], [ -115.142977734832996, 36.195734931638199 ], [ -115.142976267080002, 36.195734928040999 ], [ -115.142976309111006, 36.195730599317102 ], [ -115.142976316711994, 36.195729837758101 ], [ -115.142977986549994, 36.195602410116599 ], [ -115.142978565017003, 36.195558281657 ], [ -115.142978566604, 36.195558196941903 ], [ -115.142978593991998, 36.195555688762603 ], [ -115.142978718099002, 36.195533525685001 ], [ -115.142982992390998, 36.195185230251397 ], [ -115.142985778874007, 36.195064899830797 ], [ -115.142987556487995, 36.194987720195201 ], [ -115.142990124120999, 36.194791294245597 ], [ -115.142991020975003, 36.194647010583097 ], [ -115.142991337295996, 36.194596475708401 ], [ -115.142993917059002, 36.194403835194201 ], [ -115.142995142204001, 36.194306167273098 ], [ -115.142996423983007, 36.194206327457998 ], [ -115.142998868302001, 36.194018011707499 ], [ -115.143001417682001, 36.193818872785698 ], [ -115.143003831521, 36.193628051333697 ], [ -115.143003849755004, 36.193626780586499 ], [ -115.143005682376995, 36.193438481494297 ], [ -115.143008113375998, 36.193248561379903 ], [ -115.143009289453005, 36.193151704417403 ], [ -115.143010476645003, 36.193054847494203 ], [ -115.143012821682007, 36.192864387180499 ], [ -115.143015233420996, 36.192673926204698 ], [ -115.143015205092993, 36.192671041982599 ], [ -115.143016090531006, 36.192584386508699 ], [ -115.143017070976001, 36.192474802645002 ], [ -115.143020639564, 36.192192892329302 ], [ -115.143021969109, 36.192076559103398 ], [ -115.143022362110997, 36.192044096193499 ], [ -115.143024533298004, 36.191862827433603 ], [ -115.143027760107003, 36.191637981719602 ], [ -115.143031954053001, 36.191234413431403 ], [ -115.143032093298999, 36.191219470603997 ], [ -115.143033032350004, 36.191051726507297 ], [ -115.143037271584006, 36.190888328834603 ], [ -115.143036064597993, 36.1908655939339 ], [ -115.143038087502006, 36.190752507866002 ], [ -115.143038234830001, 36.190716258639299 ], [ -115.143041234799995, 36.190545817346099 ], [ -115.143042652930006, 36.190463300708799 ], [ -115.143044137767006, 36.1903807843156 ], [ -115.143044272349002, 36.190380577514603 ], [ -115.143045475164001, 36.190104129211001 ], [ -115.143046841933, 36.189824209739001 ], [ -115.143047525141, 36.189684280190598 ], [ -115.143047463879, 36.189683306574999 ], [ -115.143048903541995, 36.189650568102699 ], [ -115.143050365391005, 36.189617838724701 ], [ -115.143050429992996, 36.189614242825897 ], [ -115.143054337077999, 36.189098981307197 ], [ -115.143057103942994, 36.188734376562898 ], [ -115.143058160278997, 36.188595115314001 ], [ -115.143058319836001, 36.188574157362297 ], [ -115.143058347361006, 36.188557321413697 ], [ -115.143059434555994, 36.1884204910465 ], [ -115.142951822838, 36.188420400740803 ], [ -115.142909948696001, 36.188420365653499 ], [ -115.142164621912997, 36.188422118529303 ], [ -115.141539184614004, 36.1884242191692 ], [ -115.141341607480001, 36.1884245983955 ], [ -115.140998521903995, 36.188424989486897 ], [ -115.139897160309999, 36.188428629691003 ], [ -115.139748981514003, 36.188429180256499 ], [ -115.138514790395007, 36.188432333475099 ], [ -115.137912718682003, 36.188433411431397 ], [ -115.136501654661998, 36.1884364444198 ], [ -115.135567804177995, 36.188443887546001 ], [ -115.135415270321005, 36.1884438396322 ], [ -115.135238075738997, 36.188443789342202 ], [ -115.134941730166005, 36.188440624723697 ], [ -115.134769491550003, 36.188441078999098 ], [ -115.134575107703, 36.1884410534431 ], [ -115.134440992712001, 36.188441587069804 ], [ -115.133879954421005, 36.188443501612802 ], [ -115.132675438164995, 36.188452501313201 ], [ -115.130743853455996, 36.188466907810501 ], [ -115.130577021091, 36.188464762760901 ], [ -115.129625353205995, 36.188465548788201 ], [ -115.129523910244004, 36.188465227344999 ], [ -115.127523761470002, 36.188472976866699 ], [ -115.125109210955003, 36.188451122421498 ], [ -115.125051598195, 36.188450595431902 ], [ -115.125108017225003, 36.1848024121375 ], [ -115.125068525770004, 36.184802504313303 ], [ -115.120595539381995, 36.1848132645273 ], [ -115.120593259040007, 36.188502861101298 ], [ -115.119521526151999, 36.188506842943497 ], [ -115.118343022600996, 36.188510454567101 ], [ -115.117777115680994, 36.188513951112498 ], [ -115.117149807344006, 36.188518332482197 ], [ -115.116119005185993, 36.188521469864099 ], [ -115.116015203312998, 36.188519586565597 ], [ -115.115981821618007, 36.188518401736502 ], [ -115.115009865458006, 36.188499803961598 ], [ -115.113431026230998, 36.188469020530597 ], [ -115.111664740121, 36.188434548655998 ], [ -115.110540594447997, 36.1884089697798 ], [ -115.109069983894997, 36.1883785292151 ], [ -115.108226195287997, 36.1883651699194 ], [ -115.107219229677995, 36.188348668219298 ], [ -115.102815368357, 36.188253858162199 ], [ -115.102399459650997, 36.188244932556302 ], [ -115.100690417110002, 36.188209600422397 ], [ -115.098312415354997, 36.188155870028801 ], [ -115.096694782982993, 36.188190521485801 ], [ -115.096009004357001, 36.188203792531198 ], [ -115.093698791334006, 36.188252696477797 ], [ -115.091789480193995, 36.188295199302303 ], [ -115.091741458092997, 36.188293686222998 ], [ -115.091387232849996, 36.188299423262599 ], [ -115.089206374545, 36.188347023522198 ], [ -115.089108181775003, 36.188349745614801 ], [ -115.086800444203007, 36.188392749370003 ], [ -115.084496365673004, 36.188433470658097 ], [ -115.084392273952005, 36.188435199923397 ], [ -115.083893830221996, 36.188444477516903 ], [ -115.083343317523997, 36.1884556986452 ], [ -115.082192945212, 36.188476845182699 ], [ -115.081607079842001, 36.188487378557497 ], [ -115.079887482442004, 36.188519490818102 ], [ -115.079785265070001, 36.188518619245698 ], [ -115.078635717984, 36.188514859596197 ], [ -115.077522207814994, 36.188509078102697 ], [ -115.075350539818999, 36.188502045116103 ], [ -115.073082833116999, 36.1884913187709 ], [ -115.070813187718997, 36.1884813523207 ], [ -115.069740797172003, 36.188524615142299 ], [ -115.067586529558994, 36.188612700597602 ], [ -115.06660154155, 36.1886452341354 ], [ -115.065424305445006, 36.1886909879792 ], [ -115.064348523579994, 36.188731753424698 ], [ -115.063282065604, 36.188774721799703 ], [ -115.062361325424007, 36.188809437295802 ], [ -115.062191994954006, 36.188815396762898 ], [ -115.062188937513994, 36.186937490905898 ], [ -115.062188294503997, 36.185121341991398 ], [ -115.062183967178996, 36.1832554255584 ], [ -115.062183990582, 36.181439233370902 ], [ -115.062176454175997, 36.177743048370303 ], [ -115.062171319089003, 36.175899838547203 ], [ -115.062169050337999, 36.174050124337597 ], [ -115.062145540654996, 36.172161434689201 ], [ -115.062127805700996, 36.170280377350302 ], [ -115.062120695518999, 36.169460579007001 ], [ -115.062107852473005, 36.168341555282602 ], [ -115.062090356482003, 36.166605803362202 ], [ -115.062089380768995, 36.166523178090401 ], [ -115.062091781926, 36.166440882968701 ], [ -115.062140546877004, 36.164699524522099 ], [ -115.062198676465997, 36.162772152508701 ], [ -115.062237216636007, 36.161385883973203 ], [ -115.062246723393997, 36.1609973619328 ], [ -115.062300033941995, 36.159152309422097 ], [ -115.062306257396003, 36.159019693855797 ], [ -115.062475813787003, 36.159018610906699 ], [ -115.065472929093005, 36.158999497287098 ], [ -115.069980391875006, 36.158977807338303 ], [ -115.071255713175006, 36.158977535789099 ], [ -115.074465017182007, 36.1589710013168 ], [ -115.078951078512006, 36.158958661687201 ], [ -115.080206243128004, 36.158949178977601 ], [ -115.081916245336004, 36.1589330803981 ], [ -115.081997638828, 36.158932492871301 ], [ -115.082089657156999, 36.1589319677907 ], [ -115.083461255903003, 36.1589220370006 ], [ -115.084683285791996, 36.158912909802602 ], [ -115.085800451474, 36.158907273103999 ], [ -115.086914969277004, 36.158896757052801 ], [ -115.087372514251001, 36.158894326820601 ], [ -115.089146690546002, 36.158876245682499 ], [ -115.090503689318993, 36.1588743035921 ], [ -115.092317545778997, 36.1588537520689 ], [ -115.093587864281005, 36.1588555474628 ], [ -115.095808219993003, 36.158837568403797 ], [ -115.096477856150003, 36.158833803599201 ], [ -115.096797321921002, 36.158832398188999 ], [ -115.096914708867999, 36.158832875090901 ], [ -115.097430271920004, 36.158828478990898 ], [ -115.097929794147007, 36.158831586485 ], [ -115.098023834811002, 36.1588330942716 ], [ -115.100715380816993, 36.158831012023199 ], [ -115.100992506184994, 36.158830794723897 ], [ -115.101044483530998, 36.158831454727803 ], [ -115.103220568298994, 36.158833728239003 ], [ -115.105456036747, 36.158836027962103 ], [ -115.105567325037001, 36.1588358321263 ], [ -115.106081478866002, 36.158834682862 ], [ -115.106090733038997, 36.158299856988201 ], [ -115.106088901147999, 36.1580813047444 ], [ -115.106089682215, 36.157873568479999 ], [ -115.106087556114005, 36.157732904587597 ], [ -115.106087265572995, 36.157458080973797 ], [ -115.105459106233994, 36.157456621298003 ], [ -115.105460674163993, 36.157044394309999 ], [ -115.105562032454998, 36.157044636526201 ], [ -115.106642303197006, 36.157044976105396 ], [ -115.106643076058006, 36.156656576918202 ], [ -115.106642525829002, 36.156281114075 ], [ -115.106642711689005, 36.155526984842702 ], [ -115.107706984209003, 36.155522951899002 ], [ -115.107709566614005, 36.156957648805999 ], [ -115.107719014858006, 36.158696387876901 ], [ -115.107718900533001, 36.158724516701803 ], [ -115.107719625217996, 36.158832710500199 ], [ -115.109899794385001, 36.158834220905199 ], [ -115.110387492338006, 36.158835580317302 ], [ -115.111523375638996, 36.158838745376997 ], [ -115.111523530724995, 36.158862945643598 ], [ -115.111523870124998, 36.158913887931497 ], [ -115.111523492504006, 36.159014011728097 ], [ -115.111518847412, 36.159318106921098 ], [ -115.111515165976002, 36.159476206731597 ], [ -115.111513716551997, 36.159742216939897 ], [ -115.111513386439995, 36.159814003433198 ], [ -115.111510250348999, 36.1598903583265 ], [ -115.111508844013997, 36.160152880692003 ], [ -115.111505325929002, 36.160309674252403 ], [ -115.111504414804003, 36.160478419278597 ], [ -115.111500850248007, 36.160642962843703 ], [ -115.111499934733004, 36.160810582131298 ], [ -115.111499082544, 36.160971341942698 ], [ -115.111495604810997, 36.161117679770797 ], [ -115.111494615693005, 36.161308705265299 ], [ -115.111491451674993, 36.161393414088899 ], [ -115.111490099221996, 36.1616432112829 ], [ -115.111489836331998, 36.161690789361202 ], [ -115.111489596533005, 36.161738223323702 ], [ -115.111486011647997, 36.161907994257 ], [ -115.111484996230999, 36.162094125616697 ], [ -115.111484350100994, 36.162216779655701 ], [ -115.111480984576005, 36.162340666756499 ], [ -115.111480290632002, 36.162471297019998 ], [ -115.111476766002994, 36.162631001660003 ], [ -115.112030148981006, 36.162640589707699 ], [ -115.112166201478999, 36.162643080944598 ], [ -115.112678559467, 36.162650882235297 ], [ -115.112708498434998, 36.162651603776297 ], [ -115.112779989670997, 36.162653326810002 ], [ -115.113303193166999, 36.162663439299997 ], [ -115.113527430003998, 36.162666221044297 ], [ -115.113904762231002, 36.162672540872997 ], [ -115.113908723351003, 36.162477948910798 ], [ -115.113908656820001, 36.162362340147098 ], [ -115.113908271613994, 36.161705486357597 ], [ -115.113909713110004, 36.161392860506197 ], [ -115.116019205984003, 36.161408033756501 ], [ -115.116045799166997, 36.1607644799887 ], [ -115.116129558655999, 36.158947413532701 ], [ -115.116132108521001, 36.158830480087602 ], [ -115.115835991227996, 36.1584897440937 ], [ -115.114417425843001, 36.157225966395103 ], [ -115.113620609980998, 36.156926786491397 ], [ -115.108536934951999, 36.152391881432798 ], [ -115.104588355516995, 36.148878997872004 ], [ -115.099550948051004, 36.144408651713199 ], [ -115.100474921007006, 36.144403133277102 ], [ -115.104876871250994, 36.148329667901201 ], [ -115.105209027190995, 36.148108952160598 ], [ -115.105229772908004, 36.148092766662501 ], [ -115.105251204040997, 36.148077168835599 ], [ -115.105273287022001, 36.1480621963996 ], [ -115.105296000742996, 36.148047848368797 ], [ -115.105319320538001, 36.1480341606959 ], [ -115.105343214179996, 36.148021133252101 ], [ -115.105367648224998, 36.148008783929299 ], [ -115.105392600282002, 36.147997139676598 ], [ -115.105418036960998, 36.1479862093734 ], [ -115.105443936037005, 36.147975992930697 ], [ -115.105470241784005, 36.147966517164498 ], [ -115.105496942981006, 36.147957800055799 ], [ -115.105524006346002, 36.147949832458501 ], [ -115.105551398432993, 36.147942632264801 ], [ -115.105579074684002, 36.147936217322503 ], [ -115.105607012874003, 36.147930587542902 ], [ -115.105635179665995, 36.147925742792701 ], [ -115.105663530504003, 36.147921700920001 ], [ -115.105692043161, 36.1479184618359 ], [ -115.105765893889995, 36.147913691095802 ], [ -115.105549243162002, 36.147722663323798 ], [ -115.105432310986004, 36.147620809504602 ], [ -115.105294122952998, 36.147498421308001 ], [ -115.105157285453998, 36.147374947779902 ], [ -115.105118763712994, 36.147339210948402 ], [ -115.105053654222004, 36.147280727464697 ], [ -115.104987227002994, 36.147223320232698 ], [ -115.104543099617999, 36.146824588435997 ], [ -115.104428728857997, 36.146722257173501 ], [ -115.104310970420002, 36.146617876231602 ], [ -115.104269795644001, 36.146579965411902 ], [ -115.104128962870007, 36.146454329643703 ], [ -115.104046582796002, 36.146381761407099 ], [ -115.103868562689996, 36.146222546667602 ], [ -115.103812767660003, 36.146169480510203 ], [ -115.103586916490002, 36.1459669478892 ], [ -115.103371713643995, 36.145769828315899 ], [ -115.103278710843995, 36.145686428505698 ], [ -115.102658078548998, 36.145140942932002 ], [ -115.102642570011, 36.145127311728899 ], [ -115.102598456191004, 36.145088539516799 ], [ -115.102134601131993, 36.144680839107203 ], [ -115.102131701942, 36.144678292122698 ], [ -115.102015113616005, 36.144575817140499 ], [ -115.101839304359999, 36.144421289564001 ], [ -115.101953429836001, 36.144419721332 ], [ -115.102014396621996, 36.144418883916501 ], [ -115.102602544674994, 36.144403923356002 ], [ -115.102842635756005, 36.144411150828503 ], [ -115.102893215061002, 36.144431777031301 ], [ -115.102922507341006, 36.1444426379433 ], [ -115.102959815614994, 36.1444491867708 ], [ -115.103022487941999, 36.144449293928702 ], [ -115.103062498135998, 36.144448282703102 ], [ -115.103091850460004, 36.144444011113002 ], [ -115.103138469997006, 36.144428812981701 ], [ -115.103170639983006, 36.144416035455201 ], [ -115.103259301037994, 36.144398356025199 ], [ -115.104192130420998, 36.144381839626298 ], [ -115.104594469527001, 36.144374706068 ], [ -115.104984351495006, 36.1443678008037 ], [ -115.105343026951999, 36.144361445694003 ], [ -115.105444381660007, 36.1443595879268 ], [ -115.105545742922999, 36.144356648548602 ], [ -115.106567280053, 36.144336492805699 ], [ -115.107682181615999, 36.144314482009399 ], [ -115.109928582725999, 36.144278182909702 ], [ -115.110047915281001, 36.144280276879698 ], [ -115.111021222644993, 36.1442880669454 ], [ -115.112111183737994, 36.144299994433602 ], [ -115.113187131192007, 36.1443140381201 ], [ -115.114371745455003, 36.144326217430198 ], [ -115.114473348763994, 36.144327363312399 ], [ -115.117210489006993, 36.144358263647298 ], [ -115.118539113877006, 36.144373233405702 ], [ -115.118644096338002, 36.144374415902902 ], [ -115.118776190961, 36.144375694465403 ], [ -115.123277227477004, 36.144406642724597 ], [ -115.125498666070996, 36.1444260431415 ], [ -115.126856229102998, 36.144412469267998 ], [ -115.127710377626997, 36.144405978824302 ], [ -115.128067787576001, 36.144398983017901 ], [ -115.132300172353993, 36.144334439506203 ], [ -115.136705303007005, 36.144267677835202 ], [ -115.136874708879006, 36.1442617841047 ], [ -115.137022858064995, 36.144259830692 ], [ -115.137313547035006, 36.144255127313698 ], [ -115.141699619264998, 36.144149489572897 ], [ -115.141774962815006, 36.144147009421999 ], [ -115.146661929217998, 36.143965200729902 ], [ -115.147519821694004, 36.143941548165301 ], [ -115.147881018576001, 36.143928495361401 ], [ -115.147938890779002, 36.143926488581997 ], [ -115.148365285481006, 36.143910913361097 ], [ -115.148480363071002, 36.1439069058979 ], [ -115.149099016456006, 36.143879948639402 ], [ -115.149693036895002, 36.143860496907401 ], [ -115.150267770382996, 36.143838286630697 ], [ -115.150307674640004, 36.143838403878398 ], [ -115.151486748253006, 36.143797163850699 ], [ -115.151685756112997, 36.143789021544301 ], [ -115.152518382438998, 36.143758148006 ], [ -115.153581239472004, 36.143725689483098 ], [ -115.153997854525002, 36.143711942812999 ], [ -115.154600864791007, 36.143692039295402 ], [ -115.154632818332999, 36.143688872966102 ], [ -115.154785900251994, 36.143682769275699 ], [ -115.154902389257998, 36.143676570543697 ], [ -115.156342712195993, 36.1436134412508 ], [ -115.157197831657001, 36.143647464414201 ], [ -115.157393960291998, 36.143657869045697 ], [ -115.158089309073006, 36.143683872824298 ], [ -115.158505419562999, 36.143699436810003 ], [ -115.159120546064003, 36.143719859411597 ], [ -115.160643266627005, 36.143786792725102 ], [ -115.162678054306994, 36.143863528770403 ], [ -115.163047613181007, 36.1438757949836 ], [ -115.163706939860006, 36.1438976920671 ], [ -115.164725152803996, 36.143934837574903 ], [ -115.164816062857, 36.143938994812203 ], [ -115.164948454568005, 36.143945063438203 ], [ -115.166163669026005, 36.144000685339599 ], [ -115.166307599307999, 36.144007487553402 ], [ -115.166309024648001, 36.144007554705901 ], [ -115.166310686615006, 36.1440076334978 ], [ -115.166310795895001, 36.1440075617747 ], [ -115.166311112949998, 36.144007074376802 ], [ -115.166364487454004, 36.143927000798698 ], [ -115.166390009881994, 36.143887531816702 ], [ -115.167641088935994, 36.141977263874303 ], [ -115.168602641587, 36.140511266768598 ], [ -115.168784182951995, 36.1402351073814 ], [ -115.169272336204003, 36.139489701169602 ], [ -115.169515750143006, 36.139118639847503 ], [ -115.169755210413001, 36.138753107318401 ], [ -115.170244871619005, 36.138004782811798 ], [ -115.170487015524998, 36.137634931765497 ], [ -115.170714359732003, 36.1372855607421 ], [ -115.170892337246997, 36.136993053300003 ], [ -115.171290216832006, 36.1363836764571 ], [ -115.171497796685003, 36.1360646005324 ], [ -115.171784366335999, 36.135623426646298 ], [ -115.171928989117006, 36.135399590796297 ], [ -115.172281161628007, 36.134858939546 ], [ -115.173183626744006, 36.133468706967697 ], [ -115.173233103173004, 36.133393887580702 ], [ -115.173232817745998, 36.133465828115298 ], [ -115.173219928519998, 36.135255357202603 ], [ -115.174220822311995, 36.135269244146997 ], [ -115.174379535797001, 36.135270750539902 ], [ -115.173209508846, 36.137065497842599 ], [ -115.173358864869002, 36.137067829788101 ], [ -115.175629223776994, 36.137102511166098 ], [ -115.175734617901995, 36.1371038613038 ], [ -115.176694431111997, 36.137118768534897 ], [ -115.176857186221994, 36.137121348906703 ], [ -115.177253380905, 36.137127740083002 ], [ -115.177875039352003, 36.137135190832602 ], [ -115.177998512252003, 36.136991661796699 ], [ -115.178331379631004, 36.136598830222397 ], [ -115.178532794518006, 36.136343002118998 ], [ -115.178599960309, 36.136252315315097 ], [ -115.178715465078, 36.136102269249903 ], [ -115.178875350582999, 36.135882027641003 ], [ -115.179199385161994, 36.135387443379997 ], [ -115.179285466240003, 36.1352524572658 ], [ -115.179339280655995, 36.1351628065418 ], [ -115.179415960520004, 36.135038614093197 ], [ -115.179527688266006, 36.134842021413803 ], [ -115.179753902822, 36.134432620769402 ], [ -115.179900865795005, 36.134131171479297 ], [ -115.180082967670998, 36.133738944494098 ], [ -115.180203006970004, 36.133482865568602 ], [ -115.180286814960994, 36.133265619560397 ], [ -115.180420706587, 36.132907848583301 ], [ -115.180469456040996, 36.132765165971399 ], [ -115.180508789664003, 36.132638675019301 ], [ -115.180630767243997, 36.132261395675499 ], [ -115.180668849973998, 36.132116504074702 ], [ -115.180706993388, 36.131961879552499 ], [ -115.180783373642996, 36.131632071278602 ], [ -115.180898362616006, 36.131328242768802 ], [ -115.180977341033994, 36.130868097423303 ], [ -115.181009262209002, 36.130661076569297 ], [ -115.181036730171002, 36.130453627047203 ], [ -115.181059722377, 36.130245819085701 ], [ -115.181078238528997, 36.130037717579903 ], [ -115.181094440351004, 36.129793249044397 ], [ -115.183041397690005, 36.1298933980339 ], [ -115.183142752059993, 36.129898586581298 ], [ -115.185510678051003, 36.1300196502999 ], [ -115.186683642252007, 36.130079456723898 ], [ -115.187867943716, 36.130140884393903 ], [ -115.188709510921001, 36.1301812620408 ], [ -115.189058929411999, 36.130199077688602 ], [ -115.190250489947005, 36.130260442613498 ], [ -115.190256473511994, 36.130390646613201 ], [ -115.190268032221994, 36.130699550295503 ], [ -115.190285450158996, 36.131148031031898 ], [ -115.190320373163999, 36.1320298508845 ], [ -115.190335444303003, 36.132420992279201 ], [ -115.190348435843006, 36.132703349229097 ], [ -115.190356543766995, 36.1329067085438 ], [ -115.190367563110996, 36.1331792979475 ], [ -115.190384088011996, 36.133644413507099 ], [ -115.190391816548001, 36.133799101487298 ], [ -115.190559660627997, 36.133793676395797 ], [ -115.192597910244004, 36.1337584235146 ], [ -115.194837763102996, 36.133720878814302 ], [ -115.199190430799007, 36.133653007534797 ], [ -115.199292914078001, 36.133651425416602 ], [ -115.199480229543994, 36.137299394319498 ], [ -115.201634517814995, 36.137290578486599 ], [ -115.202368060075997, 36.1372864696528 ], [ -115.203401670602005, 36.137280802940097 ], [ -115.204185898754005, 36.137272814943103 ], [ -115.205412210426999, 36.137272274253199 ], [ -115.205408740069998, 36.137161817428598 ], [ -115.205414222493005, 36.137126107301299 ], [ -115.205414534696004, 36.137047100561801 ], [ -115.205412026779001, 36.137007038994597 ], [ -115.205409467652004, 36.136979973973297 ], [ -115.205405590759995, 36.136949660123399 ], [ -115.205401693124003, 36.136923672435003 ], [ -115.205388615735004, 36.136858692695 ], [ -115.205380744070993, 36.136827284681402 ], [ -115.205364942966995, 36.136774202481298 ], [ -115.205345162254005, 36.136718952717899 ], [ -115.205326675231007, 36.136674523503601 ], [ -115.205314777666004, 36.136648519576298 ], [ -115.205301540863999, 36.136621429863901 ], [ -115.205289638905001, 36.1365986615778 ], [ -115.205267120075007, 36.1365585548685 ], [ -115.205253879541004, 36.136536881936202 ], [ -115.205240622757003, 36.136516281494998 ], [ -115.205227371169997, 36.136494599511799 ], [ -115.205215452906998, 36.136472921736299 ], [ -115.205203550952007, 36.136450162454203 ], [ -115.205192971252004, 36.136427398332302 ], [ -115.205181063387997, 36.1364035574721 ], [ -115.205170488847997, 36.1363797208205 ], [ -115.205161242439999, 36.136356969918097 ], [ -115.205150683525005, 36.136329879630097 ], [ -115.205142775677004, 36.136306042382699 ], [ -115.205133555236003, 36.1362778837753 ], [ -115.205124340040001, 36.136248633712398 ], [ -115.205117765520995, 36.136224800673297 ], [ -115.205111206577996, 36.136197723012103 ], [ -115.205103355163999, 36.136159816686401 ], [ -115.205099452431, 36.136134919539003 ], [ -115.205095554934005, 36.136108931838002 ], [ -115.205091652250005, 36.136084025677398 ], [ -115.205089088069002, 36.136058042186498 ], [ -115.205087863119999, 36.136033144481701 ], [ -115.205085345016002, 36.135995245983203 ], [ -115.205085518755993, 36.135949785086403 ], [ -115.205084841740003, 36.135451878250301 ], [ -115.205075508644995, 36.135118475920102 ], [ -115.207011808306007, 36.1351114252519 ], [ -115.207898629146001, 36.135104987974103 ], [ -115.208101688813002, 36.135103542289002 ], [ -115.208102548019994, 36.135422497110497 ], [ -115.208112111641, 36.137259780634402 ], [ -115.208121395928003, 36.139081299034501 ], [ -115.208129676289005, 36.140896405516699 ], [ -115.207928399083997, 36.1408958559146 ], [ -115.206799990049007, 36.1408924578948 ], [ -115.206545228869999, 36.140892774302202 ], [ -115.206177073343994, 36.140894905262698 ], [ -115.205944985778004, 36.140896373347502 ], [ -115.205719564104001, 36.140897852986399 ], [ -115.205490132202996, 36.140899328562703 ], [ -115.205267377305006, 36.140900815763501 ], [ -115.205037950586998, 36.140901208933798 ], [ -115.204727159052993, 36.140904598166799 ], [ -115.204395016826993, 36.140906936629598 ], [ -115.204270972017994, 36.140907778873299 ], [ -115.204278831853003, 36.141228061506403 ], [ -115.204290457143003, 36.141599478484999 ], [ -115.204302113080004, 36.1419622340768 ], [ -115.204312452005993, 36.142323903922197 ], [ -115.204325545680007, 36.142665014877501 ], [ -115.204325421397996, 36.142693161972701 ], [ -115.204331998415, 36.143000678091298 ], [ -115.204333124189006, 36.143046161972002 ], [ -115.204342181990995, 36.143397002225598 ], [ -115.204363229386999, 36.144510325646998 ], [ -115.207772984119998, 36.144531521690404 ], [ -115.208145413647998, 36.144533842652599 ], [ -115.208506040008999, 36.144526995384801 ], [ -115.208938636471004, 36.144518911939102 ], [ -115.209719148055001, 36.144506009299398 ], [ -115.210676441507005, 36.144489325554602 ], [ -115.212413704151004, 36.144459036297398 ], [ -115.212514448993005, 36.144456482148598 ], [ -115.213395697595004, 36.144440316301001 ], [ -115.213482048897006, 36.144438419888402 ], [ -115.214573264552001, 36.144422046386403 ], [ -115.214676561705005, 36.144420219314398 ], [ -115.215628181572001, 36.144404478055698 ], [ -115.216721518897003, 36.144385703055001 ], [ -115.217773588906994, 36.144368432476597 ], [ -115.218201934126995, 36.144361357105801 ], [ -115.218859697140999, 36.144350778559797 ], [ -115.219922030310002, 36.144334313479298 ], [ -115.221005476406006, 36.144313008808901 ], [ -115.222046605521996, 36.144294333667901 ], [ -115.223125804419993, 36.144275736942099 ], [ -115.224205023330995, 36.144255084606101 ], [ -115.225285286795, 36.144236516674802 ], [ -115.226351531668996, 36.144212065822302 ], [ -115.226822308912006, 36.144203454737202 ], [ -115.227281311396993, 36.1441938874732 ], [ -115.227420083122993, 36.144190992193401 ], [ -115.228489490944995, 36.144167171623401 ], [ -115.229572433097005, 36.144143300364199 ], [ -115.230640865124002, 36.144121224239797 ], [ -115.231608074180997, 36.144099382130101 ], [ -115.232495821430007, 36.144079273299397 ], [ -115.232796366881004, 36.144073636961501 ], [ -115.233872521281995, 36.144048805647301 ], [ -115.235003911575006, 36.144067234369899 ], [ -115.235559408686001, 36.144073301128898 ], [ -115.236119981111003, 36.1440800650116 ], [ -115.237242832524998, 36.144092210852698 ], [ -115.238364842850999, 36.144103658758603 ], [ -115.239487649020006, 36.144116161969102 ], [ -115.240612976118996, 36.144129112516602 ], [ -115.241757775137003, 36.144141405015702 ], [ -115.242754390927004, 36.1441541124887 ], [ -115.242919549652001, 36.144159863646699 ], [ -115.243089725494002, 36.144154056171701 ], [ -115.243138049774998, 36.144152408879698 ], [ -115.244039286204995, 36.1441295038343 ], [ -115.245166569885001, 36.1440985059265 ], [ -115.246300614860004, 36.144066128434702 ], [ -115.247410978421996, 36.144036439863498 ], [ -115.248540790422993, 36.144006084239798 ], [ -115.249677382954999, 36.143975042846499 ], [ -115.250794511883996, 36.143942611715403 ], [ -115.251929479013995, 36.143911877911101 ], [ -115.253054549089995, 36.143882656287602 ], [ -115.253607233568005, 36.143867874691203 ], [ -115.254171766648, 36.143849671138497 ], [ -115.254274177452004, 36.143847113472702 ], [ -115.255297428087005, 36.143819474690197 ], [ -115.256428889424996, 36.143789508815097 ], [ -115.257560368520998, 36.143757468324502 ], [ -115.258674050459007, 36.143729496842703 ], [ -115.259251226577007, 36.143711429794898 ], [ -115.259817384694998, 36.143694718201601 ], [ -115.260938571761002, 36.1436652768149 ], [ -115.260940727760001, 36.143665219527698 ], [ -115.262050986635998, 36.143688563383897 ], [ -115.262625876594001, 36.143705011677397 ], [ -115.263177067453995, 36.143717995967997 ], [ -115.264283697438003, 36.143743265244801 ], [ -115.265401329208004, 36.143768544491103 ], [ -115.266537591345994, 36.143795205524903 ], [ -115.267668764994994, 36.143821842368197 ], [ -115.268805015121998, 36.143851915807303 ], [ -115.269954819342999, 36.143882924245901 ], [ -115.271086187736998, 36.1439115302082 ], [ -115.271650175857005, 36.143926284430201 ], [ -115.272202318401, 36.143938265277598 ], [ -115.273335390228993, 36.143963645799097 ], [ -115.274453139160002, 36.143991833200097 ], [ -115.275587745058004, 36.144017466761298 ], [ -115.276705406218994, 36.144045786140403 ], [ -115.277836613469006, 36.144071389697999 ], [ -115.278972836047004, 36.144099686595197 ], [ -115.278973332329002, 36.1432693242879 ], [ -115.278971696449005, 36.142245856813801 ], [ -115.278970539094004, 36.142088081537104 ], [ -115.278967556824, 36.140460964599797 ], [ -115.278967893398004, 36.140359443141001 ], [ -115.278965226872003, 36.138639033055497 ], [ -115.278964916628993, 36.137723950309699 ], [ -115.278964635361007, 36.136821485690703 ], [ -115.278962549046994, 36.135221184169303 ], [ -115.278959956701001, 36.133193707994202 ], [ -115.278955803239, 36.1311100860691 ], [ -115.278954208868996, 36.129563518913201 ], [ -115.283443087916993, 36.1296152286574 ], [ -115.287797602376003, 36.129665050753303 ], [ -115.287933974444996, 36.129666621921501 ], [ -115.288068487619995, 36.129669125705 ], [ -115.292490705114005, 36.1297515441237 ], [ -115.297048158493993, 36.129836421810197 ], [ -115.297332858440001, 36.129836461988099 ], [ -115.299338036055005, 36.129837672723703 ], [ -115.303923764160004, 36.129835307300098 ], [ -115.305027499260007, 36.129842662723398 ], [ -115.306213436652996, 36.129834984216401 ], [ -115.306427224610005, 36.129840021184201 ], [ -115.307315068709997, 36.129833814425297 ], [ -115.307976249183994, 36.129837778693201 ], [ -115.308456168101998, 36.129834762019001 ], [ -115.309581261478002, 36.129837816273202 ], [ -115.310701037062003, 36.129836530623102 ], [ -115.311919433732996, 36.129839811293799 ], [ -115.312556657493005, 36.129835052513698 ], [ -115.313052560144001, 36.129836379800899 ], [ -115.31421232129, 36.129835169569098 ], [ -115.315177465969995, 36.129833422453302 ], [ -115.315227907300994, 36.132557516397 ], [ -115.315244826080004, 36.133469708673701 ], [ -115.315290303469993, 36.135782489466301 ], [ -115.315313501787998, 36.136955901158203 ], [ -115.315316576159006, 36.137110472934097 ], [ -115.315348023946996, 36.138557466337502 ], [ -115.315383937101004, 36.140233616757101 ], [ -115.315394249728996, 36.140756196338998 ], [ -115.315407166767002, 36.141300439932799 ], [ -115.315437228809998, 36.142766590833901 ], [ -115.315473307160005, 36.144401641180799 ], [ -115.315564362493006, 36.147942190411399 ], [ -115.315660704839004, 36.151688461604401 ], [ -115.315755377132007, 36.155369274431997 ], [ -115.31576547956, 36.155761840032902 ], [ -115.315843844799005, 36.158814670314797 ], [ -115.315846424816002, 36.158951653403101 ], [ -115.318505496322004, 36.1589474052113 ], [ -115.318505480878002, 36.158952988712798 ], [ -115.320373026118006, 36.1589538831781 ], [ -115.323103278163998, 36.158955137519797 ], [ -115.323106613578005, 36.1589551393606 ], [ -115.323201473406002, 36.158955181434003 ], [ -115.326180367226996, 36.158956477387399 ], [ -115.327198763808994, 36.158956903442501 ], [ -115.330662130681006, 36.158958286808101 ], [ -115.331372552204996, 36.158958557982501 ], [ -115.332152013468004, 36.158961073410403 ], [ -115.332155375528998, 36.158961084067997 ], [ -115.333585231737004, 36.158965707962402 ], [ -115.333855473674006, 36.158966580437799 ], [ -115.333949718173997, 36.158966858768899 ], [ -115.336427027680003, 36.158967753648703 ], [ -115.336435850252997, 36.158967757419198 ], [ -115.337090387965006, 36.158967984884903 ], [ -115.337104667714001, 36.158967981802199 ], [ -115.337856064811007, 36.158968247387499 ], [ -115.337856077959998, 36.1591640425817 ], [ -115.357007423964006, 36.159148675156501 ], [ -115.357180515487997, 36.159146235202599 ], [ -115.357273596625006, 36.159143040107899 ], [ -115.35736660373, 36.159138528906297 ], [ -115.357459492340993, 36.159132701513997 ], [ -115.357552241337999, 36.1591255578914 ], [ -115.357644826237006, 36.159117107005699 ], [ -115.357737203713995, 36.159107339762599 ], [ -115.357829373738994, 36.159096265175698 ], [ -115.357921280710002, 36.159083892153497 ], [ -115.358012902393995, 36.159070220654897 ], [ -115.358077730790001, 36.1590595901393 ], [ -115.358477517474995, 36.158969283394399 ], [ -115.358566816243993, 36.158947747791402 ], [ -115.358655630646993, 36.158924949395697 ], [ -115.358743936202004, 36.1589008971754 ], [ -115.358831711788994, 36.158875591091999 ], [ -115.358918935123995, 36.158849049131 ], [ -115.359005572835002, 36.158821280243799 ], [ -115.359091591549998, 36.158792293382298 ], [ -115.359176981288002, 36.158762079516201 ], [ -115.359261706381005, 36.158730673730503 ], [ -115.359345734613996, 36.158698068756003 ], [ -115.359429054846998, 36.158664272685101 ], [ -115.359511633658002, 36.158629312495698 ], [ -115.359593448840002, 36.158593179134797 ], [ -115.359674466973004, 36.158555899580399 ], [ -115.359754678049995, 36.1585174738156 ], [ -115.359834046451994, 36.1584779198012 ], [ -115.359912551034995, 36.158437246512598 ], [ -115.359990169517005, 36.158395471935798 ], [ -115.360066868527994, 36.158352605023197 ], [ -115.360142636926, 36.158308654768803 ], [ -115.360217452434, 36.158263638257601 ], [ -115.360291282760997, 36.158217575259599 ], [ -115.360364114573002, 36.158170464850599 ], [ -115.360435915535007, 36.158122343023997 ], [ -115.360506674557996, 36.158073200748099 ], [ -115.360576358220996, 36.158023065001601 ], [ -115.360644955359007, 36.157971953791296 ], [ -115.360712443691995, 36.157919885103802 ], [ -115.360778800991994, 36.157866858899602 ], [ -115.360844006066998, 36.157812901278703 ], [ -115.360962296224997, 36.157709994468497 ], [ -115.361516609728994, 36.157211765532097 ], [ -115.363077245794997, 36.157375284640104 ], [ -115.363120652638997, 36.157102838911499 ], [ -115.361792615618, 36.156963689402801 ], [ -115.363478455743007, 36.155448348323603 ], [ -115.370306608156994, 36.155491748611297 ], [ -115.379321426345996, 36.155416703344798 ], [ -115.386706125399996, 36.158860984019498 ], [ -115.394230770497003, 36.162635427159202 ], [ -115.405683720446007, 36.166673592688802 ], [ -115.406587068763002, 36.1744591856962 ], [ -115.406216890704002, 36.181682962996 ], [ -115.405790078338001, 36.1889086201843 ], [ -115.406149591930003, 36.196132270048402 ], [ -115.397317636251003, 36.196063197509602 ], [ -115.397684631087998, 36.203277681612398 ], [ -115.397733091123996, 36.210513951322497 ], [ -115.388816324868998, 36.2104368715056 ], [ -115.370664866984995, 36.2107399305131 ], [ -115.370531515916994, 36.218207686943998 ], [ -115.351977419500002, 36.217964073958903 ], [ -115.347595561399999, 36.218079719772099 ], [ -115.347595560886006, 36.218079891015996 ], [ -115.347578264204003, 36.218080172392298 ], [ -115.347370625422997, 36.2180856422519 ], [ -115.334176725320006, 36.218432443277699 ], [ -115.334163826280999, 36.218432781441898 ], [ -115.334161175505002, 36.2184328507294 ], [ -115.334160795086007, 36.218432857147597 ], [ -115.334160790514005, 36.218435000402103 ], [ -115.334160771491, 36.218435036414 ], [ -115.334160798371002, 36.218435328487502 ], [ -115.334160847803005, 36.218437628678601 ], [ -115.334160729890996, 36.218437632038302 ], [ -115.334179336123995, 36.219304703034602 ], [ -115.334197953835002, 36.220171773926999 ], [ -115.334235179193996, 36.221905915307197 ], [ -115.334271048424995, 36.223640206572497 ], [ -115.334306919043996, 36.225374487415699 ], [ -115.334344257118005, 36.227109483720099 ], [ -115.334381607737996, 36.228844479538601 ], [ -115.334419511988003, 36.2305842528162 ], [ -115.334457417660005, 36.232324034594598 ], [ -115.334382237596998, 36.233295827172803 ], [ -115.334355464444002, 36.233641812199203 ], [ -115.334307055601997, 36.234267619538599 ], [ -115.334278715373998, 36.234633942353597 ], [ -115.334278347712001, 36.234634111029997 ], [ -115.334156753144001, 36.236205763611402 ], [ -115.334156699831993, 36.236206436760902 ], [ -115.336372037873005, 36.236238878877998 ], [ -115.336233336552993, 36.238179391393501 ], [ -115.336094562910006, 36.240120817761202 ], [ -115.338330690828002, 36.240143622096902 ], [ -115.338205113930997, 36.2420484131123 ], [ -115.340451848244001, 36.242071617820798 ], [ -115.342690215320999, 36.242094694109298 ], [ -115.344945477341994, 36.242117901886097 ], [ -115.347192374342001, 36.242140981241199 ], [ -115.349439326300995, 36.242164019408001 ], [ -115.351686334331006, 36.242187015483999 ], [ -115.351625237196998, 36.244094459911203 ], [ -115.353858966645006, 36.244131773155601 ], [ -115.356087015339995, 36.244168950086198 ], [ -115.356092700668, 36.244169044704996 ], [ -115.358317213670006, 36.2442061202118 ], [ -115.358315889378005, 36.244313336396303 ], [ -115.358309660830002, 36.246050997535299 ], [ -115.356044228604006, 36.246034970192099 ], [ -115.355993084722002, 36.246034608034002 ], [ -115.351564098664994, 36.246003150090097 ], [ -115.351506075106997, 36.2478145006353 ], [ -115.351506030956003, 36.247815886725199 ], [ -115.350776045304997, 36.2478160930741 ], [ -115.350747712767998, 36.247816097477099 ], [ -115.346939310403002, 36.2478171053978 ], [ -115.346939333899996, 36.247824450911402 ], [ -115.346939665755997, 36.247916720548901 ], [ -115.346944689815004, 36.249314611458502 ], [ -115.346952530181994, 36.2514964596011 ], [ -115.344271229395005, 36.251500244074002 ], [ -115.342386998665006, 36.251502867306101 ], [ -115.337824880217994, 36.251509096050697 ], [ -115.337828287514995, 36.253341952155402 ], [ -115.335342577435, 36.253344861511799 ], [ -115.333262057000994, 36.253347257397103 ], [ -115.333262727573, 36.251597564998299 ], [ -115.333262749089002, 36.251519923977803 ], [ -115.332122331993006, 36.251520085154503 ], [ -115.330982799584007, 36.2515202373256 ], [ -115.329843267235006, 36.251520378641402 ], [ -115.328703734949002, 36.251520509102299 ], [ -115.328703601076995, 36.251602923071196 ], [ -115.328700878527997, 36.253357647259001 ], [ -115.327560658983003, 36.253359027114797 ], [ -115.326420439464002, 36.253360396102103 ], [ -115.325280219972996, 36.253361754220897 ], [ -115.324140000507995, 36.253363101471102 ], [ -115.324145044871003, 36.2516033534488 ], [ -115.324145283703004, 36.251520931609697 ], [ -115.323003321789997, 36.251528969848003 ], [ -115.321861348553995, 36.251537006172398 ], [ -115.320719386310003, 36.251545022606003 ], [ -115.319577412773, 36.251553028112603 ], [ -115.319577124633, 36.251635449824299 ], [ -115.319570852729001, 36.253395555256702 ], [ -115.318428551463001, 36.253403639147102 ], [ -115.31728625, 36.253411721141099 ], [ -115.316143937275001, 36.253419783188399 ], [ -115.315171226101, 36.253426646421502 ], [ -115.315001648863998, 36.253427834381199 ], [ -115.315000803187999, 36.2552270576697 ], [ -115.314995653739004, 36.255265936459402 ], [ -115.315025507488002, 36.255265731238602 ], [ -115.315071133358998, 36.255265400954301 ], [ -115.315163475633994, 36.255264742778401 ], [ -115.315174292291999, 36.255264667886401 ], [ -115.315195291318005, 36.255264516677599 ], [ -115.315944847243998, 36.255259173548197 ], [ -115.316136488037003, 36.255257808224897 ], [ -115.317279094895994, 36.255249656828902 ], [ -115.317601892157001, 36.255247346045202 ], [ -115.317624691722003, 36.255247183088002 ], [ -115.318677593531007, 36.2552396581317 ], [ -115.319328688575993, 36.255235000628502 ], [ -115.319377530474995, 36.255234648761103 ], [ -115.320706914492007, 36.255225128137198 ], [ -115.321849520704006, 36.255216924067803 ], [ -115.322992126714993, 36.255208718096 ], [ -115.324134732554, 36.255200501209103 ], [ -115.325275561517003, 36.255197893578703 ], [ -115.326416390472005, 36.255195275067599 ], [ -115.327557219387003, 36.255192654688798 ], [ -115.328698048321002, 36.255190014416797 ], [ -115.329838866087002, 36.255187372253403 ], [ -115.330979694999002, 36.255184710220398 ], [ -115.332120523870003, 36.255182046319703 ], [ -115.333261352755997, 36.255179362525702 ], [ -115.335334999056002, 36.255177317509201 ], [ -115.337831695838005, 36.255174806799303 ], [ -115.342402038293002, 36.2551700737449 ], [ -115.342395885933001, 36.253669931285202 ], [ -115.342394786295003, 36.253401808083197 ], [ -115.342394518426005, 36.253336470806502 ], [ -115.346959125566002, 36.253331749278502 ] ], [ [ -115.225743473397998, 36.2121473540737 ], [ -115.225738662157994, 36.212111162049801 ], [ -115.225735361264, 36.2121109025301 ], [ -115.225740181112002, 36.212147157669897 ], [ -115.225743473397998, 36.2121473540737 ] ], [ [ -115.324124244456002, 36.258855983714703 ], [ -115.324124155226002, 36.258887370673399 ], [ -115.324287887048996, 36.258886238260601 ], [ -115.324340918911005, 36.258885870912898 ], [ -115.324519049112993, 36.258884638672697 ], [ -115.324360697006995, 36.258781198263598 ], [ -115.324296055052002, 36.258742747489102 ], [ -115.324124858187005, 36.258640915677503 ], [ -115.324124244456002, 36.258855983714703 ] ], [ [ -115.185890165949999, 36.1920766317565 ], [ -115.185888407985999, 36.191650001020498 ], [ -115.185702984855993, 36.191651851141302 ], [ -115.185617324716006, 36.191652705788997 ], [ -115.185617937615007, 36.1920768091124 ], [ -115.185848471808001, 36.192076659149201 ], [ -115.185890165949999, 36.1920766317565 ] ], [ [ -115.170854100506006, 36.1893907796128 ], [ -115.170852729344006, 36.189652248542302 ], [ -115.170851712461001, 36.189846157211797 ], [ -115.171261373663995, 36.189847568144302 ], [ -115.171262514462995, 36.189629813608697 ], [ -115.171263770669, 36.189390027468903 ], [ -115.170854100506006, 36.1893907796128 ] ], [ [ -115.306688049100998, 36.285088476754702 ], [ -115.306688572824996, 36.284760307371997 ], [ -115.306690097965998, 36.284653057928502 ], [ -115.306361068954999, 36.2846487569659 ], [ -115.306359526764993, 36.284757238411601 ], [ -115.306359451153995, 36.2848032088163 ], [ -115.306359117317996, 36.285004163265 ], [ -115.306358618827005, 36.2853040073297 ], [ -115.306687700165, 36.285307193544597 ], [ -115.306688049100998, 36.285088476754702 ] ], [ [ -115.215714763679998, 36.151668601192803 ], [ -115.215700702627004, 36.151778714358997 ], [ -115.215913974358003, 36.151779069661103 ], [ -115.216191347196997, 36.151779530992101 ], [ -115.216190100852003, 36.1517374465868 ], [ -115.216189567436004, 36.151707639110001 ], [ -115.216188887759003, 36.151669632099697 ], [ -115.216188362466994, 36.151640227526599 ], [ -115.216181809714996, 36.151273616301097 ], [ -115.216098346839004, 36.151274612285903 ], [ -115.216044241225006, 36.151275258422899 ], [ -115.215768694163003, 36.151278540032401 ], [ -115.215712669187994, 36.151279207167299 ], [ -115.215714763679998, 36.151668601192803 ] ], [ [ -115.285673536692997, 36.275998526674996 ], [ -115.285623695454007, 36.275998611708097 ], [ -115.285609998221005, 36.276405069616899 ], [ -115.285643514922, 36.276405012452798 ], [ -115.285714146993001, 36.276404891730799 ], [ -115.286164006109999, 36.276404122242802 ], [ -115.286229807303997, 36.276404009941302 ], [ -115.286229937841995, 36.276400698066503 ], [ -115.286246578013007, 36.276015738381602 ], [ -115.286247372328006, 36.275997345256002 ], [ -115.286189203901003, 36.275997469322697 ], [ -115.285963872202998, 36.275997951116899 ], [ -115.285779813171004, 36.275998345013498 ], [ -115.285673536692997, 36.275998526674996 ] ], [ [ -115.206423881031, 36.1930274142481 ], [ -115.206963180331996, 36.193033445472999 ], [ -115.206967247961003, 36.192752715751098 ], [ -115.206732056064993, 36.192750780009199 ], [ -115.206242110147002, 36.192746747273603 ], [ -115.206056988773994, 36.192744099990698 ], [ -115.206048451702998, 36.193024058503099 ], [ -115.206235381750005, 36.193025305488099 ], [ -115.206423881031, 36.1930274142481 ] ], [ [ -115.215718711275002, 36.188236944126999 ], [ -115.215459832098006, 36.188230097574099 ], [ -115.215453531063005, 36.188679934548702 ], [ -115.215350637624994, 36.188676926138598 ], [ -115.215097108804997, 36.188669513913297 ], [ -115.215092906612, 36.188873396189997 ], [ -115.215193084440997, 36.1888737043178 ], [ -115.215374572664999, 36.188876300143697 ], [ -115.215649103640004, 36.1888802252125 ], [ -115.215840501960997, 36.188882086477498 ], [ -115.215867185278, 36.188882345945899 ], [ -115.215869099524994, 36.188882662767199 ], [ -115.215869119836995, 36.188882360897402 ], [ -115.215869542657998, 36.188834692973302 ], [ -115.215872161492001, 36.188690611795799 ], [ -115.215713507738997, 36.188686600625999 ], [ -115.215717806916004, 36.188342428327601 ], [ -115.215718711275002, 36.188236944126999 ] ], [ [ -115.234114042797003, 36.215043082789698 ], [ -115.234391700939995, 36.215056656738398 ], [ -115.23444080086, 36.214536684555398 ], [ -115.234320693746, 36.2145288536544 ], [ -115.234141146884994, 36.214517147623397 ], [ -115.233811166104005, 36.214495632273902 ], [ -115.233850185590001, 36.2150301830073 ], [ -115.234114042797003, 36.215043082789698 ] ], [ [ -115.260698296898994, 36.2325713803071 ], [ -115.260691680677994, 36.232198051271297 ], [ -115.260520596522994, 36.232197418563601 ], [ -115.259572495022994, 36.232193937513898 ], [ -115.259572355830002, 36.232366942325299 ], [ -115.259572192332996, 36.2325714767045 ], [ -115.259607157865005, 36.232571640713097 ], [ -115.260033700424998, 36.232573645742001 ], [ -115.260052932524005, 36.232573736462399 ], [ -115.260529666593996, 36.232574404429997 ], [ -115.260695883755005, 36.232571425173198 ], [ -115.260696556854995, 36.232571412567701 ], [ -115.260698296898994, 36.2325713803071 ] ], [ [ -115.170786324732006, 36.189845931877201 ], [ -115.170787378946002, 36.1893905496838 ], [ -115.170552534848994, 36.189389740092302 ], [ -115.169941388322997, 36.189387631092302 ], [ -115.169838844441003, 36.189389169624299 ], [ -115.169838491438, 36.189529710794297 ], [ -115.169837704600994, 36.189842875101 ], [ -115.170591751257007, 36.189845305303798 ], [ -115.170786324732006, 36.189845931877201 ] ], [ [ -115.226820281255996, 36.265740388356498 ], [ -115.227058275030998, 36.265764258580802 ], [ -115.227072690328001, 36.264942802186198 ], [ -115.227074134627998, 36.264860042056803 ], [ -115.226810510312006, 36.264834020726703 ], [ -115.226595754189006, 36.264812822217401 ], [ -115.226569647011004, 36.265715250610903 ], [ -115.226820281255996, 36.265740388356498 ] ], [ [ -115.225558926225006, 36.213417530964797 ], [ -115.225784060200994, 36.213432273796499 ], [ -115.225771383546004, 36.213351065158101 ], [ -115.225655647357001, 36.212569176773101 ], [ -115.225369564429002, 36.212551274462399 ], [ -115.225279021229994, 36.212545608497997 ], [ -115.225118756157997, 36.212535503151301 ], [ -115.225237147569999, 36.2133217351792 ], [ -115.225248858423001, 36.213397541375898 ], [ -115.225510627648006, 36.213414368153202 ], [ -115.225558926225006, 36.213417530964797 ] ], [ [ -115.274931433201999, 36.3090616352656 ], [ -115.274616571875995, 36.3090443112687 ], [ -115.274611282980004, 36.310007401053802 ], [ -115.274785396525004, 36.310015454604198 ], [ -115.275152360670006, 36.3100324285056 ], [ -115.275152202266995, 36.309945346166899 ], [ -115.275150588073998, 36.309073692559899 ], [ -115.274931433201999, 36.3090616352656 ] ], [ [ -115.238633501490995, 36.2649111016853 ], [ -115.238133495406998, 36.2648602244819 ], [ -115.238130968400995, 36.264984287271098 ], [ -115.238131259103994, 36.265009271566697 ], [ -115.238129577175997, 36.265148676561601 ], [ -115.238129396356996, 36.265163715683698 ], [ -115.238120127002006, 36.265932899026197 ], [ -115.238397130230993, 36.265965405210103 ], [ -115.238565431287, 36.265972758212897 ], [ -115.238619119280997, 36.265969607068797 ], [ -115.238619713131996, 36.265921343488799 ], [ -115.238632562302001, 36.264979958506203 ], [ -115.238633501490995, 36.2649111016853 ] ], [ [ -115.255885383722998, 36.240534179167497 ], [ -115.255885239221996, 36.240538948363103 ], [ -115.256480215075996, 36.240542567166401 ], [ -115.256485639947996, 36.240404693753099 ], [ -115.256507373510004, 36.239816099728699 ], [ -115.256514731671004, 36.239616815421797 ], [ -115.256514575916, 36.239616814095001 ], [ -115.256015195215994, 36.239611556247198 ], [ -115.255913414421997, 36.239609475176799 ], [ -115.255891447112006, 36.240334159540801 ], [ -115.255885383722998, 36.240534179167497 ] ], [ [ -115.262245267580994, 36.225624475411202 ], [ -115.262242292834003, 36.2257344792609 ], [ -115.262308347271997, 36.225736313058 ], [ -115.262872496208004, 36.225751977256799 ], [ -115.262856097973, 36.224819920942302 ], [ -115.262520211435003, 36.224810927329401 ], [ -115.262230737793999, 36.224803174926102 ], [ -115.262245267580994, 36.225624475411202 ] ], [ [ -115.212570613517002, 36.150864765861698 ], [ -115.212470765893997, 36.150863137194897 ], [ -115.212474149721999, 36.151770721520002 ], [ -115.213033289142004, 36.151771708211101 ], [ -115.213033747278999, 36.151662675419303 ], [ -115.213031978634007, 36.151480529866497 ], [ -115.213031746216998, 36.151456686278898 ], [ -115.213029950378001, 36.151271816019801 ], [ -115.213554978665996, 36.151273267105402 ], [ -115.213552644920995, 36.151211001112301 ], [ -115.213549527159003, 36.150870226078403 ], [ -115.213067527198007, 36.150867628181501 ], [ -115.213026197220003, 36.150867401245598 ], [ -115.212570613517002, 36.150864765861698 ] ], [ [ -115.212969143801999, 36.206434614039701 ], [ -115.212981984511998, 36.206031840591898 ], [ -115.212982099460007, 36.206026798245603 ], [ -115.212967545214994, 36.206031566081201 ], [ -115.212807879913001, 36.206028563597897 ], [ -115.211408984306004, 36.206002254807998 ], [ -115.211352201592007, 36.206000873316398 ], [ -115.211307590489994, 36.205999789203901 ], [ -115.211300080336997, 36.206402579021201 ], [ -115.211295627495005, 36.206488106338199 ], [ -115.212629795321007, 36.206514814458501 ], [ -115.212968674980004, 36.206522316841401 ], [ -115.212969143801999, 36.206434614039701 ] ], [ [ -115.215629282536, 36.189604947354503 ], [ -115.215628912176001, 36.1896461171333 ], [ -115.215621808522002, 36.18984327047 ], [ -115.215169823880004, 36.189833508210199 ], [ -115.215067265464, 36.189833192735897 ], [ -115.215056592107999, 36.190217768148401 ], [ -115.215159706955006, 36.190218085344597 ], [ -115.215611731294999, 36.190224585101198 ], [ -115.215611308302002, 36.190272253012502 ], [ -115.216060601915004, 36.1902852499977 ], [ -115.216163271186005, 36.190287908315803 ], [ -115.216175490382, 36.190285593429401 ], [ -115.216176220039003, 36.1902555241371 ], [ -115.216179415281005, 36.190123625684002 ], [ -115.216190465387996, 36.189669066155503 ], [ -115.216195840679006, 36.189447895311503 ], [ -115.216202650059003, 36.189167684458099 ], [ -115.216094613058999, 36.1891662210435 ], [ -115.215684662627993, 36.189159338619 ], [ -115.215642609849994, 36.189158632629699 ], [ -115.215639010493007, 36.189262630419698 ], [ -115.215635268493003, 36.189382869011901 ], [ -115.215631975739001, 36.189452195121497 ], [ -115.215630849988997, 36.1895160534525 ], [ -115.215629282536, 36.189604947354503 ] ], [ [ -115.211116297977, 36.188320214264103 ], [ -115.211106773316004, 36.188678412190001 ], [ -115.211094860016999, 36.189126416184898 ], [ -115.211446765882002, 36.1891261039545 ], [ -115.211786669779002, 36.189126853011203 ], [ -115.212127911894996, 36.189126523704999 ], [ -115.212140359200006, 36.188686630151501 ], [ -115.212150663214999, 36.1883224977514 ], [ -115.212153886815997, 36.188214271847698 ], [ -115.211800480552, 36.188213202537803 ], [ -115.211464406659005, 36.188212177016197 ], [ -115.211116313481, 36.188211203307603 ], [ -115.211116297977, 36.188320214264103 ] ], [ [ -115.187888566032996, 36.191766825992701 ], [ -115.187443714219, 36.1917653555548 ], [ -115.187434142938002, 36.192074177448198 ], [ -115.187879536303001, 36.192072224819299 ], [ -115.188377672322005, 36.192067892121202 ], [ -115.188952934118007, 36.192062886760098 ], [ -115.189233710050999, 36.1920566282379 ], [ -115.189189366758995, 36.192007965872101 ], [ -115.188575544371005, 36.191327407123303 ], [ -115.188348163102006, 36.1910800951078 ], [ -115.187989059369997, 36.1906895114492 ], [ -115.187894500076993, 36.190586569361997 ], [ -115.187888566032996, 36.191766825992701 ] ], [ [ -115.327663920630002, 36.3248388579443 ], [ -115.326522925248995, 36.324858024437603 ], [ -115.326495074950003, 36.325932247719997 ], [ -115.326673858785995, 36.325920158148499 ], [ -115.327637434121996, 36.325854996550497 ], [ -115.327663035566005, 36.324872832214801 ], [ -115.327663920630002, 36.3248388579443 ] ], [ [ -115.246303567520002, 36.269766357522499 ], [ -115.246999601381006, 36.269793833007803 ], [ -115.246996830705001, 36.268337713877997 ], [ -115.246996320516004, 36.268069718974203 ], [ -115.246583162912998, 36.2680562629603 ], [ -115.246289372061995, 36.268045196876201 ], [ -115.246290926821999, 36.268483683327098 ], [ -115.246291528550998, 36.268633729916701 ], [ -115.246293449391004, 36.268686604342903 ], [ -115.246292333591995, 36.2688840894008 ], [ -115.246292204322003, 36.268976326804001 ], [ -115.246293680337004, 36.269264794227702 ], [ -115.246293108591004, 36.269303046489 ], [ -115.246293102449997, 36.269303439429201 ], [ -115.246303567520002, 36.269766357522499 ] ], [ [ -115.264769083193002, 36.310455451448199 ], [ -115.264764938867003, 36.309568991487602 ], [ -115.264768028090998, 36.309493940792201 ], [ -115.264043786352005, 36.309451319804097 ], [ -115.263257644947004, 36.309405051605601 ], [ -115.263259133126994, 36.309487765422503 ], [ -115.263262365024005, 36.310078362082798 ], [ -115.263569044609, 36.310096409711797 ], [ -115.263963850525002, 36.3101196418067 ], [ -115.263965201743005, 36.310408143803997 ], [ -115.264769083193002, 36.310455451448199 ] ], [ [ -115.324226214025003, 36.325470026489697 ], [ -115.324240933010998, 36.324896324742603 ], [ -115.32406056085, 36.324901296197503 ], [ -115.323079588997004, 36.324928329483903 ], [ -115.323053669600995, 36.326067501731302 ], [ -115.323312304753003, 36.326055527055502 ], [ -115.324208240535995, 36.3260140413337 ], [ -115.324226214025003, 36.325470026489697 ] ], [ [ -115.316107139582002, 36.326013842141201 ], [ -115.316107777715999, 36.325878815012103 ], [ -115.316079405436994, 36.325880238675801 ], [ -115.316053924144995, 36.325791450577498 ], [ -115.316029355938994, 36.325722313143999 ], [ -115.315978583806995, 36.325609702826199 ], [ -115.315973322163998, 36.325600591815402 ], [ -115.315915869356999, 36.325501103465498 ], [ -115.315841688722998, 36.3253973452792 ], [ -115.315756617312999, 36.3252992127399 ], [ -115.315661289703002, 36.325207448091199 ], [ -115.315571498820006, 36.325134935222302 ], [ -115.315549971671004, 36.325135525998 ], [ -115.315326475110993, 36.325141671060898 ], [ -115.315441882380995, 36.325224125778597 ], [ -115.315480607595006, 36.325253810337202 ], [ -115.315518037147001, 36.325284573506501 ], [ -115.315554104363997, 36.325316370074702 ], [ -115.315588787094001, 36.325349163942498 ], [ -115.315622029739998, 36.325382927948397 ], [ -115.315653799098996, 36.325417599831603 ], [ -115.315684050719, 36.325453150652798 ], [ -115.315712751334999, 36.325489536176597 ], [ -115.315739867686005, 36.325526711265702 ], [ -115.315765355375007, 36.3255646307585 ], [ -115.315789203413999, 36.3256032495676 ], [ -115.315811356328993, 36.325642504480903 ], [ -115.315831815292995, 36.325682377476497 ], [ -115.315850533770998, 36.325722796349297 ], [ -115.315867501891006, 36.3257637160144 ], [ -115.315882686359004, 36.325805100347303 ], [ -115.315896087417002, 36.325846878148603 ], [ -115.315907638794002, 36.325888885239102 ], [ -115.315300945475002, 36.325919413304902 ], [ -115.314948699294007, 36.325937135018997 ], [ -115.314947155480994, 36.3268852253264 ], [ -115.314946906361996, 36.327038090364603 ], [ -115.316000661225999, 36.326985158831299 ], [ -115.316102570786001, 36.326980024153201 ], [ -115.316107139582002, 36.326013842141201 ] ], [ [ -115.320736969302999, 36.326174741974299 ], [ -115.320756886105002, 36.324992296965398 ], [ -115.320581111685001, 36.324997135374304 ], [ -115.319595528345005, 36.325024258806501 ], [ -115.319493640549993, 36.325027062223 ], [ -115.319478520226994, 36.326118480088198 ], [ -115.319476933296997, 36.3262330462737 ], [ -115.320736969302999, 36.326174741974299 ] ], [ [ -115.253380944022993, 36.241679907844002 ], [ -115.253395680303996, 36.240667319052498 ], [ -115.253399694796997, 36.240527468996497 ], [ -115.252079233, 36.2405183394742 ], [ -115.252078650770997, 36.240567467709099 ], [ -115.252077782475993, 36.240640622459402 ], [ -115.252069551695001, 36.241336174820297 ], [ -115.251372674736999, 36.241330764245603 ], [ -115.251366145149007, 36.241667232027403 ], [ -115.251569602729006, 36.241668508422897 ], [ -115.252666846943995, 36.241675412666901 ], [ -115.252989834, 36.241677445969501 ], [ -115.253380944022993, 36.241679907844002 ] ], [ [ -115.327233771563002, 36.218619768347999 ], [ -115.327238301530997, 36.219277476932596 ], [ -115.328924189781006, 36.219284128374703 ], [ -115.329555987557995, 36.219286614545403 ], [ -115.329544756692002, 36.218404047389697 ], [ -115.327583163851997, 36.218390919581502 ], [ -115.327348443055001, 36.218389346978697 ], [ -115.327232188416005, 36.218388854888602 ], [ -115.327233771563002, 36.218619768347999 ] ], [ [ -115.312628207748006, 36.284709420857297 ], [ -115.312614727167002, 36.284709284889701 ], [ -115.311508808721001, 36.284698467199703 ], [ -115.311508235111006, 36.284843005651801 ], [ -115.311504418389006, 36.286534480122498 ], [ -115.312341951904997, 36.286543127163803 ], [ -115.312633202472995, 36.286546133777499 ], [ -115.312633174889996, 36.286503193237202 ], [ -115.312633159897004, 36.286473368119303 ], [ -115.312628207748006, 36.284709420857297 ] ], [ [ -115.285442379336004, 36.234644055092502 ], [ -115.284913842245999, 36.234646459389801 ], [ -115.284913908236007, 36.234617385004 ], [ -115.284915518277003, 36.233875489976697 ], [ -115.284915802925994, 36.233744375342901 ], [ -115.284847121070996, 36.233743177456198 ], [ -115.283755615394995, 36.233747614681498 ], [ -115.283755555688998, 36.233880205275099 ], [ -115.283755136489006, 36.234613566273403 ], [ -115.283755112159994, 36.234651729318898 ], [ -115.284913842245999, 36.234646459389801 ], [ -115.284912861712996, 36.235100614399599 ], [ -115.284912066648999, 36.235467024355202 ], [ -115.284912254890003, 36.235554786530102 ], [ -115.284915460117006, 36.235554770189999 ], [ -115.285035558763994, 36.2355541656922 ], [ -115.285239282556006, 36.235553140358299 ], [ -115.285439971337993, 36.235552129653101 ], [ -115.285967427415997, 36.235549476110201 ], [ -115.286042249035006, 36.235549098746603 ], [ -115.286069158028994, 36.235548962817603 ], [ -115.286072554205006, 36.234645946891902 ], [ -115.286072568042997, 36.234642291314501 ], [ -115.286072571291001, 36.234641433299302 ], [ -115.286073147403002, 36.234641183272103 ], [ -115.286072574475, 36.234641180046097 ], [ -115.286028262615005, 36.234641383591701 ], [ -115.285970853007001, 36.234641645598799 ], [ -115.285442379336004, 36.234644055092502 ] ], [ [ -115.326125316344999, 36.2290768451197 ], [ -115.326123210833998, 36.228621215805603 ], [ -115.326117073652995, 36.227293330334099 ], [ -115.324942944607002, 36.227319524626303 ], [ -115.324944828170004, 36.228273720217999 ], [ -115.324946477655004, 36.229109698786203 ], [ -115.326125316344999, 36.2290768451197 ] ], [ [ -115.322974595838005, 36.2609787656896 ], [ -115.322975082987995, 36.260817894247801 ], [ -115.322975334236006, 36.260735481580198 ], [ -115.321831789922001, 36.260743955564998 ], [ -115.321829329330001, 36.261512842697798 ], [ -115.321828841713, 36.261665133007497 ], [ -115.321826329051007, 36.262448937920901 ], [ -115.321825882268001, 36.262586301270602 ], [ -115.322411456113002, 36.262581919157199 ], [ -115.322969731960995, 36.262577737932297 ], [ -115.322970154453998, 36.262440383534297 ], [ -115.322971343814004, 36.262048498946903 ], [ -115.322972533180007, 36.261656605321001 ], [ -115.322973813662003, 36.261237249811302 ], [ -115.322974595838005, 36.2609787656896 ] ], [ [ -115.324167571944997, 36.284603078427402 ], [ -115.323016897914002, 36.284618920058897 ], [ -115.323014288950006, 36.285129624596301 ], [ -115.323012133922006, 36.285550562776201 ], [ -115.323010030337997, 36.285962704564298 ], [ -115.323007511743, 36.286456212799102 ], [ -115.323519768181995, 36.286448979265501 ], [ -115.324159060208999, 36.286439949608003 ], [ -115.324166902605, 36.284747605063103 ], [ -115.324167571944997, 36.284603078427402 ] ], [ [ -115.326387459277001, 36.277227047211497 ], [ -115.325349642378001, 36.277239053116901 ], [ -115.325349056847003, 36.277376406839402 ], [ -115.325345703311001, 36.278158756958703 ], [ -115.325344164068994, 36.278518273941799 ], [ -115.325170995473997, 36.278687035200498 ], [ -115.325061182455002, 36.278789201433902 ], [ -115.324949170297003, 36.278889803599803 ], [ -115.324835024764994, 36.278988814795703 ], [ -115.324790941955996, 36.279025733231897 ], [ -115.324718748226999, 36.279086190858202 ], [ -115.325339782626997, 36.279078483422097 ], [ -115.326490436615998, 36.279064196467097 ], [ -115.326491138700007, 36.2788872669529 ], [ -115.326491949556001, 36.278680531460999 ], [ -115.326492051402994, 36.278654539687402 ], [ -115.326493430794002, 36.278302797681199 ], [ -115.326494049068998, 36.278144987704202 ], [ -115.326495855337001, 36.277687392221502 ], [ -115.326496409952, 36.277546631594298 ], [ -115.326496429686003, 36.277541626831997 ], [ -115.326496694244, 36.277473439302597 ], [ -115.326497122377006, 36.2773631326314 ], [ -115.326497661372002, 36.277225778799298 ], [ -115.326496426868999, 36.277052161779999 ], [ -115.326474058244997, 36.277088056764299 ], [ -115.326387459277001, 36.277227047211497 ] ], [ [ -115.314798354893995, 36.277364030617299 ], [ -115.313796535625002, 36.277358687285997 ], [ -115.313771891762997, 36.277358559637698 ], [ -115.313772588034993, 36.277466849898602 ], [ -115.313756133549006, 36.278703629051499 ], [ -115.313750972955006, 36.279091477401998 ], [ -115.313750682846006, 36.279175845466199 ], [ -115.315005153852994, 36.279206336065698 ], [ -115.315019847471007, 36.277772568389999 ], [ -115.315024022021007, 36.2773652329196 ], [ -115.314798354893995, 36.277364030617299 ] ], [ [ -115.271295629451998, 36.308536373026399 ], [ -115.269377093206998, 36.3084464059176 ], [ -115.269379019818004, 36.309668531291102 ], [ -115.269379166731994, 36.309765211255403 ], [ -115.269847534798998, 36.3097869001598 ], [ -115.271692467509993, 36.309872314774502 ], [ -115.271693337659002, 36.309371036947297 ], [ -115.271693400155002, 36.308555022375998 ], [ -115.271295629451998, 36.308536373026399 ] ], [ [ -115.332134480834995, 36.264384870074501 ], [ -115.332134706448997, 36.264423542735798 ], [ -115.332137132537994, 36.264839567648899 ], [ -115.332139557529004, 36.265255591629398 ], [ -115.331097070455996, 36.265264573561097 ], [ -115.330995306342999, 36.265264963667299 ], [ -115.331000169874002, 36.266097687554002 ], [ -115.331000650421004, 36.266180101723997 ], [ -115.332144890321999, 36.266170081615897 ], [ -115.333289131110007, 36.266160050562199 ], [ -115.333286424478004, 36.265695352368901 ], [ -115.333285059271006, 36.265460974900002 ], [ -115.333283898497001, 36.265261619842803 ], [ -115.333278485934002, 36.264332027703702 ], [ -115.332134220252996, 36.2643411303346 ], [ -115.332134480834995, 36.264384870074501 ] ], [ [ -115.258074915327001, 36.231249924217202 ], [ -115.258380080650994, 36.2312489436151 ], [ -115.258794774099002, 36.2312503575601 ], [ -115.258914924381003, 36.231250767215002 ], [ -115.258926692897006, 36.231250806333897 ], [ -115.259521658541999, 36.231252831674098 ], [ -115.259519478746995, 36.231173087307802 ], [ -115.259497746278001, 36.230330136084 ], [ -115.259334836117006, 36.230330821663003 ], [ -115.259035714242003, 36.230330083411602 ], [ -115.258968941592002, 36.230331001982499 ], [ -115.258814040933004, 36.230331708565302 ], [ -115.258591038285999, 36.230332248158497 ], [ -115.258368029026997, 36.2303316967634 ], [ -115.258333305543999, 36.230332693006197 ], [ -115.258147695142, 36.230332233765701 ], [ -115.257930032166996, 36.230332786638897 ], [ -115.257708367849006, 36.230332237672002 ], [ -115.257273030817998, 36.230333332380901 ], [ -115.257212952881005, 36.2303320961189 ], [ -115.257200834824005, 36.2303321469088 ], [ -115.257050031595995, 36.230332778556601 ], [ -115.256827028958995, 36.230333314862001 ], [ -115.256605353539001, 36.230332763821401 ], [ -115.256220680121004, 36.230335822644498 ], [ -115.256173934391001, 36.230336028313197 ], [ -115.256072202485001, 36.2303357771451 ], [ -115.256084751437001, 36.231259389495101 ], [ -115.256084833933997, 36.2312593473604 ], [ -115.257234316475007, 36.231252621171002 ], [ -115.257250388347998, 36.231252569436698 ], [ -115.257340208165004, 36.231252281530502 ], [ -115.257735220003994, 36.231251015573697 ], [ -115.258074915327001, 36.231249924217202 ] ], [ [ -115.313772557552994, 36.297458273209003 ], [ -115.313773830987998, 36.297648959070202 ], [ -115.313776336301004, 36.297863783876203 ], [ -115.313777786843005, 36.2979816398081 ], [ -115.313781733509003, 36.298302436281197 ], [ -115.313783672333997, 36.2984599224107 ], [ -115.313786199136999, 36.2986652766281 ], [ -115.313787369373998, 36.298760406239303 ], [ -115.313789887357004, 36.298965091679698 ], [ -115.313792238280996, 36.2991562017191 ], [ -115.313793961829006, 36.299296334175203 ], [ -115.313794685155003, 36.299355024186099 ], [ -115.313795096831001, 36.299388440817701 ], [ -115.313795472929002, 36.299418930024999 ], [ -115.314605921006006, 36.299430557521902 ], [ -115.314925684459993, 36.299435144074501 ], [ -115.314919338089993, 36.297598992662699 ], [ -115.314913002907005, 36.295762831699697 ], [ -115.314395737910999, 36.2957558687296 ], [ -115.31425437275, 36.295753966232198 ], [ -115.314176690720998, 36.295752919852198 ], [ -115.314077666314006, 36.2957515865236 ], [ -115.313868474277001, 36.295748769230102 ], [ -115.313768461251996, 36.295747422602098 ], [ -115.313768867747996, 36.2959169599158 ], [ -115.313769549316007, 36.296202976095202 ], [ -115.313769948681994, 36.296370054698201 ], [ -115.313770242868998, 36.296491656460603 ], [ -115.313770746377998, 36.296704512914097 ], [ -115.313771437, 36.296990161355502 ], [ -115.313772557552994, 36.297458273209003 ] ], [ [ -115.324812463298997, 36.271740047274001 ], [ -115.325882364780995, 36.271728173538101 ], [ -115.325882395931004, 36.271728178111502 ], [ -115.326459080120003, 36.271721776164597 ], [ -115.326458614271004, 36.2716601176772 ], [ -115.326458552272001, 36.271651861816402 ], [ -115.326456766280998, 36.27141557833 ], [ -115.326455291268005, 36.271220275819502 ], [ -115.326455017054997, 36.2711850622062 ], [ -115.326453325255997, 36.270960801984401 ], [ -115.326453278993, 36.2709545379861 ], [ -115.326451369823999, 36.270701498502603 ], [ -115.326451293033998, 36.270690962369201 ], [ -115.326449544178999, 36.270460338965997 ], [ -115.326449403856998, 36.270442015632199 ], [ -115.326447806256994, 36.270229777765699 ], [ -115.326446080885006, 36.270002182697702 ], [ -115.326446042889003, 36.269996792958402 ], [ -115.326445211001001, 36.269887185540597 ], [ -115.325397463634005, 36.269898003568201 ], [ -115.325301021691004, 36.2698989987462 ], [ -115.324156820973997, 36.269910800980199 ], [ -115.324165448059006, 36.271338752484503 ], [ -115.324166371139995, 36.271491538619202 ], [ -115.324167914832998, 36.271747184703798 ], [ -115.324812463298997, 36.271740047274001 ] ], [ [ -115.319570861890995, 36.283746896812701 ], [ -115.319569348818007, 36.283979200665897 ], [ -115.319564873505001, 36.284666360482099 ], [ -115.319666648410006, 36.284664962631297 ], [ -115.320715548693002, 36.284650561086202 ], [ -115.320716206284999, 36.284540678688103 ], [ -115.320721099660005, 36.283731366754097 ], [ -115.320726661560997, 36.282812172304098 ], [ -115.320732223446001, 36.281892923635503 ], [ -115.320734995774004, 36.281434186988697 ], [ -115.320736572290997, 36.281173243219698 ], [ -115.320737594972996, 36.281003858233397 ], [ -115.320737773638996, 36.280973782952898 ], [ -115.320163500133006, 36.2809811457725 ], [ -115.319588836902, 36.280988513987403 ], [ -115.319587526182005, 36.281189505267903 ], [ -115.319585843032002, 36.281448250559798 ], [ -115.319582847532999, 36.281908455758099 ], [ -115.319582163915001, 36.282012380686403 ], [ -115.319570861890995, 36.283746896812701 ] ], [ [ -115.306386773908997, 36.220164762994301 ], [ -115.306387992452002, 36.220310702304097 ], [ -115.306399610336996, 36.221249539121203 ], [ -115.308681566773998, 36.2212077151882 ], [ -115.308673939292007, 36.220279368764402 ], [ -115.308673880662994, 36.220272276397303 ], [ -115.308673044388996, 36.219340584513702 ], [ -115.306380202737998, 36.219377696517903 ], [ -115.306386773908997, 36.220164762994301 ] ], [ [ -115.328621226286998, 36.268032857012898 ], [ -115.327432853641994, 36.268044251373396 ], [ -115.327435891956995, 36.2685184406498 ], [ -115.327437354501996, 36.268749010330701 ], [ -115.327438777153006, 36.268971341310099 ], [ -115.327440250866005, 36.269201901984601 ], [ -115.327441673525996, 36.269424232947202 ], [ -115.327443096156998, 36.2696465738155 ], [ -115.327444560933003, 36.269876466596003 ], [ -115.327446749008004, 36.270218976821603 ], [ -115.327448211586002, 36.270449546437 ], [ -115.327449696431998, 36.270680115189698 ], [ -115.327451405595994, 36.270947682876901 ], [ -115.327452879467998, 36.271178206522997 ], [ -115.327454353372005, 36.271408722048797 ], [ -115.327456062555001, 36.271676288802098 ], [ -115.327456284712, 36.2717105379297 ], [ -115.327457891598002, 36.271961702050803 ], [ -115.327459600794, 36.272229268779398 ], [ -115.327461309992998, 36.272496836397302 ], [ -115.327463019198007, 36.272764404003198 ], [ -115.327464509308996, 36.272996784250999 ], [ -115.327467997620005, 36.273544617690298 ], [ -115.327617550376004, 36.273543928121398 ], [ -115.327656898385001, 36.273543498518599 ], [ -115.327658411086006, 36.2735434819243 ], [ -115.327739656106999, 36.273542592075302 ], [ -115.328272856734003, 36.273536745502597 ], [ -115.328300631866, 36.2735364406184 ], [ -115.328661894449993, 36.273532475129599 ], [ -115.328643513854999, 36.272804798292597 ], [ -115.328642229468997, 36.272584080148398 ], [ -115.328642340440993, 36.272583839742801 ], [ -115.328643017382007, 36.272451493591099 ], [ -115.328644014497996, 36.272256548796598 ], [ -115.328645625603002, 36.271941780086898 ], [ -115.328646869728999, 36.271698532583002 ], [ -115.328368872539002, 36.2717014967075 ], [ -115.327736482519001, 36.271708228650098 ], [ -115.327649211090005, 36.271709156990198 ], [ -115.327625423846001, 36.2717090096967 ], [ -115.327602776326998, 36.271708868440498 ], [ -115.327588755932993, 36.269874918382698 ], [ -115.327627177108994, 36.269874856329103 ], [ -115.327641534964997, 36.269874832948702 ], [ -115.327733309869998, 36.269873883591302 ], [ -115.328522887408994, 36.269865713812898 ], [ -115.328620748418004, 36.269864701033299 ], [ -115.328621997433004, 36.269864632492101 ], [ -115.328620768310003, 36.269755426206601 ], [ -115.328621044588999, 36.268217319081202 ], [ -115.328621053079999, 36.268166383210499 ], [ -115.328621075046001, 36.268045841444803 ], [ -115.328621226286998, 36.268032857012898 ] ], [ [ -115.255980778584998, 36.223810108770401 ], [ -115.255995359908994, 36.224750155424701 ], [ -115.257119528231996, 36.224752937012298 ], [ -115.257117834777006, 36.225672345571198 ], [ -115.257999044471006, 36.225672646532402 ], [ -115.258279924948994, 36.225672741131 ], [ -115.259429966395999, 36.225679221532197 ], [ -115.260572299770999, 36.2256880224448 ], [ -115.260557199356995, 36.224748878954699 ], [ -115.260554645840003, 36.224751471374802 ], [ -115.260470970171994, 36.2247520793197 ], [ -115.260387295615999, 36.224752687208998 ], [ -115.259606760077006, 36.224749839021499 ], [ -115.259417693198003, 36.224749156122002 ], [ -115.258902531640999, 36.224747273774703 ], [ -115.258377613725997, 36.224745353701898 ], [ -115.258271183125999, 36.224744983505801 ], [ -115.258261976189999, 36.2241745437478 ], [ -115.258256323889, 36.2238243878597 ], [ -115.258256227114998, 36.2238243875968 ], [ -115.258256240178, 36.223819618027498 ], [ -115.258154512651998, 36.223819269520099 ], [ -115.257120505684995, 36.223815734076702 ], [ -115.255985481292001, 36.223805379069603 ], [ -115.255980798460001, 36.223805339220299 ], [ -115.255980736165995, 36.223805339951198 ], [ -115.255980778584998, 36.223810108770401 ] ], [ [ -115.263418939779001, 36.2322936489795 ], [ -115.264105158232994, 36.232318164444798 ], [ -115.264068915796997, 36.229490821578899 ], [ -115.262913175711006, 36.229452446857302 ], [ -115.262928785203997, 36.230395441934597 ], [ -115.262827359601005, 36.230390979316297 ], [ -115.262588153386005, 36.230382688215002 ], [ -115.262306874990003, 36.230372937242599 ], [ -115.261775722267004, 36.230354900286997 ], [ -115.261779585007005, 36.230802597822802 ], [ -115.261786228231003, 36.231217856543402 ], [ -115.261791298255005, 36.231300049319699 ], [ -115.261796368288998, 36.231382242094703 ], [ -115.261808300531996, 36.231812656571201 ], [ -115.261812240862, 36.232238732386499 ], [ -115.262356755835, 36.2322568050513 ], [ -115.262855902482997, 36.2322726447223 ], [ -115.262957330480006, 36.232277116339901 ], [ -115.263058950879, 36.232280786243102 ], [ -115.263418939779001, 36.2322936489795 ] ], [ [ -115.110583221026005, 36.1518897820132 ], [ -115.110583319411006, 36.151785995054396 ], [ -115.110451303722996, 36.1517865589786 ], [ -115.109955081585994, 36.15177956926 ], [ -115.109948139026997, 36.151693972279702 ], [ -115.109939494497993, 36.151628991025802 ], [ -115.109787668446003, 36.1514713496789 ], [ -115.109572608186994, 36.151280380584197 ], [ -115.109386521198005, 36.151120961927099 ], [ -115.109242971767003, 36.150991806421302 ], [ -115.109095440542006, 36.150859399336497 ], [ -115.108957191759998, 36.1507378344267 ], [ -115.108818954510994, 36.150616270303402 ], [ -115.108680724151, 36.150493633509399 ], [ -115.108587668303997, 36.150413311043401 ], [ -115.108542486646002, 36.150372069063998 ], [ -115.108405573105003, 36.150250508807297 ], [ -115.108351078341002, 36.150203831082301 ], [ -115.108266017074001, 36.150126775711101 ], [ -115.108127770850004, 36.150005210749399 ], [ -115.108016372435003, 36.149907672477802 ], [ -115.107851313858006, 36.149759916483099 ], [ -115.107849336390998, 36.149758152914998 ], [ -115.107707762836, 36.149631849682102 ], [ -115.107673207242001, 36.149601456065 ], [ -115.107570843377999, 36.149513533993797 ], [ -115.107436603332999, 36.149393064793799 ], [ -115.107295716823998, 36.149269325272797 ], [ -115.107222622690998, 36.149202041665298 ], [ -115.107157486621006, 36.149145605159902 ], [ -115.106883689656001, 36.1489024733105 ], [ -115.106690969954997, 36.148729911154199 ], [ -115.106580661620995, 36.148631141107401 ], [ -115.106514201557999, 36.1485714453149 ], [ -115.106443754129003, 36.148509578617798 ], [ -115.106350722548996, 36.1484260098484 ], [ -115.106013130766001, 36.148126445257603 ], [ -115.105922081155995, 36.148121413633199 ], [ -115.105893315117001, 36.148122443596002 ], [ -115.105864600760995, 36.148124113675202 ], [ -115.105835960202995, 36.148126441985099 ], [ -115.105807403499, 36.148129419552703 ], [ -115.105778966206998, 36.148133046520101 ], [ -115.105750658383002, 36.148137313914297 ], [ -115.105722513364, 36.148142221868497 ], [ -115.105694542261006, 36.148147770427101 ], [ -115.105666778466002, 36.148153950710501 ], [ -115.105639244258001, 36.148160753794699 ], [ -115.105611950748994, 36.148168179724301 ], [ -115.105584920216998, 36.148176219575198 ], [ -115.105558174888003, 36.148184873436598 ], [ -115.105531748152998, 36.1481941324286 ], [ -115.105505651178007, 36.148203987583301 ], [ -115.105479895130003, 36.148214429932501 ], [ -115.105454524514002, 36.1482254506411 ], [ -115.105429528216007, 36.1482370496648 ], [ -115.105404950850996, 36.148249200143297 ], [ -115.105380792361998, 36.148261911089598 ], [ -115.105357097310005, 36.1482751646558 ], [ -115.105333854636001, 36.148288951785197 ], [ -115.105310506471994, 36.148303639780899 ], [ -115.105191676185996, 36.148399071886502 ], [ -115.105058315904998, 36.148506171653104 ], [ -115.109656641941001, 36.152570039582599 ], [ -115.109662758469, 36.152575444486899 ], [ -115.109661465970007, 36.152557891227502 ], [ -115.109724575133995, 36.152512857241803 ], [ -115.109975310099998, 36.152333935483803 ], [ -115.110279156640004, 36.152112651397097 ], [ -115.110583221026005, 36.1518897820132 ] ], [ [ -115.258210208063005, 36.220155759425701 ], [ -115.258211458477007, 36.220106255160402 ], [ -115.257075020155995, 36.2201063977407 ], [ -115.257082196254004, 36.220604198656901 ], [ -115.257089593407002, 36.221032709248 ], [ -115.255940555167001, 36.221034365895001 ], [ -115.255958309817004, 36.221954782645597 ], [ -115.255961933603004, 36.2220381074439 ], [ -115.255972346969997, 36.222872891705201 ], [ -115.255972459364003, 36.222872880296002 ], [ -115.256080526361998, 36.2228720673086 ], [ -115.256527611373002, 36.222874262566599 ], [ -115.256611692142997, 36.222874465131497 ], [ -115.256964007012996, 36.222876417987003 ], [ -115.257126829330005, 36.222876825915101 ], [ -115.257407087727998, 36.2228785990375 ], [ -115.257587671712002, 36.2228790439001 ], [ -115.257648651677997, 36.222879193663601 ], [ -115.258135765008007, 36.222882555370298 ], [ -115.258154440951998, 36.222882606123697 ], [ -115.258251856224007, 36.222886088401602 ], [ -115.258251894316999, 36.222890860814402 ], [ -115.258351906870999, 36.222895428906099 ], [ -115.258868398077993, 36.222895613770703 ], [ -115.259388865792005, 36.222900142356799 ], [ -115.259385780146999, 36.222475014493497 ], [ -115.259384051555998, 36.222044491569697 ], [ -115.259383113346004, 36.221964499882901 ], [ -115.258884016223007, 36.221961056697602 ], [ -115.258721305828999, 36.221961205759598 ], [ -115.258243412528998, 36.221961643380702 ], [ -115.258243852834994, 36.221879429254798 ], [ -115.258228296986999, 36.2210367366581 ], [ -115.258209834606006, 36.220184184984298 ], [ -115.258210208063005, 36.220155759425701 ] ], [ [ -115.242436435841995, 36.272835882817198 ], [ -115.242435907992004, 36.272752477041998 ], [ -115.242432222592001, 36.271940620445299 ], [ -115.242421694444005, 36.269621191154101 ], [ -115.242389717329999, 36.2696187747026 ], [ -115.241487276572002, 36.2695506892791 ], [ -115.241300984009001, 36.269536633881302 ], [ -115.241300690697997, 36.269646507003003 ], [ -115.241300479149999, 36.2700420874286 ], [ -115.241300411598004, 36.2701647602414 ], [ -115.240823031877994, 36.270128739910199 ], [ -115.240345664854004, 36.270092717710902 ], [ -115.240207694253002, 36.270082306051201 ], [ -115.240207599870004, 36.2700822553088 ], [ -115.240204319027995, 36.272744238637102 ], [ -115.242436435841995, 36.272835882817198 ] ], [ [ -115.324854921688996, 36.234586340123599 ], [ -115.324827996666002, 36.235073707239899 ], [ -115.324753588324995, 36.2364869453545 ], [ -115.325929483989, 36.236452384075399 ], [ -115.325934081628006, 36.2363700525136 ], [ -115.326035652743997, 36.234547696344698 ], [ -115.326053722916001, 36.2342234930884 ], [ -115.326141792665993, 36.232643359343299 ], [ -115.326133551256007, 36.230859376954598 ], [ -115.324950003580994, 36.230898628619897 ], [ -115.324951257248003, 36.231536375253597 ], [ -115.324953524375999, 36.232689090094098 ], [ -115.324854921688996, 36.234586340123599 ] ], [ [ -115.216213014988995, 36.188144231232698 ], [ -115.216213583522006, 36.188253496362599 ], [ -115.217331172355998, 36.188286562044802 ], [ -115.217899312247994, 36.188301772075199 ], [ -115.217896585953, 36.188194564314998 ], [ -115.217892424203995, 36.1879033312687 ], [ -115.217891655721004, 36.187849526410403 ], [ -115.217891127266, 36.187812502503498 ], [ -115.217829470008994, 36.187813252502401 ], [ -115.217788893323998, 36.187813745985302 ], [ -115.217325886897996, 36.187818874587499 ], [ -115.217325987460001, 36.1877972619586 ], [ -115.217258788772995, 36.187797061885099 ], [ -115.216856352632007, 36.187795879189601 ], [ -115.216763706826001, 36.187796727542697 ], [ -115.216763265359006, 36.187730175832698 ], [ -115.216761098833004, 36.187403214494701 ], [ -115.216851448140005, 36.187402387051499 ], [ -115.216915323341993, 36.187401843529599 ], [ -115.217323774144006, 36.187398370321098 ], [ -115.217323904899004, 36.1873702684939 ], [ -115.217321984410006, 36.187204031367202 ], [ -115.217321019753001, 36.187120547315502 ], [ -115.217321175668999, 36.1870870378227 ], [ -115.217311905290998, 36.186773521811702 ], [ -115.217775813331002, 36.186771631631501 ], [ -115.217876271448006, 36.186773019911001 ], [ -115.217983017514001, 36.186773327723103 ], [ -115.218427307061006, 36.1867724657018 ], [ -115.218427866498999, 36.1866470708893 ], [ -115.218424612866002, 36.1864784295541 ], [ -115.218424913714998, 36.186413573619198 ], [ -115.218423889709001, 36.186339755720297 ], [ -115.218422888945994, 36.186267638626198 ], [ -115.218419676552003, 36.186092508115301 ], [ -115.218418496750004, 36.186056831445399 ], [ -115.218414409359994, 36.185777922780701 ], [ -115.218413435133996, 36.185697930284803 ], [ -115.218411271082005, 36.185584424181698 ], [ -115.218969790675999, 36.185572146452003 ], [ -115.218966408213007, 36.185373463792402 ], [ -115.218408174081006, 36.185384426496697 ], [ -115.218407074522005, 36.185331454302599 ], [ -115.218407694123002, 36.185193090073 ], [ -115.218971737039993, 36.185197521063898 ], [ -115.219524421594002, 36.185186619978097 ], [ -115.219517174334001, 36.185017966488502 ], [ -115.219517293180004, 36.184989863708097 ], [ -115.218966484008007, 36.184997031018703 ], [ -115.218401907656997, 36.184995257187701 ], [ -115.218402756835005, 36.184805005450798 ], [ -115.218776332008005, 36.184802853978901 ], [ -115.218946234507001, 36.1848825947081 ], [ -115.219140569304997, 36.1848028360304 ], [ -115.219515487498001, 36.184798523239998 ], [ -115.219511962723999, 36.184690420743998 ], [ -115.219510987511001, 36.184610401197901 ], [ -115.219308203720004, 36.184608748246298 ], [ -115.219048042146994, 36.184609074446499 ], [ -115.218954651518004, 36.184608799231299 ], [ -115.218907950631007, 36.184607584536998 ], [ -115.218667806151998, 36.184606880283901 ], [ -115.218423663139006, 36.184605090824597 ], [ -115.218188860240005, 36.184603320344301 ], [ -115.217950044904995, 36.1846037002542 ], [ -115.217709899350993, 36.184602994076101 ], [ -115.217480432984999, 36.184601247518003 ], [ -115.217016141539006, 36.184599881756299 ], [ -115.216921417877003, 36.1845996098887 ], [ -115.216303257446995, 36.184598706740601 ], [ -115.216190304305002, 36.1845985415356 ], [ -115.216191261123996, 36.184681778650599 ], [ -115.216193704817996, 36.185027702339902 ], [ -115.216196807347004, 36.185227690181698 ], [ -115.216196118281999, 36.185380105293298 ], [ -115.216238640745004, 36.185380033808499 ], [ -115.216663081551005, 36.185379319334402 ], [ -115.216747676246996, 36.185378926784402 ], [ -115.216749872622998, 36.185710210912902 ], [ -115.216749970104004, 36.185724841858303 ], [ -115.216665527356, 36.185725233973002 ], [ -115.216270241653007, 36.185728627259302 ], [ -115.216195878541001, 36.1857292653578 ], [ -115.216198367675005, 36.186065455190601 ], [ -115.216202125365001, 36.186415709023201 ], [ -115.216204504586997, 36.186777836711499 ], [ -115.216276582700004, 36.186777215037701 ], [ -115.216671491276998, 36.186773806169299 ], [ -115.216756920444993, 36.1867733675032 ], [ -115.216758738180999, 36.187047528426099 ], [ -115.216759070438002, 36.187097670920302 ], [ -115.216674026730004, 36.187098108063701 ], [ -115.216256618998997, 36.187098818882099 ], [ -115.216207053215001, 36.187098903019098 ], [ -115.216208132534007, 36.187451302660598 ], [ -115.216211885231999, 36.187802637944998 ], [ -115.216213014988995, 36.188144231232698 ] ], [ [ -115.242211539015003, 36.246636152913098 ], [ -115.243321147317005, 36.246638004933601 ], [ -115.243321142281005, 36.2466391675731 ], [ -115.244451071417004, 36.246640255713402 ], [ -115.244460361671003, 36.2460012270625 ], [ -115.245614130576996, 36.246003858838101 ], [ -115.245616895490002, 36.245681900703701 ], [ -115.245619472228995, 36.2453827246337 ], [ -115.245619563594005, 36.245372091563503 ], [ -115.245622391880005, 36.245027629455599 ], [ -115.244583254006997, 36.245024421156799 ], [ -115.244481515595993, 36.245023862646001 ], [ -115.244484248907, 36.244699975662598 ], [ -115.244585986898997, 36.244700534168999 ], [ -115.245590973540999, 36.2447037001007 ], [ -115.245626433081, 36.244703818229397 ], [ -115.245630370791005, 36.244212665585003 ], [ -115.245605715305004, 36.2442125238817 ], [ -115.245614573593997, 36.243917305878199 ], [ -115.245618189924997, 36.243697412169404 ], [ -115.245626703485996, 36.243272805040199 ], [ -115.245391466558004, 36.243271230480097 ], [ -115.245391052908005, 36.243054587113697 ], [ -115.245393453041999, 36.242809778493701 ], [ -115.244493891020994, 36.242811587256902 ], [ -115.244490533147001, 36.243280209540103 ], [ -115.244488769604999, 36.2436939301734 ], [ -115.244486557735996, 36.244206348945603 ], [ -115.242284904637998, 36.244199137393402 ], [ -115.242202147702997, 36.2441988653908 ], [ -115.242196593513995, 36.244680684989703 ], [ -115.243350963962996, 36.244691478839599 ], [ -115.243384875836995, 36.244691845593501 ], [ -115.243379434833997, 36.245023304630401 ], [ -115.243373996703994, 36.2453515181396 ], [ -115.243369970860996, 36.245664486850998 ], [ -115.243369745126998, 36.245682438848696 ], [ -115.243365902429005, 36.245987279399699 ], [ -115.243360473159001, 36.246313410918802 ], [ -115.243326560585004, 36.246313044154398 ], [ -115.242212945950001, 36.246312415528003 ], [ -115.242177763428998, 36.246312396316704 ], [ -115.242174031046005, 36.246636091018097 ], [ -115.242211539015003, 36.246636152913098 ] ], [ [ -115.216057264317996, 36.190509499552199 ], [ -115.215602637543, 36.1904954046204 ], [ -115.215599101837, 36.1905928952702 ], [ -115.215181780456007, 36.190583311630803 ], [ -115.215151104396995, 36.190583163204003 ], [ -115.215049356663997, 36.190582850205303 ], [ -115.215044690236994, 36.190779199810699 ], [ -115.215022505307999, 36.191570492585903 ], [ -115.215017423963999, 36.191914770413497 ], [ -115.215001723753005, 36.192543506621099 ], [ -115.215141541402005, 36.192545217506201 ], [ -115.215231040028996, 36.192546620278499 ], [ -115.215738915369002, 36.192554579270599 ], [ -115.215737334373003, 36.192611169075903 ], [ -115.215731077051998, 36.192835154500202 ], [ -115.215136417100993, 36.192820384291203 ], [ -115.215052911471005, 36.192819196367303 ], [ -115.214995522894995, 36.192818379870999 ], [ -115.214993878021005, 36.192894428301003 ], [ -115.214987653332003, 36.193212123513803 ], [ -115.214983803606998, 36.1934469732089 ], [ -115.214975993425, 36.193923440010003 ], [ -115.214970484529999, 36.194138129043303 ], [ -115.215063192995004, 36.1941461563841 ], [ -115.215095194732996, 36.1941463089154 ], [ -115.215704684515003, 36.194144901697001 ], [ -115.215698158942999, 36.194427643073503 ], [ -115.215691649106006, 36.194709384955097 ], [ -115.215686627281997, 36.1949772695692 ], [ -115.215841604401007, 36.1949784034177 ], [ -115.216436201893998, 36.194981489265501 ], [ -115.216448564909001, 36.194426529600896 ], [ -115.216550417833005, 36.194428959775102 ], [ -115.217194538325998, 36.194441260553198 ], [ -115.217200556853001, 36.194211342086099 ], [ -115.217205599674003, 36.193940212783602 ], [ -115.217211575863999, 36.193697874401899 ], [ -115.217212024231998, 36.1936636628351 ], [ -115.217215600846004, 36.193408905448202 ], [ -115.217215975445001, 36.193366654153998 ], [ -115.217216276491001, 36.193350473327598 ], [ -115.217218539547005, 36.193229071178003 ], [ -115.217219309968996, 36.193142396544502 ], [ -115.217870086274004, 36.193148891690399 ], [ -115.217971741474997, 36.193150454809903 ], [ -115.217978184740005, 36.1928740661644 ], [ -115.217984678887007, 36.1925938931468 ], [ -115.217883037329003, 36.192591941625999 ], [ -115.217229687423, 36.192577976015002 ], [ -115.217233877656, 36.192353319017499 ], [ -115.217234799338996, 36.192303891520197 ], [ -115.216601422088999, 36.1922948595452 ], [ -115.216498088660003, 36.192293380250497 ], [ -115.216504645160995, 36.1919461236171 ], [ -115.216135479306999, 36.191938243771602 ], [ -115.216135332641997, 36.1919377449086 ], [ -115.216136082451001, 36.1919069393333 ], [ -115.216142927386002, 36.191625650766198 ], [ -115.216122124142998, 36.191625586949499 ], [ -115.216028615179994, 36.191625300053502 ], [ -115.215569921522999, 36.191618772347802 ], [ -115.215577289661994, 36.191391282481497 ], [ -115.216035955680994, 36.191401063725898 ], [ -115.216129281647994, 36.1914047659414 ], [ -115.216148377373003, 36.191401408631599 ], [ -115.216164051416996, 36.190756717419703 ], [ -115.216170040532006, 36.190509845521902 ], [ -115.216156019945004, 36.190509802515997 ], [ -115.216108044189994, 36.190509655345501 ], [ -115.216057264317996, 36.190509499552199 ] ], [ [ -115.243165241918007, 36.265900029004499 ], [ -115.242406326069002, 36.265890161323902 ], [ -115.242403922809999, 36.265610901253297 ], [ -115.242403505124997, 36.2655167497403 ], [ -115.242402080161995, 36.265194981805301 ], [ -115.242400318585993, 36.264798818600802 ], [ -115.242399963329007, 36.264718214381602 ], [ -115.242341600939994, 36.264717775820998 ], [ -115.242238052830999, 36.264716997479702 ], [ -115.241304423266001, 36.2647121682229 ], [ -115.241306843561006, 36.264463386019301 ], [ -115.241308650676004, 36.264355227759303 ], [ -115.241308656596999, 36.264354635635698 ], [ -115.241310948291002, 36.264134574117399 ], [ -115.241312863882996, 36.264001532740402 ], [ -115.241316369635996, 36.263810083090398 ], [ -115.241317701759996, 36.263747810297403 ], [ -115.241318406133004, 36.2637149066014 ], [ -115.241319724429005, 36.263653252045501 ], [ -115.241321790881003, 36.263485601959303 ], [ -115.241325512711995, 36.263213948051799 ], [ -115.241325706891004, 36.263200041864899 ], [ -115.241326684811, 36.2631286434993 ], [ -115.241327598558996, 36.2630620082113 ], [ -115.239796930390995, 36.262869519225603 ], [ -115.239228427629001, 36.262798021458799 ], [ -115.239221752988001, 36.2635389548715 ], [ -115.239213452952995, 36.263939262141697 ], [ -115.239207586343994, 36.264363262003897 ], [ -115.239198241894996, 36.264971139813703 ], [ -115.240176836616996, 36.265077787836098 ], [ -115.240280535286999, 36.265078851396602 ], [ -115.240265952244002, 36.265845592583503 ], [ -115.240316406630996, 36.2658445566178 ], [ -115.240358854036998, 36.265844894653 ], [ -115.241182867842994, 36.265858025013301 ], [ -115.241303399418996, 36.265862485895902 ], [ -115.241303480650998, 36.265862488831999 ], [ -115.241426853546997, 36.265866960419302 ], [ -115.242406326069002, 36.265890161323902 ], [ -115.242413141049994, 36.2663271577877 ], [ -115.242407595764007, 36.266440459791603 ], [ -115.242566039628002, 36.266439883865701 ], [ -115.243336352224006, 36.266447112453299 ], [ -115.243573769259001, 36.266449339123099 ], [ -115.243570641307002, 36.266338986644101 ], [ -115.243558341669001, 36.265905138140198 ], [ -115.243165241918007, 36.265900029004499 ] ], [ [ -115.223251942567003, 36.215091504406097 ], [ -115.223251767589005, 36.2150903691604 ], [ -115.223200562841996, 36.214747699285802 ], [ -115.223195310297001, 36.214711919540399 ], [ -115.223150663351007, 36.214411539685003 ], [ -115.223129655855999, 36.214272731544902 ], [ -115.223100770437995, 36.214076461609103 ], [ -115.223050882896999, 36.213740301967299 ], [ -115.223002306759994, 36.213411726955499 ], [ -115.222508404484003, 36.2134153130581 ], [ -115.222440322037997, 36.213416297462103 ], [ -115.221873009896996, 36.213420849238602 ], [ -115.221321701053995, 36.213423256610703 ], [ -115.220765070873, 36.213426744890498 ], [ -115.220814961206997, 36.213755315753197 ], [ -115.220834677653997, 36.213878933716003 ], [ -115.220860910761999, 36.214065453252303 ], [ -115.220864835300006, 36.214094729903699 ], [ -115.220887124038001, 36.214256298891101 ], [ -115.220917337477005, 36.214450411177303 ], [ -115.220946231423994, 36.214641264909801 ], [ -115.220961938168998, 36.214763798161798 ], [ -115.220973789705994, 36.214829952399903 ], [ -115.221001349269002, 36.2150208020674 ], [ -115.221007906596, 36.215065264339003 ], [ -115.221023670158999, 36.215168274988798 ], [ -115.221079095978993, 36.215529174416297 ], [ -115.221278479236005, 36.2168274159608 ], [ -115.221289838093, 36.216908890514901 ], [ -115.221290139302994, 36.2169111085894 ], [ -115.222909831197995, 36.216885822767502 ], [ -115.222909766447998, 36.216885389955301 ], [ -115.222896581393002, 36.2168040091912 ], [ -115.222887246981003, 36.2167463889066 ], [ -115.222834779463994, 36.216371195869399 ], [ -115.223450878052006, 36.216365686748503 ], [ -115.223260970487999, 36.215150007917899 ], [ -115.223251942567003, 36.215091504406097 ] ], [ [ -115.325262261673004, 36.260733506807 ], [ -115.325260229521007, 36.261579942187403 ], [ -115.325257874418, 36.262561048059901 ], [ -115.325258680114999, 36.262698405120702 ], [ -115.32526096974, 36.263088332422299 ], [ -115.325263259257994, 36.263478295749401 ], [ -115.325265714409994, 36.263895721454503 ], [ -115.325268169633006, 36.264313129104899 ], [ -115.325268655287999, 36.2643955433225 ], [ -115.326412922188993, 36.264386497366601 ], [ -115.326402156035002, 36.262552930506203 ], [ -115.326788576897002, 36.2625501908731 ], [ -115.327546437481004, 36.262544802004498 ], [ -115.327547236057001, 36.262682159042498 ], [ -115.327551807562998, 36.263461130304599 ], [ -115.327556700805005, 36.264295035257298 ], [ -115.327557177735002, 36.264377449451601 ], [ -115.327943759964, 36.2643743873953 ], [ -115.328475692097001, 36.264370172010302 ], [ -115.328464006725, 36.264287851100903 ], [ -115.328460350952994, 36.264262102712202 ], [ -115.328382640404001, 36.263889691612697 ], [ -115.328372542284001, 36.263850494984801 ], [ -115.328229813166999, 36.263456034992899 ], [ -115.328113413959002, 36.263134316652803 ], [ -115.327930380579005, 36.2627083038062 ], [ -115.327914682097997, 36.262679546436502 ], [ -115.327840028976993, 36.262542716638301 ], [ -115.327736214143997, 36.262352459586197 ], [ -115.327627248476006, 36.262146757878497 ], [ -115.327587200299007, 36.2620711565595 ], [ -115.327547237372002, 36.261995714935502 ], [ -115.327524297202999, 36.261952395336898 ], [ -115.327232535915996, 36.261476686416998 ], [ -115.327069225006994, 36.261228761716303 ], [ -115.327052804603994, 36.261203834030098 ], [ -115.326860734964001, 36.2609544603404 ], [ -115.326644149160003, 36.260712109689003 ], [ -115.326406230044995, 36.260445900044303 ], [ -115.326241350524995, 36.260261404841501 ], [ -115.326202424043004, 36.2602262522839 ], [ -115.325951917047007, 36.260000035187097 ], [ -115.325666920453997, 36.259742669765799 ], [ -115.325657743004996, 36.2597347772967 ], [ -115.325636216508002, 36.259716265453903 ], [ -115.325474679335997, 36.259577348807497 ], [ -115.325265476976, 36.259397441546703 ], [ -115.325264129865005, 36.259955492681101 ], [ -115.325263729347, 36.260121231273999 ], [ -115.325262560200002, 36.2606055434415 ], [ -115.325262359806004, 36.260693526152203 ], [ -115.325262294127, 36.260720258032599 ], [ -115.325262261673004, 36.260733506807 ] ], [ [ -115.283238514676, 36.294262032822097 ], [ -115.283241125629999, 36.293580590935498 ], [ -115.282943324109993, 36.293579843146702 ], [ -115.282615800011001, 36.293579019867103 ], [ -115.280932184695999, 36.293583425944497 ], [ -115.279232573721004, 36.293581278447299 ], [ -115.278693938982997, 36.293581033913398 ], [ -115.278678181798995, 36.295423096854599 ], [ -115.279225411789994, 36.2954265899156 ], [ -115.279279732058995, 36.2954268317093 ], [ -115.282624683684006, 36.295441676561701 ], [ -115.282711952021998, 36.295443331741197 ], [ -115.28322705942, 36.295446264265898 ], [ -115.283229208707994, 36.295224057422899 ], [ -115.283238514676, 36.294262032822097 ] ], [ [ -115.316093958425, 36.3288008204878 ], [ -115.315981901097004, 36.328802192177598 ], [ -115.315964416715005, 36.3301053400901 ], [ -115.315118460026994, 36.329182010137998 ], [ -115.314942018582002, 36.328989426050498 ], [ -115.314921210557998, 36.3308148276843 ], [ -115.315256641662003, 36.331182641191397 ], [ -115.316050991989002, 36.332053661902101 ], [ -115.316473115904998, 36.332516507421502 ], [ -115.317176336800998, 36.333287573360202 ], [ -115.317160062303998, 36.334371470191499 ], [ -115.319853483515999, 36.334349787347698 ], [ -115.320563525243998, 36.335124651613398 ], [ -115.320579458702994, 36.334343932084899 ], [ -115.320578443296995, 36.334261526669202 ], [ -115.320598600569994, 36.333410409030499 ], [ -115.320452778051006, 36.3334106111176 ], [ -115.319457192721998, 36.333411968171603 ], [ -115.319448093248994, 36.333900428747903 ], [ -115.318847593876001, 36.334281862943698 ], [ -115.318807218691006, 36.334237710463199 ], [ -115.318292132894001, 36.333674391774402 ], [ -115.318879993707, 36.333300989724002 ], [ -115.318902796002007, 36.332493292344402 ], [ -115.318331202924, 36.332498758842803 ], [ -115.318158877626004, 36.332500404490702 ], [ -115.317566306862005, 36.332880588158297 ], [ -115.315885161132002, 36.331041927827499 ], [ -115.316492939230997, 36.330655882993199 ], [ -115.316544847502996, 36.330655313905297 ], [ -115.317215969246007, 36.330647896491797 ], [ -115.317242251110997, 36.328897676138098 ], [ -115.317243918371005, 36.328786676549697 ], [ -115.316206015781006, 36.328799439680203 ], [ -115.316093958425, 36.3288008204878 ] ], [ [ -115.258127126876005, 36.240399148325601 ], [ -115.258124432635995, 36.2404790821316 ], [ -115.258121956584006, 36.240552539006202 ], [ -115.259256503451994, 36.240559412069302 ], [ -115.259262579275003, 36.2404216844876 ], [ -115.259278235723002, 36.240097652419699 ], [ -115.259299667061995, 36.239630564428097 ], [ -115.259318450338995, 36.239158053410897 ], [ -115.259325860060002, 36.238973375233897 ], [ -115.259329966386005, 36.238868537327797 ], [ -115.259332905087007, 36.238793485484301 ], [ -115.259336370436998, 36.238711323938098 ], [ -115.260295485377995, 36.238723335882902 ], [ -115.260464652920007, 36.238725450891003 ], [ -115.260466985318999, 36.238672308486798 ], [ -115.260547021464006, 36.236843518543502 ], [ -115.260547132225, 36.236840932157399 ], [ -115.260607354550004, 36.235495428840601 ], [ -115.260569347789001, 36.235494310568697 ], [ -115.260435345790995, 36.235490369096397 ], [ -115.260401649201, 36.235490265532803 ], [ -115.260102707545997, 36.235489344725202 ], [ -115.259941160626994, 36.235488953245998 ], [ -115.259943018119003, 36.235443400155297 ], [ -115.259958447496999, 36.235065215247197 ], [ -115.259958658567001, 36.234987215977597 ], [ -115.258345239001002, 36.234981433864199 ], [ -115.258273090730995, 36.236825520078803 ], [ -115.258272904110996, 36.236830288264898 ], [ -115.258270637097993, 36.2368689057257 ], [ -115.258268032426002, 36.236913301301101 ], [ -115.258263749370997, 36.2369976318098 ], [ -115.258256203117995, 36.237146214088597 ], [ -115.258246808433, 36.237331186082898 ], [ -115.258239988921005, 36.237465449828598 ], [ -115.258231349997004, 36.237635540966203 ], [ -115.258225042766995, 36.237759726138499 ], [ -115.258135208010998, 36.2377588691188 ], [ -115.257428655094998, 36.237752160729201 ], [ -115.257100074280999, 36.237749390549602 ], [ -115.256071612363002, 36.237746419530403 ], [ -115.255969903647994, 36.237746042136401 ], [ -115.255969416056999, 36.237762123308599 ], [ -115.255941755143994, 36.238674811799001 ], [ -115.256146818337001, 36.238677143794398 ], [ -115.256300711695005, 36.238678893949199 ], [ -115.256408730754003, 36.2386801219956 ], [ -115.256554421599006, 36.238681778208502 ], [ -115.256672297500003, 36.238683117659598 ], [ -115.256813251292002, 36.238684720065599 ], [ -115.256914737718006, 36.238685873045398 ], [ -115.256981914361006, 36.238686636733597 ], [ -115.257073078933004, 36.238687672195802 ], [ -115.257070695197996, 36.238758238002497 ], [ -115.257066381100003, 36.2388858452872 ], [ -115.257058936491006, 36.239106021172297 ], [ -115.257053377863002, 36.2392704587092 ], [ -115.257049299247001, 36.239391182621198 ], [ -115.257045219103006, 36.2395120029637 ], [ -115.257042786997005, 36.239584021497002 ], [ -115.257041898883998, 36.239610323933697 ], [ -115.257041694631994, 36.239616370087298 ], [ -115.257136996707999, 36.2396169012532 ], [ -115.257352085850002, 36.239618099473198 ], [ -115.257473310340998, 36.239618772200799 ], [ -115.25763077389, 36.239619649818998 ], [ -115.257742630712997, 36.239620272436397 ], [ -115.257786042803005, 36.2396204140055 ], [ -115.257799556527999, 36.239620588672999 ], [ -115.257949402468995, 36.239621421711 ], [ -115.258086289446993, 36.239622180577001 ], [ -115.258153300534005, 36.239622551100801 ], [ -115.258150884093993, 36.239694255152401 ], [ -115.258148532373994, 36.239764031533603 ], [ -115.258142039006998, 36.2399567145929 ], [ -115.258135854100999, 36.240140190071401 ], [ -115.258127126876005, 36.240399148325601 ] ], [ [ -115.249951643429995, 36.273302751112602 ], [ -115.249953123156999, 36.272954699618502 ], [ -115.250746243755998, 36.272989948724003 ], [ -115.250746082557995, 36.272713038637697 ], [ -115.249960915513, 36.272676937467097 ], [ -115.249944713074996, 36.272532128983201 ], [ -115.249952299289006, 36.272192890042099 ], [ -115.249950915027, 36.271874445606898 ], [ -115.249973779379999, 36.271875388086698 ], [ -115.250745493422997, 36.271907184194298 ], [ -115.250742642611002, 36.271634593616298 ], [ -115.250741099869003, 36.271368503980099 ], [ -115.250742260497006, 36.271094842097597 ], [ -115.250740708614003, 36.270830907369202 ], [ -115.250739156738007, 36.270566971727902 ], [ -115.251577501905004, 36.270596203327401 ], [ -115.251579631769999, 36.271671338114601 ], [ -115.251580412717999, 36.272065551360903 ], [ -115.251581805179995, 36.272338894934798 ], [ -115.251582859291005, 36.2725369907306 ], [ -115.252583529602006, 36.272592622304103 ], [ -115.252717072354997, 36.272600562288197 ], [ -115.253149774868007, 36.272625551435702 ], [ -115.253878023021002, 36.272664034520801 ], [ -115.253870524231004, 36.270658323925602 ], [ -115.253769848540003, 36.270658621563697 ], [ -115.253700398974004, 36.270656420318197 ], [ -115.253395879720998, 36.270646766120599 ], [ -115.253397042380996, 36.270687876648402 ], [ -115.253061810486997, 36.270675054496202 ], [ -115.253058763984001, 36.270129879718397 ], [ -115.253064971179001, 36.270019946259097 ], [ -115.251579348421004, 36.2699650060351 ], [ -115.248785445327002, 36.269860600980202 ], [ -115.248392849248006, 36.269845925291101 ], [ -115.248394877091997, 36.270246748503801 ], [ -115.247737783900007, 36.270221111845999 ], [ -115.247738054264005, 36.270272633293501 ], [ -115.247738310851005, 36.2703200917381 ], [ -115.247739273478999, 36.270498025753298 ], [ -115.247111532510004, 36.270480030638097 ], [ -115.247090158294, 36.270481052082197 ], [ -115.247003791495999, 36.270481400475703 ], [ -115.247009008484, 36.271337508913902 ], [ -115.247009026946998, 36.271340210998403 ], [ -115.247094489551003, 36.2713399213483 ], [ -115.247149597182997, 36.271342100537503 ], [ -115.247357950131999, 36.271350339683401 ], [ -115.247592547151996, 36.271359615609597 ], [ -115.247742239242996, 36.271365534439198 ], [ -115.247742327308998, 36.271528319084801 ], [ -115.247742389869003, 36.271642444536504 ], [ -115.247742655001005, 36.271696229067103 ], [ -115.247743237967995, 36.271814370269702 ], [ -115.247743820574996, 36.271932335719598 ], [ -115.247744710939998, 36.272107909937603 ], [ -115.247745269793, 36.272217901706099 ], [ -115.247746737526995, 36.272499141595397 ], [ -115.247102953877999, 36.272475692814801 ], [ -115.247016606542999, 36.2724725479124 ], [ -115.247020405485003, 36.273040095270403 ], [ -115.247020076072005, 36.273122092628803 ], [ -115.249951643429995, 36.273302751112602 ] ], [ [ -115.255720531734994, 36.294223354493099 ], [ -115.255736322527, 36.292401042475298 ], [ -115.255751964682005, 36.290587399764199 ], [ -115.255250457618999, 36.290584393474397 ], [ -115.255254602593993, 36.291227087409503 ], [ -115.254915237066996, 36.291226155783903 ], [ -115.254914506098004, 36.290582380676803 ], [ -115.253495807264997, 36.290573871038703 ], [ -115.251268774072003, 36.290560477965798 ], [ -115.251238908445004, 36.294205736549799 ], [ -115.251375183888996, 36.294208278031 ], [ -115.253303828700993, 36.294214988739597 ], [ -115.255720531734994, 36.294223354493099 ] ], [ [ -115.287601152519997, 36.336080346812999 ], [ -115.287604422529995, 36.3323978396486 ], [ -115.287604675094002, 36.332112921698602 ], [ -115.287468692767007, 36.332100787528901 ], [ -115.286481151152998, 36.332065126118998 ], [ -115.286286827558001, 36.332058109105901 ], [ -115.285342832999007, 36.332024016485697 ], [ -115.284796322190999, 36.332004275750997 ], [ -115.284233863023999, 36.331983951845601 ], [ -115.283913863926998, 36.331972389446001 ], [ -115.283211988158001, 36.331947024779801 ], [ -115.283008275306003, 36.331939663415199 ], [ -115.282974930172998, 36.331938453033999 ], [ -115.282971159026005, 36.332279575225897 ], [ -115.282970221976001, 36.332364084974003 ], [ -115.282969297964996, 36.332448099055 ], [ -115.282959933266994, 36.333294541166403 ], [ -115.282955412847002, 36.333703121453297 ], [ -115.282955312292003, 36.3337121951865 ], [ -115.283274069277994, 36.333726179659401 ], [ -115.284088490675998, 36.3337617533196 ], [ -115.284084826487998, 36.334143709556798 ], [ -115.284082261959, 36.334393957845897 ], [ -115.284078535568, 36.334757499141702 ], [ -115.284074684719002, 36.335133180207301 ], [ -115.284064778900998, 36.336047482693402 ], [ -115.286293040418002, 36.336068202748898 ], [ -115.287601152519997, 36.336080346812999 ] ], [ [ -115.263647725891005, 36.313619897200702 ], [ -115.262465210011996, 36.313597910459499 ], [ -115.262470774633002, 36.314416741278997 ], [ -115.262390889515999, 36.314417428104903 ], [ -115.261355309302999, 36.314400412234498 ], [ -115.261363221527006, 36.315474220989501 ], [ -115.260195488367003, 36.315458010682903 ], [ -115.260205033720993, 36.316402102727899 ], [ -115.260214935335, 36.317381336175302 ], [ -115.260211238826002, 36.3174593673102 ], [ -115.260225632260003, 36.319287720530497 ], [ -115.260395376836001, 36.319289305823403 ], [ -115.261371505122, 36.319298437119699 ], [ -115.261482906008993, 36.319299479767103 ], [ -115.262415533758997, 36.319308202405601 ], [ -115.262544941542004, 36.319309405965399 ], [ -115.264721840248995, 36.319315237132798 ], [ -115.264836436690999, 36.319316218478399 ], [ -115.264830490280005, 36.318363430437302 ], [ -115.264825251824007, 36.317524069203699 ], [ -115.264824692573001, 36.3174343280673 ], [ -115.264824181505006, 36.317351905386097 ], [ -115.264813597040998, 36.316380168947099 ], [ -115.264804267989007, 36.315523636312399 ], [ -115.263662827979005, 36.315507088308699 ], [ -115.263647725891005, 36.313619897200702 ] ], [ [ -115.222399275165003, 36.268343163859598 ], [ -115.222403895794997, 36.267648669957197 ], [ -115.222406404460003, 36.267103520433103 ], [ -115.222407567621005, 36.266560519953103 ], [ -115.222411441581002, 36.266008876231801 ], [ -115.221745331189993, 36.2660110282091 ], [ -115.221640745933996, 36.2660113609018 ], [ -115.221646220582002, 36.265456468393801 ], [ -115.222416665891998, 36.265453991931402 ], [ -115.222421880100995, 36.264901279630301 ], [ -115.223101744754004, 36.264900084590401 ], [ -115.223161853394998, 36.2649002656118 ], [ -115.223160178702997, 36.265451609661497 ], [ -115.223926017297003, 36.2654513628 ], [ -115.223927297821007, 36.265171897267102 ], [ -115.223929882231999, 36.264899331322503 ], [ -115.223260691543999, 36.264900563204201 ], [ -115.223219291036003, 36.264900438561099 ], [ -115.223219137737004, 36.264352027123799 ], [ -115.223261540774004, 36.264351893413497 ], [ -115.223929728920993, 36.264349838338497 ], [ -115.224686641031994, 36.264347423724502 ], [ -115.224684551595004, 36.264896900983601 ], [ -115.224671472194999, 36.268338940646302 ], [ -115.225256550930993, 36.268337692498399 ], [ -115.225423613206004, 36.268337102005702 ], [ -115.225424750216007, 36.268229402659202 ], [ -115.225428949689999, 36.267455476734298 ], [ -115.225436656682007, 36.266498214121803 ], [ -115.225437046585, 36.266412765072999 ], [ -115.225441381392997, 36.2656090971224 ], [ -115.225446641931001, 36.264895209111202 ], [ -115.225446867456995, 36.264699424100002 ], [ -115.225449245763002, 36.264617225578803 ], [ -115.225465793232999, 36.262696544238899 ], [ -115.225479051400995, 36.261157576682898 ], [ -115.225479604634003, 36.261050445068399 ], [ -115.225479625277003, 36.261045675559998 ], [ -115.223942356448006, 36.261051935885597 ], [ -115.223942809584997, 36.261099506767202 ], [ -115.223942885320994, 36.261107510354599 ], [ -115.223943131433998, 36.261132981246199 ], [ -115.223945698259996, 36.261155701196103 ], [ -115.223945539710002, 36.261190310744603 ], [ -115.223941030413002, 36.261591600784001 ], [ -115.223269182161999, 36.261596069407197 ], [ -115.223226447952996, 36.261595940756202 ], [ -115.223168932394003, 36.261595328658998 ], [ -115.223169147237996, 36.261525989392403 ], [ -115.223170359327995, 36.261135199277 ], [ -115.223174866313002, 36.261055242340298 ], [ -115.223174856507995, 36.2610549539014 ], [ -115.223171428892002, 36.261054943580497 ], [ -115.223117975673006, 36.2610553143696 ], [ -115.222433556428996, 36.261054711314301 ], [ -115.222432530831995, 36.261134922070802 ], [ -115.222433071965, 36.261597875671001 ], [ -115.222431819788, 36.262160343961 ], [ -115.222430637222999, 36.262707670019999 ], [ -115.221734736084002, 36.262713138954098 ], [ -115.221675957111998, 36.262714583542397 ], [ -115.221683611192006, 36.261054302802101 ], [ -115.220942199114006, 36.261054465221697 ], [ -115.220941972961995, 36.261134741473199 ], [ -115.220941723159001, 36.261188818367899 ], [ -115.220937143539999, 36.261602004925102 ], [ -115.220934545183994, 36.262164469092198 ], [ -115.220929335790998, 36.262713945977197 ], [ -115.220931172232, 36.2628945858633 ], [ -115.220928188044994, 36.263540527887699 ], [ -115.220926954600003, 36.263807507263301 ], [ -115.220919112798995, 36.2643461615775 ], [ -115.220917458615006, 36.264704189514703 ], [ -115.220917879539002, 36.2649021395152 ], [ -115.220913970211996, 36.265459190826597 ], [ -115.220910075828002, 36.266012988516103 ], [ -115.220906561573997, 36.266513404588601 ], [ -115.220906191305005, 36.266564633030001 ], [ -115.220906005565993, 36.2666048294817 ], [ -115.220903692210996, 36.267105465450399 ], [ -115.220899872036, 36.267652783021603 ], [ -115.220895986532994, 36.268209401534698 ], [ -115.220895292642993, 36.268345104875401 ], [ -115.222399275165003, 36.268343163859598 ] ], [ [ -115.233705799028996, 36.268937004838001 ], [ -115.233829346443997, 36.2655439995929 ], [ -115.233244072464998, 36.265476458493303 ], [ -115.233244274545996, 36.265388791686902 ], [ -115.233257690979002, 36.2647766083915 ], [ -115.233716942697001, 36.264826621663197 ], [ -115.233850462011006, 36.264841405300103 ], [ -115.233855333315006, 36.2646722936258 ], [ -115.233880499980998, 36.263822170764001 ], [ -115.233905638034997, 36.262975833064402 ], [ -115.233924395271004, 36.262320134143401 ], [ -115.233931544737004, 36.262126938751699 ], [ -115.232880928591001, 36.261991747447297 ], [ -115.232854780102002, 36.2628775310761 ], [ -115.232845385127007, 36.263186859534997 ], [ -115.232838656151003, 36.263497286337099 ], [ -115.232828321849993, 36.263717916228998 ], [ -115.232826599720994, 36.263804442991898 ], [ -115.232819846474001, 36.264120268351199 ], [ -115.232810455964994, 36.264428524233402 ], [ -115.232801060582005, 36.264737851705299 ], [ -115.232784979203004, 36.265347873077303 ], [ -115.232781950466006, 36.265427906778299 ], [ -115.232257244788002, 36.265377689694198 ], [ -115.231741898058004, 36.265325334751999 ], [ -115.2317750295, 36.263828390632199 ], [ -115.231780414868993, 36.263585038569502 ], [ -115.231799663692001, 36.262746660348 ], [ -115.231805277725002, 36.262502158879499 ], [ -115.230748042491001, 36.262373769199897 ], [ -115.230758364421007, 36.261860006423703 ], [ -115.230758982099999, 36.261722572153602 ], [ -115.229702502828999, 36.261594607187803 ], [ -115.229702442771, 36.261594598898697 ], [ -115.229672487206997, 36.263342578358099 ], [ -115.229568318808006, 36.263340107234299 ], [ -115.228596496988004, 36.263220405129502 ], [ -115.228589134892005, 36.263667112172698 ], [ -115.228581717500006, 36.264123561843299 ], [ -115.228574389431003, 36.2645626981761 ], [ -115.228566073096999, 36.2649250335758 ], [ -115.228565701299004, 36.265007238114798 ], [ -115.227518896814999, 36.2649039333999 ], [ -115.227506857850997, 36.265811018409302 ], [ -115.227608330061003, 36.265819981536197 ], [ -115.228056934470999, 36.265864576298299 ], [ -115.228545580219006, 36.265912541777602 ], [ -115.228596321477994, 36.265917018420197 ], [ -115.228592551838005, 36.266174439464699 ], [ -115.228590524422998, 36.266312897789398 ], [ -115.228583517313993, 36.2667868242659 ], [ -115.229607108481005, 36.266880533545802 ], [ -115.229577846436996, 36.268640422069801 ], [ -115.230614059584994, 36.268714872744098 ], [ -115.231634241682002, 36.268788185770703 ], [ -115.232689158303998, 36.268864837441697 ], [ -115.233567819599003, 36.268924740580999 ], [ -115.233705799028996, 36.268937004838001 ] ], [ [ -115.196922809293994, 36.195485320907501 ], [ -115.196922336439997, 36.1954593532652 ], [ -115.196925291626002, 36.195222269000098 ], [ -115.196925983868994, 36.195122120074501 ], [ -115.196928400868998, 36.194965141470703 ], [ -115.196930761662998, 36.194717762553402 ], [ -115.196932413645001, 36.1946712163397 ], [ -115.196935183316, 36.194462820356797 ], [ -115.196937489937994, 36.194221930520698 ], [ -115.196941012807002, 36.194000540372897 ], [ -115.196942614354995, 36.193864675396199 ], [ -115.196943976303999, 36.193763996849299 ], [ -115.196950747770998, 36.193166535569702 ], [ -115.196952962994999, 36.193037018528202 ], [ -115.196954166685998, 36.192862171509503 ], [ -115.196955412297001, 36.192776111472803 ], [ -115.196959171931994, 36.1925200755947 ], [ -115.196959258582993, 36.1924096409642 ], [ -115.196962216087996, 36.192271609123097 ], [ -115.196964509173995, 36.192033432033803 ], [ -115.196964358859006, 36.191957651184801 ], [ -115.196967692941001, 36.191763326047102 ], [ -115.196970262628, 36.1916815964547 ], [ -115.196970815089998, 36.191503493641299 ], [ -115.196973269547001, 36.191241505889799 ], [ -115.196977206561996, 36.190958377771302 ], [ -115.196977516822002, 36.190911061101403 ], [ -115.196977944416005, 36.190876074443104 ], [ -115.196981860199998, 36.190558778371397 ], [ -115.196982817868999, 36.190515474524098 ], [ -115.196985516436001, 36.190312421908303 ], [ -115.196986662230998, 36.190239871835601 ], [ -115.196987824146007, 36.190064439663303 ], [ -115.196989161209999, 36.189964265693398 ], [ -115.196989619372999, 36.189923505470098 ], [ -115.196990821228994, 36.189816449718798 ], [ -115.196993010772999, 36.189687590462 ], [ -115.196992879183995, 36.189607988177698 ], [ -115.196993815088007, 36.189566847347102 ], [ -115.196994105713998, 36.189523523313902 ], [ -115.196996803656006, 36.189318316580803 ], [ -115.196997225996, 36.1892549663241 ], [ -115.197000435350006, 36.1890746647558 ], [ -115.197002327028997, 36.188995123070498 ], [ -115.197004110715, 36.188745146328699 ], [ -115.197007561826993, 36.188459015229 ], [ -115.197008534364002, 36.188349286388203 ], [ -115.193427511793999, 36.188406924599903 ], [ -115.193429454913996, 36.188491342073704 ], [ -115.193430095276, 36.1885191687605 ], [ -115.193430881355994, 36.188555505894499 ], [ -115.193441565490005, 36.189049363346598 ], [ -115.193102706279006, 36.189055577633503 ], [ -115.193091243759, 36.188524292487102 ], [ -115.193088473456996, 36.188412375780899 ], [ -115.192749977703997, 36.188417817857697 ], [ -115.192752390281996, 36.1885298028023 ], [ -115.192763847021993, 36.1890617909608 ], [ -115.192400972841, 36.189067978980397 ], [ -115.19236891525, 36.189068532223402 ], [ -115.192283649581, 36.189070011223102 ], [ -115.192279458765, 36.1889088100856 ], [ -115.192194741600005, 36.188909804118303 ], [ -115.191870560154001, 36.188913854719402 ], [ -115.191723817373997, 36.188915898356498 ], [ -115.191726007406999, 36.1890544255441 ], [ -115.191729064404996, 36.189331473778601 ], [ -115.191522281730997, 36.189333464941498 ], [ -115.191529893859993, 36.189057506133501 ], [ -115.191538336817999, 36.188549998936999 ], [ -115.191538465627005, 36.188521906175403 ], [ -115.191538496242003, 36.188442096218402 ], [ -115.190135065001002, 36.188470734124799 ], [ -115.189507033729996, 36.188484333981101 ], [ -115.189503640490997, 36.188640201666701 ], [ -115.189494076092004, 36.189091482576501 ], [ -115.189827492758994, 36.189086459329801 ], [ -115.190171789752995, 36.189080155008398 ], [ -115.190160558586001, 36.189632077412803 ], [ -115.190162127763003, 36.189700742758703 ], [ -115.189804012021995, 36.189706154403602 ], [ -115.189464374836007, 36.1897116888697 ], [ -115.189438017387005, 36.189872789550002 ], [ -115.189441917954994, 36.189899850064599 ], [ -115.189455185287997, 36.189921506628203 ], [ -115.189499032832998, 36.189973493034501 ], [ -115.189650525605998, 36.190142442251499 ], [ -115.189831264115, 36.190341726558998 ], [ -115.190010674975994, 36.190542095885398 ], [ -115.190409367257004, 36.190983983154197 ], [ -115.190750909665994, 36.191364132650399 ], [ -115.190766087601006, 36.191388508210302 ], [ -115.190803470191995, 36.191395020939297 ], [ -115.190831669031994, 36.191399214270099 ], [ -115.190859952243002, 36.191395413440098 ], [ -115.190884981771006, 36.191384094201098 ], [ -115.192083949612993, 36.190656909817598 ], [ -115.192208620676993, 36.190800812340697 ], [ -115.192228228429997, 36.190822110771897 ], [ -115.192311523189005, 36.190909040912899 ], [ -115.192346531553994, 36.190945577249501 ], [ -115.192426865537001, 36.190943261933398 ], [ -115.192427634251999, 36.191025732370903 ], [ -115.192424460663005, 36.191563594023599 ], [ -115.192422368772995, 36.191787612417201 ], [ -115.192420255369001, 36.192015956016299 ], [ -115.192419497380996, 36.192237806643398 ], [ -115.192417394328004, 36.192461824073902 ], [ -115.192416625519996, 36.1926858467546 ], [ -115.192414671970994, 36.192913334617302 ], [ -115.192414390379994, 36.193030384939398 ], [ -115.192412418947001, 36.193288309242497 ], [ -115.192408578951998, 36.193369619960102 ], [ -115.192400271400004, 36.193815064548701 ], [ -115.192879779007995, 36.193810527927198 ], [ -115.192965218753002, 36.193812870549202 ], [ -115.192964693454002, 36.194030702130398 ], [ -115.192964126171006, 36.194263710361199 ], [ -115.193531572162996, 36.194258325878103 ], [ -115.193532677990007, 36.193806400943103 ], [ -115.193999992862999, 36.193800819697003 ], [ -115.194101460281004, 36.1937999419617 ], [ -115.194100368860006, 36.194251863353401 ], [ -115.194098695554004, 36.194560739348198 ], [ -115.194098459998997, 36.194603838190503 ], [ -115.194097942273004, 36.194699454185397 ], [ -115.194199422013995, 36.194698567397701 ], [ -115.194668071078993, 36.194694078455299 ], [ -115.194665643582994, 36.195149249106301 ], [ -115.194663459942007, 36.195480826862301 ], [ -115.194671297623003, 36.195589133077803 ], [ -115.196921287717004, 36.195568685161902 ], [ -115.196922809293994, 36.195485320907501 ] ], [ [ -115.225824349256996, 36.210005793858301 ], [ -115.224727981609007, 36.209952933895103 ], [ -115.224597668852994, 36.209085836885698 ], [ -115.224468200540997, 36.208224393219702 ], [ -115.224302047750001, 36.208229167418601 ], [ -115.223979343262997, 36.2082262791508 ], [ -115.223071390071993, 36.208220881652103 ], [ -115.223071719185, 36.208151501554099 ], [ -115.223076678466001, 36.207661521758197 ], [ -115.22307751932, 36.207480481809299 ], [ -115.223673503331995, 36.207480814233698 ], [ -115.224181486418004, 36.207480924703802 ], [ -115.224355600596994, 36.207480735061601 ], [ -115.224339914311997, 36.207377211209099 ], [ -115.224279168747003, 36.206978298539802 ], [ -115.224446444375999, 36.206982531593198 ], [ -115.224907049945998, 36.206994475005601 ], [ -115.225393065115995, 36.207009367749698 ], [ -115.225355852956, 36.206628605797 ], [ -115.225349494164007, 36.2065474799141 ], [ -115.224206812383997, 36.2065090145 ], [ -115.224106125755, 36.206508279712303 ], [ -115.224036697456995, 36.206508188469698 ], [ -115.223659395377993, 36.206505126424702 ], [ -115.223522067968005, 36.206503722227403 ], [ -115.223091441087007, 36.206500534116302 ], [ -115.223044777688003, 36.206500420689501 ], [ -115.222812805082, 36.206497703255401 ], [ -115.222572814372995, 36.206497133305596 ], [ -115.222329761004005, 36.206495336898499 ], [ -115.22211152106, 36.206492785707198 ], [ -115.221958206843993, 36.206490249918502 ], [ -115.221884891567996, 36.206488992043198 ], [ -115.221652906822001, 36.206486272324398 ], [ -115.221427590763994, 36.206484653866497 ], [ -115.221270279210998, 36.206483186653898 ], [ -115.221191614766994, 36.206481921184398 ], [ -115.220964979266995, 36.2064792073053 ], [ -115.220908974302006, 36.206479073774297 ], [ -115.220724994760999, 36.206477552124198 ], [ -115.220547680560998, 36.206474959837898 ], [ -115.220546160704004, 36.206540900625697 ], [ -115.220535959136001, 36.206983350411697 ], [ -115.220534687479002, 36.207056471600602 ], [ -115.220480619213006, 36.207055897601698 ], [ -115.220043761661998, 36.207051261901803 ], [ -115.220044871976, 36.206978498941801 ], [ -115.220052629197994, 36.206469735876396 ], [ -115.219964477065005, 36.206468548955698 ], [ -115.219734722511006, 36.206467211259799 ], [ -115.219605151940996, 36.206467060897303 ], [ -115.219228475877998, 36.206463391937099 ], [ -115.218855797314006, 36.2064586434077 ], [ -115.218489809752, 36.206454977634202 ], [ -115.218010275872004, 36.206451189523598 ], [ -115.217860133252003, 36.206449687436901 ], [ -115.217521394383994, 36.206446298388897 ], [ -115.217492001604001, 36.206446271635599 ], [ -115.217163412941005, 36.2064426440174 ], [ -115.216800099631996, 36.206437899714203 ], [ -115.216438103643, 36.206434230878401 ], [ -115.216080066518998, 36.206430618160198 ], [ -115.215718904149995, 36.206427301209303 ], [ -115.215363095038995, 36.206422891044298 ], [ -115.215264246355005, 36.2064215686325 ], [ -115.215529153896995, 36.208177030399298 ], [ -115.215778156382001, 36.209928323370399 ], [ -115.215910992565995, 36.209928190492597 ], [ -115.216226255283999, 36.209930663114598 ], [ -115.216608820920996, 36.209931502534403 ], [ -115.216987227792004, 36.209932436155299 ], [ -115.217372093053001, 36.209934064294103 ], [ -115.217747631425993, 36.209934581160098 ], [ -115.218164510399006, 36.2099373320072 ], [ -115.218554049312999, 36.209938411807698 ], [ -115.218755487326007, 36.209939773692497 ], [ -115.218940247830005, 36.2099427428277 ], [ -115.219327781337995, 36.2099443547758 ], [ -115.219715324562998, 36.209946515283498 ], [ -115.220148220054, 36.209946567971002 ], [ -115.220257608273002, 36.209947260395701 ], [ -115.220274851892, 36.209947089188702 ], [ -115.220353669369999, 36.209946308009698 ], [ -115.220703182240996, 36.209947331513 ], [ -115.221082057204001, 36.209947848025799 ], [ -115.221464930889994, 36.209947284873003 ], [ -115.221839805738995, 36.209947255132398 ], [ -115.222221336266003, 36.209948316831799 ], [ -115.222608876036006, 36.209948836629799 ], [ -115.222999093596997, 36.209949904007502 ], [ -115.223384636464004, 36.209949342749503 ], [ -115.223775514056996, 36.209949328036402 ], [ -115.224169058732997, 36.209950014041802 ], [ -115.224597009085002, 36.209951658112402 ], [ -115.224627134943006, 36.209952181029301 ], [ -115.224727981609007, 36.209952933895103 ], [ -115.224857634878006, 36.210820149441602 ], [ -115.225020147419997, 36.210825868988401 ], [ -115.225052784224005, 36.210827513307301 ], [ -115.225402122182004, 36.210845118870402 ], [ -115.225474236861004, 36.210849606630802 ], [ -115.225546759712003, 36.210853117671697 ], [ -115.225943035268003, 36.210872304932799 ], [ -115.226004070114001, 36.2113054753043 ], [ -115.225859130532001, 36.211298404477198 ], [ -115.225631907378002, 36.211287313876099 ], [ -115.22540158644, 36.211279008469198 ], [ -115.225401362417998, 36.211276182265003 ], [ -115.225089185935005, 36.211261226867798 ], [ -115.225005944303007, 36.211258296330797 ], [ -115.224922701561994, 36.2112553666338 ], [ -115.224961248295998, 36.211513186095999 ], [ -115.224989932157001, 36.211688627237798 ], [ -115.224990203180994, 36.211690410794503 ], [ -115.224993125824994, 36.211688738645897 ], [ -115.225069264455996, 36.211691419002499 ], [ -115.225099527536997, 36.211692483886203 ], [ -115.225154220142002, 36.211694409605002 ], [ -115.225608316991995, 36.211720318871599 ], [ -115.225681767083003, 36.211724810500101 ], [ -115.226063751308999, 36.211742976763297 ], [ -115.226483125569999, 36.211766642998803 ], [ -115.226548187502004, 36.212195498869598 ], [ -115.22594373455, 36.212159330132501 ], [ -115.225877787697002, 36.212155382920599 ], [ -115.225937967262993, 36.212585991026103 ], [ -115.226184530075997, 36.212600660999499 ], [ -115.226245694073, 36.213003530260799 ], [ -115.226300277742993, 36.213383639473697 ], [ -115.226314635566993, 36.213467034185904 ], [ -115.226701010886003, 36.213492221738399 ], [ -115.227380403599, 36.213536507566801 ], [ -115.228420812818996, 36.213601597119798 ], [ -115.228957438880997, 36.213636814384401 ], [ -115.228899512105997, 36.213156616696899 ], [ -115.228359936371007, 36.213125112742702 ], [ -115.228343124532998, 36.212988671169299 ], [ -115.228310774510007, 36.212726615336599 ], [ -115.228818283294004, 36.212758042544202 ], [ -115.228853007002002, 36.212760281451999 ], [ -115.229287064922005, 36.212787216985802 ], [ -115.229395251100996, 36.212793945145897 ], [ -115.229495944519996, 36.213672151968296 ], [ -115.230573660746003, 36.213742209072798 ], [ -115.231638007807007, 36.2138100631119 ], [ -115.231558751430001, 36.212928081583499 ], [ -115.231452055470996, 36.212921296670103 ], [ -115.230966557220995, 36.212891829126399 ], [ -115.230483728585, 36.212862367485002 ], [ -115.230445243884006, 36.212461721277101 ], [ -115.230404104922002, 36.212057822570898 ], [ -115.230395097379002, 36.211973363455201 ], [ -115.231455552811994, 36.212030887863399 ], [ -115.231369561267996, 36.211146218344901 ], [ -115.231268061272004, 36.211139502629997 ], [ -115.230728478890001, 36.211112344548603 ], [ -115.230262346684995, 36.211089672852303 ], [ -115.229789546660001, 36.211065907111703 ], [ -115.229621271550002, 36.211056874692503 ], [ -115.229299384784994, 36.211039934068303 ], [ -115.229185864062998, 36.211035353128601 ], [ -115.229079005200006, 36.2110307827882 ], [ -115.228094675411995, 36.210982070630799 ], [ -115.228044500438997, 36.210574782424402 ], [ -115.228022312114007, 36.210402476999498 ], [ -115.227997590330006, 36.210210504269497 ], [ -115.227995105510999, 36.210184485747597 ], [ -115.227992018028999, 36.210109732844998 ], [ -115.226911848699999, 36.210059942262099 ], [ -115.226793221348004, 36.209188204715602 ], [ -115.226896006963997, 36.209192810024597 ], [ -115.227399277093994, 36.209216921144801 ], [ -115.227899874849996, 36.209244275859298 ], [ -115.228444539147006, 36.209268496501899 ], [ -115.228914433911001, 36.209290339188897 ], [ -115.2290159012, 36.209293866241801 ], [ -115.228918068672002, 36.208407780610301 ], [ -115.228866600220002, 36.207938741536204 ], [ -115.228823026737004, 36.207541828788997 ], [ -115.228203375364998, 36.207517071955799 ], [ -115.227697330867002, 36.207498913503798 ], [ -115.227737171330006, 36.207893742596298 ], [ -115.227774346518004, 36.208277973606201 ], [ -115.227782021042998, 36.208361383509498 ], [ -115.226680538056002, 36.208318070911098 ], [ -115.226569105997996, 36.207454817433501 ], [ -115.226466295072996, 36.207451392459397 ], [ -115.225954918243005, 36.207432138209597 ], [ -115.225447540410002, 36.207413957252697 ], [ -115.225504764082999, 36.207801250205698 ], [ -115.225033311863001, 36.207772170177002 ], [ -115.225085891253997, 36.208170300896903 ], [ -115.225097110190006, 36.2082538026919 ], [ -115.22557099686, 36.2082739940466 ], [ -115.225586694010005, 36.208356220341699 ], [ -115.225691766934005, 36.209136194671103 ], [ -115.225798223005, 36.209893712871597 ], [ -115.225800781380997, 36.2099229582658 ], [ -115.225824349256996, 36.210005793858301 ] ], [ [ -115.307012609905996, 36.285571315274503 ], [ -115.306834675317006, 36.285569593517501 ], [ -115.306029049488998, 36.285561793071302 ], [ -115.305885267744998, 36.285561624488899 ], [ -115.305885245881996, 36.285563712698703 ], [ -115.305888260855994, 36.286469974236802 ], [ -115.305887102650004, 36.288306652481197 ], [ -115.305887092228005, 36.288323433339798 ], [ -115.308127088603996, 36.288329241519797 ], [ -115.308126792658996, 36.288404325356296 ], [ -115.308120941926006, 36.289888747093798 ], [ -115.308119848290005, 36.2901659233464 ], [ -115.307227165800995, 36.2901586974669 ], [ -115.307009253705004, 36.290156932300597 ], [ -115.307008058798004, 36.290240698737698 ], [ -115.307007243656997, 36.290797074094201 ], [ -115.307006874411002, 36.291047024384 ], [ -115.307006515124996, 36.291281518688599 ], [ -115.307006065489006, 36.291585202899803 ], [ -115.307005676691006, 36.2918476366969 ], [ -115.307005357397003, 36.291985540325797 ], [ -115.307005305356, 36.292053654200402 ], [ -115.307005251470002, 36.292122922605401 ], [ -115.307004842262998, 36.292674648137002 ], [ -115.307004642707994, 36.292930133480503 ], [ -115.307004459010003, 36.293181120577998 ], [ -115.307004119072005, 36.293639312592198 ], [ -115.307004045016001, 36.2937373433708 ], [ -115.307004470679004, 36.293772914134699 ], [ -115.307003275777006, 36.293820033715903 ], [ -115.307000151888005, 36.293819988642802 ], [ -115.306718024467003, 36.2938159087347 ], [ -115.306485888191006, 36.293812551380697 ], [ -115.306010854660997, 36.293805679677497 ], [ -115.305875609853004, 36.293804124862 ], [ -115.305875526669993, 36.293827616441199 ], [ -115.305869098773002, 36.2956428208091 ], [ -115.305873131981002, 36.297392261163502 ], [ -115.306009782949999, 36.2973924366975 ], [ -115.306010668588002, 36.297400162686799 ], [ -115.306013546613997, 36.297408055527001 ], [ -115.306018308467998, 36.297415330855998 ], [ -115.306024754790997, 36.297421690790202 ], [ -115.306032630399002, 36.297426882380101 ], [ -115.306059817700998, 36.297433696890003 ], [ -115.306216666558996, 36.2974358513613 ], [ -115.306433867519004, 36.297438835789698 ], [ -115.306622001357994, 36.297441414577399 ], [ -115.306807762663993, 36.297443964148798 ], [ -115.306993587465996, 36.297446508170701 ], [ -115.307180978730997, 36.297449080757602 ], [ -115.307346755566996, 36.297451354408501 ], [ -115.307441249487994, 36.297452648612897 ], [ -115.307572988085994, 36.297454455853803 ], [ -115.307569588988997, 36.297617331117301 ], [ -115.307568192041998, 36.2976842854899 ], [ -115.307566895381996, 36.297746471441997 ], [ -115.307565103314005, 36.297832364314502 ], [ -115.307562761366, 36.297943204136502 ], [ -115.307601494546006, 36.297943816207599 ], [ -115.307699071978007, 36.297945139852303 ], [ -115.307905330832995, 36.297948104495902 ], [ -115.308053746544999, 36.297950314641902 ], [ -115.308087830522993, 36.297950822118501 ], [ -115.308221353012001, 36.297952811205903 ], [ -115.308230107254005, 36.297952941304501 ], [ -115.308230194087002, 36.297949139922402 ], [ -115.308104325170007, 36.297663171901597 ], [ -115.308066624912996, 36.297533712350699 ], [ -115.30806546318, 36.297529723332303 ], [ -115.308073935644998, 36.297528280066999 ], [ -115.308137920712994, 36.297529148376903 ], [ -115.308213983358002, 36.2975301787341 ], [ -115.308254178332007, 36.297530445163297 ], [ -115.308271627929997, 36.297530960280604 ], [ -115.308366037396993, 36.297532240040901 ], [ -115.308555915130995, 36.297534814389003 ], [ -115.308672251949005, 36.297536391247803 ], [ -115.308965805602, 36.297540361203303 ], [ -115.309049397831004, 36.297541493027303 ], [ -115.309142037106994, 36.297542748285899 ], [ -115.309375707244001, 36.2975459156509 ], [ -115.309662319256006, 36.297549793184999 ], [ -115.309785597849995, 36.297551459655402 ], [ -115.310015493793998, 36.297554577479097 ], [ -115.310195487379005, 36.297557011264999 ], [ -115.310310479351998, 36.297558568135997 ], [ -115.310394042907006, 36.297540457612101 ], [ -115.310889468412995, 36.297547219613499 ], [ -115.311477553383995, 36.297555237563799 ], [ -115.311980209175005, 36.297562094402899 ], [ -115.312655309090999, 36.297571302625698 ], [ -115.312654055745995, 36.297402015799904 ], [ -115.312652082729002, 36.297135527410198 ], [ -115.312650001498994, 36.296853635052102 ], [ -115.312647355929997, 36.296495648451298 ], [ -115.312645656929007, 36.296265869625202 ], [ -115.312643606047999, 36.295988735132603 ], [ -115.312641146371007, 36.295734538086599 ], [ -115.312639045666998, 36.2954582948189 ], [ -115.312638683987004, 36.2954105524868 ], [ -115.312637914427995, 36.295309104871798 ], [ -115.312636374940993, 36.295106316887797 ], [ -115.312634926765, 36.294915772043602 ], [ -115.312632665427998, 36.294617712074299 ], [ -115.312631578920005, 36.294474269648198 ], [ -115.312629594843997, 36.294212296498699 ], [ -115.312628825480999, 36.294110795688603 ], [ -115.312627820035999, 36.293978051587501 ], [ -115.312601686950998, 36.293888639852 ], [ -115.312604237678997, 36.293574448861101 ], [ -115.312609030499999, 36.292984136062501 ], [ -115.31261653272, 36.292060060364904 ], [ -115.312617161787003, 36.291854123612303 ], [ -115.312618166145995, 36.2915250489296 ], [ -115.312620133194997, 36.290881202682897 ], [ -115.312620898004994, 36.290630803491801 ], [ -115.312622146305003, 36.2902223916644 ], [ -115.312653592223, 36.290222772892498 ], [ -115.313146336995999, 36.290228751504202 ], [ -115.313745282423, 36.290236014855203 ], [ -115.313745565928002, 36.290153602703903 ], [ -115.3137483788, 36.289316491869201 ], [ -115.313751191644997, 36.288479354780002 ], [ -115.313751463995999, 36.288396941678101 ], [ -115.313758772973998, 36.288394245310599 ], [ -115.313751514800003, 36.288394146931097 ], [ -115.312627748555997, 36.2883846241334 ], [ -115.311504044670002, 36.2883722960554 ], [ -115.311392089384995, 36.288371175369299 ], [ -115.310383298613999, 36.288361072740997 ], [ -115.309259597771998, 36.288345224820198 ], [ -115.309260034526005, 36.287918862105101 ], [ -115.309261509840994, 36.286511677361602 ], [ -115.309220409272996, 36.286511266803998 ], [ -115.307014974184, 36.2864890125187 ], [ -115.307012609905996, 36.285571315274503 ] ], [ [ -115.222427149612002, 36.156156477299099 ], [ -115.222411666324007, 36.155659680971603 ], [ -115.222406414739993, 36.155578503521198 ], [ -115.223420275124994, 36.155581609108602 ], [ -115.223522988938996, 36.155581701466197 ], [ -115.223623047648999, 36.155581794772999 ], [ -115.224139312391998, 36.1555833534633 ], [ -115.224648898910004, 36.155584898937697 ], [ -115.224633404279004, 36.155316906483201 ], [ -115.224623186599004, 36.155046955084302 ], [ -115.224614278995006, 36.154811473128298 ], [ -115.224611223009006, 36.154616207363397 ], [ -115.224604728643996, 36.154446276617897 ], [ -115.224576166155003, 36.153687559013001 ], [ -115.224570911192004, 36.153604218505997 ], [ -115.224506831113004, 36.151906207366203 ], [ -115.224491637447997, 36.151796816643802 ], [ -115.223400934278999, 36.151793354126198 ], [ -115.222831635426004, 36.151792425818201 ], [ -115.222826901698994, 36.1512605470555 ], [ -115.223275547035996, 36.151257552558498 ], [ -115.223377120932994, 36.151257803832301 ], [ -115.223363264585004, 36.1508439944066 ], [ -115.223347739507005, 36.150423303047198 ], [ -115.223332233399006, 36.149998492791298 ], [ -115.223329120882994, 36.149916005841298 ], [ -115.224429550215007, 36.149913270139102 ], [ -115.224426449082003, 36.149828033393398 ], [ -115.224410952594994, 36.149394976389701 ], [ -115.224397123802007, 36.148971542082599 ], [ -115.224051764129996, 36.148972047694699 ], [ -115.224040885248996, 36.148681959028004 ], [ -115.224029975074004, 36.1483987471426 ], [ -115.224020766623994, 36.148112792296601 ], [ -115.224018698736003, 36.148030154349399 ], [ -115.224347786051993, 36.148027013324999 ], [ -115.225444462040997, 36.148017857771201 ], [ -115.225404565833003, 36.147064264301797 ], [ -115.225395201989002, 36.146833450340303 ], [ -115.225225074280999, 36.146836664099901 ], [ -115.224304278850994, 36.146854303536898 ], [ -115.224316614206998, 36.147219997378897 ], [ -115.223334707858001, 36.147227153329197 ], [ -115.223234822, 36.147228277079201 ], [ -115.223222396441003, 36.146895570317298 ], [ -115.223196097249996, 36.146153181657603 ], [ -115.223092834468005, 36.146154322176997 ], [ -115.222111111893994, 36.146167903940899 ], [ -115.221627021147995, 36.146174013748499 ], [ -115.221642366455995, 36.146614776930498 ], [ -115.221214166893006, 36.146616565389699 ], [ -115.221163436976994, 36.146616772506299 ], [ -115.221062699410993, 36.1466171978728 ], [ -115.221053235469, 36.146181355469501 ], [ -115.219976727943006, 36.146196147149503 ], [ -115.219631163122997, 36.146200403237202 ], [ -115.218890069725006, 36.146209528292303 ], [ -115.218888729051002, 36.1461270015146 ], [ -115.218328422284003, 36.146134497379002 ], [ -115.218328851875, 36.1460177898187 ], [ -115.218230988722993, 36.145935257231798 ], [ -115.218107601832003, 36.145888374119998 ], [ -115.217987443930994, 36.145885438931501 ], [ -115.217987623973002, 36.145834633401897 ], [ -115.217986232737999, 36.145753628747002 ], [ -115.217791593018006, 36.1457546841918 ], [ -115.217792971256003, 36.145838446775699 ], [ -115.217798343897002, 36.1462229021326 ], [ -115.217799714189994, 36.146310774597097 ], [ -115.217806630946995, 36.146733675824002 ], [ -115.217811879370004, 36.147149713064898 ], [ -115.217815818164993, 36.147460014325901 ], [ -115.217820160200006, 36.147661855726703 ], [ -115.217410556217004, 36.147663948699297 ], [ -115.216885845689006, 36.147668608315598 ], [ -115.216746519682999, 36.147672210709899 ], [ -115.216742362397994, 36.147173347695599 ], [ -115.216742564312995, 36.147115628404997 ], [ -115.216737312442007, 36.146689605658402 ], [ -115.216608883077996, 36.146699388093097 ], [ -115.216104355008994, 36.146702609951397 ], [ -115.216099149475994, 36.146245933310801 ], [ -115.215640174488001, 36.146251555149597 ], [ -115.215162581553002, 36.146255739012098 ], [ -115.214690073349999, 36.146258566651198 ], [ -115.214585065898007, 36.1462596584118 ], [ -115.214588500768002, 36.1466250454625 ], [ -115.214487268729997, 36.146626644473301 ], [ -115.213860703815996, 36.146631986565701 ], [ -115.213861368565006, 36.146909642809199 ], [ -115.214591134119999, 36.146905267451601 ], [ -115.214593736363, 36.147182641236199 ], [ -115.214492117033998, 36.147183734330802 ], [ -115.213862099055007, 36.147187497527902 ], [ -115.213862834191005, 36.147466730329597 ], [ -115.214596327826996, 36.147457571561198 ], [ -115.214599075839004, 36.147748915857399 ], [ -115.214598804687995, 36.147748915923898 ], [ -115.214599074911007, 36.1477491141397 ], [ -115.214601886937004, 36.148135995992099 ], [ -115.214510540172995, 36.1481050436036 ], [ -115.213920472338998, 36.1481101549766 ], [ -115.213868248965994, 36.1481106076575 ], [ -115.213867892313999, 36.148110355996899 ], [ -115.213867893319005, 36.148110615573302 ], [ -115.213518491719, 36.1481136380294 ], [ -115.212449818281996, 36.148120310549402 ], [ -115.212453427734999, 36.149029523727798 ], [ -115.212463781794, 36.149948392506303 ], [ -115.212467277106995, 36.1504050699793 ], [ -115.212567124068997, 36.150406715770103 ], [ -115.212997300858007, 36.150409281606898 ], [ -115.213069679057, 36.1504098479015 ], [ -115.213546024433995, 36.150413554941501 ], [ -115.213538874967995, 36.150032518253298 ], [ -115.213534093153996, 36.149945849318101 ], [ -115.213723783660001, 36.149944997351596 ], [ -115.214618023390997, 36.149943336692601 ], [ -115.214626349769006, 36.1508328410698 ], [ -115.214628464897004, 36.150870765987399 ], [ -115.214628456108002, 36.1508690823403 ], [ -115.214730083095006, 36.1508652312028 ], [ -115.215698835021996, 36.150869272603202 ], [ -115.216174741114003, 36.150870579412398 ], [ -115.216179732585999, 36.151153944021097 ], [ -115.216181829899, 36.151273577607299 ], [ -115.216253488326004, 36.151273050106703 ], [ -115.216272004733995, 36.1512729139857 ], [ -115.216316431446998, 36.151272586884303 ], [ -115.216650474692997, 36.151270140185296 ], [ -115.216654148863, 36.151270111778402 ], [ -115.216785267543003, 36.1512691143704 ], [ -115.216785261800993, 36.151269154009903 ], [ -115.216782150615998, 36.151288863031297 ], [ -115.216790304734999, 36.1517805086458 ], [ -115.216790239036996, 36.151780536384898 ], [ -115.216794079769997, 36.151780542732702 ], [ -115.216797299684998, 36.152096412484397 ], [ -115.216800239964002, 36.152448494510899 ], [ -115.216803407843997, 36.152725401070498 ], [ -115.216937754775998, 36.152730940563998 ], [ -115.217900350858997, 36.152737595189599 ], [ -115.217898478902995, 36.1530165052393 ], [ -115.217900864108003, 36.153163522798302 ], [ -115.2179040507, 36.153590531075899 ], [ -115.217913222145, 36.153673775652599 ], [ -115.217921065015005, 36.153755934619099 ], [ -115.217924566281994, 36.154012139366401 ], [ -115.218055572476999, 36.154012414668401 ], [ -115.218239330116006, 36.154012801094602 ], [ -115.218412073148997, 36.154013163588502 ], [ -115.218544405055994, 36.154013471237 ], [ -115.218691429950994, 36.154013853223098 ], [ -115.218805376635004, 36.154014149663702 ], [ -115.218931185867007, 36.154014476686299 ], [ -115.218932213887996, 36.154069240709099 ], [ -115.218932606373997, 36.154090100578401 ], [ -115.218933558664006, 36.154140815752001 ], [ -115.218934625109, 36.154197604199602 ], [ -115.218936030360993, 36.154272443014797 ], [ -115.218937543303994, 36.154353071175699 ], [ -115.218938557358001, 36.1544014873311 ], [ -115.218938452882995, 36.154401488815701 ], [ -115.218858759330999, 36.154401388690601 ], [ -115.218726430554, 36.154401223801798 ], [ -115.218476490776993, 36.154400911389899 ], [ -115.218436034977003, 36.154400860225699 ], [ -115.218425008042004, 36.1544008464531 ], [ -115.218333133963, 36.154400731392897 ], [ -115.218108898888005, 36.154400450593002 ], [ -115.217929156051994, 36.154400232138997 ], [ -115.217931414296999, 36.154615352936602 ], [ -115.217935078433001, 36.154786159535398 ], [ -115.218947042516007, 36.154788495030203 ], [ -115.219048377505004, 36.154788514924 ], [ -115.219056818838993, 36.155253358298403 ], [ -115.219062877843996, 36.155570100809499 ], [ -115.219072650178006, 36.1560403550397 ], [ -115.219074081909, 36.156110462113098 ], [ -115.218972526089999, 36.156107359136001 ], [ -115.218463196395007, 36.156107268402899 ], [ -115.218457404066001, 36.155654322115403 ], [ -115.218459700614005, 36.155568832272799 ], [ -115.217945577864995, 36.155567742331499 ], [ -115.217446504425993, 36.155566407751699 ], [ -115.217445414940997, 36.155657381133203 ], [ -115.217448690604996, 36.1560335835198 ], [ -115.217940691072002, 36.156029344540002 ], [ -115.217949369299006, 36.156369872105699 ], [ -115.217955402078999, 36.156698503501602 ], [ -115.217590078789001, 36.156697361218697 ], [ -115.216972750577995, 36.156697249682097 ], [ -115.216842118992005, 36.156691703558401 ], [ -115.216840190070997, 36.157318729281101 ], [ -115.216841044597004, 36.157371538750098 ], [ -115.217594109472998, 36.157373002980201 ], [ -115.217971455175004, 36.157373082362 ], [ -115.217972261311999, 36.157517932789602 ], [ -115.217974827505003, 36.157978124531098 ], [ -115.218999336332999, 36.157978001381501 ], [ -115.219110988552004, 36.157983009744001 ], [ -115.219099963177001, 36.157463999925 ], [ -115.219654923069996, 36.157464533003903 ], [ -115.220216567554999, 36.157463984201698 ], [ -115.221335838244997, 36.157461794005997 ], [ -115.221314169845002, 36.156518007906399 ], [ -115.221416900883995, 36.156514857464103 ], [ -115.222436105621995, 36.156515806434101 ], [ -115.222427078088003, 36.156218162614401 ], [ -115.222427149612002, 36.156156477299099 ] ], [ [ -115.284272977615998, 36.313915095217403 ], [ -115.283719537734996, 36.313913343475498 ], [ -115.283718725225, 36.313994133348601 ], [ -115.283718612753006, 36.313994132165497 ], [ -115.283718446617002, 36.314021542162898 ], [ -115.283716248407003, 36.314380345115403 ], [ -115.283713517489005, 36.314827127161301 ], [ -115.283236024003997, 36.314825929412798 ], [ -115.283139149082999, 36.314825686178203 ], [ -115.283137683668002, 36.315759745333601 ], [ -115.283128976656997, 36.317606443481402 ], [ -115.281997001844999, 36.317604280273997 ], [ -115.280967362503006, 36.317602365244603 ], [ -115.280763694149996, 36.317601849900299 ], [ -115.279730190470005, 36.317599923445798 ], [ -115.278766202368999, 36.317598147167502 ], [ -115.278572679584002, 36.317597662952103 ], [ -115.278548518836004, 36.321311877507597 ], [ -115.278554048309999, 36.322187504045999 ], [ -115.278706453772998, 36.322188606355397 ], [ -115.280700922506995, 36.322197629200801 ], [ -115.280802762972996, 36.322198094290997 ], [ -115.280802326263, 36.322236162899301 ], [ -115.280792757045006, 36.323068024950402 ], [ -115.280792614264001, 36.323080472049703 ], [ -115.280894453662, 36.3230812227646 ], [ -115.281927139500993, 36.323088743154699 ], [ -115.281953935846005, 36.323088936898799 ], [ -115.282885087628998, 36.323095710786298 ], [ -115.282959813350004, 36.323096254593203 ], [ -115.283061660921007, 36.323096919663897 ], [ -115.283061001907996, 36.323162445857598 ], [ -115.283053619046996, 36.3239023865234 ], [ -115.283052791781998, 36.3239853455785 ], [ -115.282950946395999, 36.323984680503301 ], [ -115.281917625188001, 36.323974481542898 ], [ -115.281025346095007, 36.323965666911597 ], [ -115.280922252470006, 36.323964648158899 ], [ -115.280782467166006, 36.323963507608902 ], [ -115.280772323877002, 36.324846056359704 ], [ -115.278820932875007, 36.324820299557402 ], [ -115.278803157769005, 36.324820065004999 ], [ -115.278686906803003, 36.324818529520698 ], [ -115.278570652501003, 36.324816993914901 ], [ -115.278592784379001, 36.3283216405041 ], [ -115.279948637646996, 36.328354893843503 ], [ -115.285276345675001, 36.328485411229501 ], [ -115.286424585947003, 36.328513522695097 ], [ -115.287607831854999, 36.328542475827597 ], [ -115.287608385045004, 36.327791842911402 ], [ -115.287609067877, 36.326868346428 ], [ -115.287609762266001, 36.325944714639803 ], [ -115.287610390243003, 36.325103485785803 ], [ -115.287610445458995, 36.325021073668402 ], [ -115.287613140131, 36.321404742269998 ], [ -115.287613198418995, 36.3213268148384 ], [ -115.287629824598, 36.318541152660501 ], [ -115.286526302208998, 36.3185360203451 ], [ -115.286526868783, 36.317614018288999 ], [ -115.287635349951998, 36.317614944883601 ], [ -115.287640832004996, 36.316700146967101 ], [ -115.287646418771004, 36.315763466266198 ], [ -115.286530724190001, 36.315762765263699 ], [ -115.285507986417997, 36.315762114237302 ], [ -115.285406153872003, 36.315762049752998 ], [ -115.284267720233998, 36.3157609014333 ], [ -115.284270155157998, 36.315671564362603 ], [ -115.284268969660999, 36.315288032897698 ], [ -115.284267539861006, 36.3148285144852 ], [ -115.284272977615998, 36.313915095217403 ] ], [ [ -115.210189896543, 36.206260198464001 ], [ -115.210197675209002, 36.205846783383798 ], [ -115.210204814049007, 36.205467398884998 ], [ -115.210726893816002, 36.205477416381498 ], [ -115.211217001532006, 36.205487350224303 ], [ -115.211318334656994, 36.205489810307199 ], [ -115.211320224580007, 36.205394534797101 ], [ -115.211421584959993, 36.205395910628397 ], [ -115.211421640560005, 36.205395911702503 ], [ -115.212810756856996, 36.205418195537597 ], [ -115.212949737483996, 36.205420423788702 ], [ -115.212995863906002, 36.205423901289898 ], [ -115.212995926857005, 36.205421161571302 ], [ -115.213015773414995, 36.204704391286803 ], [ -115.213030261889998, 36.204242065737603 ], [ -115.213031843896005, 36.204196600678401 ], [ -115.212686296822, 36.2041901593958 ], [ -115.212702138687007, 36.203441146576601 ], [ -115.212691834715002, 36.203017897035998 ], [ -115.212693557763998, 36.202963779146302 ], [ -115.212694112503996, 36.202881493299401 ], [ -115.212689740534003, 36.2027426634303 ], [ -115.212704121436005, 36.202251568334702 ], [ -115.213090833094, 36.202259263500601 ], [ -115.213105264939003, 36.201763878337502 ], [ -115.213107009599995, 36.201681487997298 ], [ -115.213943100924993, 36.2016970769021 ], [ -115.214675194278996, 36.201710194617597 ], [ -115.214780939573004, 36.201707455903303 ], [ -115.214814632854996, 36.2004882945186 ], [ -115.214821913570006, 36.199919513082797 ], [ -115.214839669469995, 36.1992823416414 ], [ -115.214840268399996, 36.1992608432531 ], [ -115.214876232069003, 36.197962465080501 ], [ -115.214896659144003, 36.196854175549099 ], [ -115.214927634551998, 36.195606569106701 ], [ -115.212682914908001, 36.195573258459497 ], [ -115.212684795648997, 36.195495077481297 ], [ -115.212694761978, 36.1951098244961 ], [ -115.212705082891006, 36.194654028699802 ], [ -115.212710130334003, 36.194448919979997 ], [ -115.212727068812995, 36.193740269054501 ], [ -115.212733584269003, 36.193509116691402 ], [ -115.212738790962007, 36.193272535407701 ], [ -115.212750496688997, 36.192805892231902 ], [ -115.212663857909007, 36.1928056149602 ], [ -115.211612333443, 36.192791367420597 ], [ -115.210610106513997, 36.192780517811499 ], [ -115.210508792428001, 36.1927845374965 ], [ -115.210519089567995, 36.192336339539501 ], [ -115.210530818614004, 36.191867515496099 ], [ -115.210542311891004, 36.191429631943201 ], [ -115.210643621469998, 36.191428775735602 ], [ -115.211140825458997, 36.191428862650604 ], [ -115.211140088530001, 36.191471806796798 ], [ -115.211135549713006, 36.191735681186202 ], [ -115.211134216337001, 36.191813261825899 ], [ -115.211133231378, 36.191870552822301 ], [ -115.211830272346006, 36.1918749804138 ], [ -115.212284743328993, 36.191878616225097 ], [ -115.212776535277001, 36.191881293316101 ], [ -115.212779959898, 36.191732618213798 ], [ -115.212784878199997, 36.191552464792103 ], [ -115.212786602790004, 36.191474337353299 ], [ -115.212788179143999, 36.1914276734678 ], [ -115.212295045535001, 36.191427164380698 ], [ -115.212005830799001, 36.191427313051797 ], [ -115.212013476292995, 36.190973680852998 ], [ -115.212305342497004, 36.190976794032302 ], [ -115.212319678973998, 36.190518838298402 ], [ -115.212808782650995, 36.190523669997297 ], [ -115.212810342712004, 36.190478096613901 ], [ -115.212813916377002, 36.190300111098601 ], [ -115.212818834434998, 36.1901199675454 ], [ -115.212820534318993, 36.190049428869401 ], [ -115.21233267753, 36.190047241869202 ], [ -115.211772821501995, 36.190046001093101 ], [ -115.211222299983007, 36.190045868263603 ], [ -115.210678453916003, 36.190042500028703 ], [ -115.210577151248998, 36.190042274744897 ], [ -115.210600326477007, 36.189126400524103 ], [ -115.210601749421002, 36.1890701374396 ], [ -115.209913237443004, 36.189066297178897 ], [ -115.209912752311993, 36.189123987217101 ], [ -115.209882165878, 36.189123819695297 ], [ -115.209430465289003, 36.189120598050799 ], [ -115.209062110705005, 36.189119726313798 ], [ -115.208460950404998, 36.189117295419898 ], [ -115.208359648908996, 36.189117077279199 ], [ -115.208349715889, 36.1895050972958 ], [ -115.208337781059996, 36.190030782984302 ], [ -115.208324381828007, 36.190581393701898 ], [ -115.208315903056999, 36.190948823714599 ], [ -115.208305389070006, 36.191453910250999 ], [ -115.208296738700994, 36.191854948745103 ], [ -115.208195434836, 36.191854721435497 ], [ -115.207420965625005, 36.191849732120502 ], [ -115.207414507224001, 36.192077350440499 ], [ -115.207404035642995, 36.192307120142999 ], [ -115.208185148121004, 36.1923142934941 ], [ -115.208286463739995, 36.1923145118379 ], [ -115.208276234335997, 36.192762159995503 ], [ -115.208255709533006, 36.193675869333099 ], [ -115.208234954364002, 36.194600456360398 ], [ -115.208232162360005, 36.1947160712444 ], [ -115.208228164868004, 36.194881602028303 ], [ -115.208227499686004, 36.194911492086199 ], [ -115.208217989272995, 36.195338316219001 ], [ -115.208216137346, 36.195421415539499 ], [ -115.208216028338995, 36.195426318208199 ], [ -115.20821445256, 36.195507004741899 ], [ -115.207800014387999, 36.195500803100501 ], [ -115.207799337275006, 36.195500324194498 ], [ -115.207799378388998, 36.195500795697399 ], [ -115.207492035505993, 36.195496198856702 ], [ -115.207488891306994, 36.195607326883803 ], [ -115.207488750745995, 36.195634410165098 ], [ -115.207475405085006, 36.196132745687997 ], [ -115.207123510854004, 36.196126403696603 ], [ -115.206770267172999, 36.196121137971602 ], [ -115.206765313226995, 36.196298812315099 ], [ -115.206773659922007, 36.1967246171534 ], [ -115.206773243382003, 36.196806957552603 ], [ -115.206763340633003, 36.197161205736499 ], [ -115.206763037475, 36.197217544317603 ], [ -115.20675973134, 36.197336711273003 ], [ -115.206754793616, 36.197513294170598 ], [ -115.206752596453995, 36.197672554813003 ], [ -115.206746250923004, 36.197862138860501 ], [ -115.206756099589995, 36.197939491364998 ], [ -115.206649546037994, 36.197937632903297 ], [ -115.206634730407004, 36.198024354195397 ], [ -115.206626270898994, 36.198358029525998 ], [ -115.206622687167993, 36.198528119262299 ], [ -115.206619108647004, 36.198697117550097 ], [ -115.206614196402001, 36.198868292752501 ], [ -115.206610607429994, 36.199039464003 ], [ -115.206607672681002, 36.199122823911701 ], [ -115.206722136151996, 36.199124265672602 ], [ -115.206720368126, 36.199205511227397 ], [ -115.206711851733004, 36.199551102248599 ], [ -115.206706906666, 36.199726603509703 ], [ -115.207057488516, 36.199734024186199 ], [ -115.207040335524994, 36.200344008799703 ], [ -115.206692954578998, 36.200338698139603 ], [ -115.206691175320998, 36.200419952654897 ], [ -115.206682574835995, 36.200780712012502 ], [ -115.206678985891998, 36.200951882309496 ], [ -115.206674036566, 36.201128465059703 ], [ -115.206040840609006, 36.2011181248048 ], [ -115.206007518736001, 36.201116956241002 ], [ -115.205836947167001, 36.201114138126201 ], [ -115.205823830762, 36.201550708457901 ], [ -115.206426620890994, 36.201560034810299 ], [ -115.206412681952997, 36.202138682472302 ], [ -115.206787393455997, 36.202146369223499 ], [ -115.206771740405998, 36.202637639770998 ], [ -115.206771497592001, 36.2026929780613 ], [ -115.206768751040997, 36.202774193451098 ], [ -115.206542620714998, 36.202770525552801 ], [ -115.206541624620002, 36.202908752879999 ], [ -115.206532994933994, 36.203182573796497 ], [ -115.206527654442993, 36.203368735927498 ], [ -115.206522159778999, 36.203575456833498 ], [ -115.206508184149996, 36.204036521354503 ], [ -115.206505568734997, 36.2041135100947 ], [ -115.206749016174001, 36.204117529986497 ], [ -115.206751338681002, 36.204029670793702 ], [ -115.206768709331001, 36.203372613047797 ], [ -115.206895363458997, 36.203374597734403 ], [ -115.207268143674, 36.203380429281701 ], [ -115.207266024583006, 36.2034886591318 ], [ -115.207248263164999, 36.2040771629053 ], [ -115.207246783328003, 36.204126143221501 ], [ -115.207389277870007, 36.204129763428497 ], [ -115.207390188264, 36.204188214771101 ], [ -115.207374485659003, 36.204704477778897 ], [ -115.207024183399994, 36.2047013850339 ], [ -115.207008653030002, 36.205192754933002 ], [ -115.207027552921005, 36.205275228957298 ], [ -115.207009594699002, 36.205802146950397 ], [ -115.207784767814999, 36.205809602015698 ], [ -115.207772676518999, 36.206420060766 ], [ -115.208546180214995, 36.2064339769179 ], [ -115.209034959034994, 36.206443915549002 ], [ -115.210186015001, 36.2064664278846 ], [ -115.210189896543, 36.206260198464001 ] ], [ [ -115.224891178508003, 36.227949567966903 ], [ -115.224773789961006, 36.2278232113024 ], [ -115.224303487889998, 36.227299214773801 ], [ -115.224378797859998, 36.227254064658098 ], [ -115.224673929738003, 36.227261069385001 ], [ -115.225441817516995, 36.227278645394499 ], [ -115.225500226007, 36.227279676301897 ], [ -115.225509925338002, 36.227279849513302 ], [ -115.225610699981999, 36.2272822508261 ], [ -115.225610814717996, 36.227282216019098 ], [ -115.225620475447997, 36.227016067669503 ], [ -115.225720507912996, 36.227024550340403 ], [ -115.225788582524999, 36.227030314700102 ], [ -115.226210394885996, 36.227061686297901 ], [ -115.226653555252, 36.227095337207302 ], [ -115.227116717951006, 36.227133417254898 ], [ -115.227563852914997, 36.227171420818003 ], [ -115.227666635142, 36.227179522486203 ], [ -115.227766737701003, 36.2271876070904 ], [ -115.227964293186005, 36.227203768178398 ], [ -115.228249925564995, 36.227227950405798 ], [ -115.228394074655995, 36.227239508953502 ], [ -115.228703735915005, 36.227265978533701 ], [ -115.228817192275997, 36.227275219429103 ], [ -115.229176240826007, 36.227305186880898 ], [ -115.229244304827006, 36.227310949244199 ], [ -115.229675433490002, 36.227346689405699 ], [ -115.229779483512004, 36.227362381822701 ], [ -115.229801425690994, 36.2264293539302 ], [ -115.229850249137002, 36.224599922478198 ], [ -115.229963723450993, 36.224609540873701 ], [ -115.231340917183999, 36.224723201670699 ], [ -115.2313417501, 36.224645553914499 ], [ -115.231342095447005, 36.224607456713201 ], [ -115.231343514486994, 36.224500286385798 ], [ -115.231347559857994, 36.224194746441498 ], [ -115.231805553146998, 36.224231585391301 ], [ -115.231903623560001, 36.224239646139402 ], [ -115.231905584730995, 36.224271951251602 ], [ -115.231901071802994, 36.224604413028601 ], [ -115.231900325454006, 36.224659353169699 ], [ -115.231898866541997, 36.224765659053297 ], [ -115.231898830524997, 36.224769234344997 ], [ -115.232599056081995, 36.2248264565022 ], [ -115.232922794741995, 36.224852523798504 ], [ -115.233255228605003, 36.224879174455602 ], [ -115.233958948628995, 36.224936227637997 ], [ -115.233964484601998, 36.224466826612201 ], [ -115.233967067823997, 36.224116089142498 ], [ -115.233977470298996, 36.223072609697198 ], [ -115.233987476878994, 36.2221430874433 ], [ -115.233990231956, 36.221743635857997 ], [ -115.233996098697006, 36.221222231368401 ], [ -115.236064660004999, 36.221398514196899 ], [ -115.236736022157004, 36.221455162376799 ], [ -115.237754224121005, 36.2215410678591 ], [ -115.239370334970999, 36.2216733741799 ], [ -115.240211658910994, 36.221743034486899 ], [ -115.240216295414001, 36.220808746145003 ], [ -115.240287071154, 36.2208164838122 ], [ -115.240317794516002, 36.220818707932096 ], [ -115.240709131901994, 36.220850941447999 ], [ -115.240786602132999, 36.220856516875898 ], [ -115.240818660239995, 36.220858753700902 ], [ -115.240818797043005, 36.2208197194037 ], [ -115.241210192706006, 36.2208335111401 ], [ -115.241212652173004, 36.220628871305799 ], [ -115.241321755268004, 36.220626993059099 ], [ -115.241325823915005, 36.220433345390397 ], [ -115.242250417039998, 36.220451189059901 ], [ -115.242250464180003, 36.220455959700601 ], [ -115.242290113327996, 36.220456729745003 ], [ -115.242289176721997, 36.220206132632001 ], [ -115.242289039360998, 36.220048154835801 ], [ -115.242119439692999, 36.220034305284699 ], [ -115.241229839254999, 36.219961690369097 ], [ -115.241232086905001, 36.219887421817901 ], [ -115.241232997178003, 36.2196196063854 ], [ -115.241233325408004, 36.219516121662501 ], [ -115.241233787582004, 36.219366545552099 ], [ -115.241233948228995, 36.2193398679441 ], [ -115.240224604877994, 36.219254924195198 ], [ -115.240228123657005, 36.218619779049902 ], [ -115.239656093985005, 36.218575551800001 ], [ -115.239187297678001, 36.218535854792698 ], [ -115.239188788703004, 36.218883630234203 ], [ -115.238728021453994, 36.2188439355889 ], [ -115.238733367533001, 36.218451747328999 ], [ -115.238734703009001, 36.218058474062197 ], [ -115.238734816925998, 36.218019818225898 ], [ -115.238735089271003, 36.217919676199998 ], [ -115.238736267844004, 36.217919774229003 ], [ -115.238736863594994, 36.217915052303503 ], [ -115.238735110188003, 36.217914906653697 ], [ -115.238157574488, 36.217867051250003 ], [ -115.238169262941994, 36.217986389117499 ], [ -115.238158921972001, 36.218393317923102 ], [ -115.237596824022006, 36.218349937763897 ], [ -115.237547402912995, 36.2183455228719 ], [ -115.237548726113005, 36.218739894330199 ], [ -115.237118663958, 36.218706745334202 ], [ -115.237125998215006, 36.218513909364397 ], [ -115.237125591573005, 36.2182452158793 ], [ -115.237129078690998, 36.217781954978101 ], [ -115.237382428198003, 36.217802921538301 ], [ -115.237377907677001, 36.217670103949899 ], [ -115.237364738102997, 36.217359472730401 ], [ -115.238043381335004, 36.217339847005597 ], [ -115.238142663030999, 36.217336978929801 ], [ -115.238118019414003, 36.216743644236303 ], [ -115.238013409508, 36.214225908495202 ], [ -115.237199148282002, 36.214169334723799 ], [ -115.235996831481998, 36.214088872262401 ], [ -115.234781959428005, 36.214011119096703 ], [ -115.234774053288007, 36.214095997273397 ], [ -115.234727698726999, 36.214556772119302 ], [ -115.234845125473996, 36.214564603819497 ], [ -115.234794700988999, 36.215082895922201 ], [ -115.234635476134002, 36.215072526939103 ], [ -115.234640613248999, 36.215150539241499 ], [ -115.234653797939998, 36.215450256312202 ], [ -115.234654795298994, 36.215516251411898 ], [ -115.234666840507003, 36.215777011544901 ], [ -115.234667858598002, 36.215840843613897 ], [ -115.234678553302004, 36.216102680439299 ], [ -115.234680920469998, 36.216163272705799 ], [ -115.234690342994995, 36.216428584775002 ], [ -115.234694047592996, 36.2164935783102 ], [ -115.234703536864998, 36.216751383745198 ], [ -115.234705911602006, 36.216815291858801 ], [ -115.234715396143997, 36.2170741788089 ], [ -115.234719095990997, 36.217140253866098 ], [ -115.234729707176996, 36.217443549551 ], [ -115.234727730537998, 36.2175832260208 ], [ -115.235061043320002, 36.217610811514596 ], [ -115.235390130173997, 36.217638047613598 ], [ -115.235387607956994, 36.217459118754398 ], [ -115.235379261961, 36.217242514515 ], [ -115.235377772590994, 36.217203846808701 ], [ -115.235461265298994, 36.217202078779302 ], [ -115.236036847058998, 36.217189744607303 ], [ -115.236037985484003, 36.217234154283602 ], [ -115.236052500536999, 36.217561292096903 ], [ -115.23605435236, 36.2176045988639 ], [ -115.236058145621001, 36.2176933351857 ], [ -115.236114840328, 36.217698026860603 ], [ -115.236107671680998, 36.217835226876304 ], [ -115.236103368952996, 36.218193245792001 ], [ -115.236103591068002, 36.218195587977696 ], [ -115.236103172414005, 36.218240488835299 ], [ -115.236102626893, 36.218254950190001 ], [ -115.236002043648995, 36.218246763926103 ], [ -115.235601399938005, 36.218214128384503 ], [ -115.235549013062993, 36.218209860873301 ], [ -115.235541273337006, 36.218209230011297 ], [ -115.235060469019999, 36.218169490957898 ], [ -115.235059467905998, 36.218074150004597 ], [ -115.234952589559001, 36.218073992121298 ], [ -115.234952358468007, 36.2181411642987 ], [ -115.234163035181993, 36.218076035124398 ], [ -115.234027112421998, 36.218066059577097 ], [ -115.234027081571, 36.2180987698613 ], [ -115.234026685735998, 36.2181387713851 ], [ -115.234024244571998, 36.218385402979003 ], [ -115.233886656988005, 36.218374004688798 ], [ -115.233471384088006, 36.218337560032701 ], [ -115.232991672083998, 36.218297374231902 ], [ -115.232991043401995, 36.218363535794502 ], [ -115.232630401335996, 36.218333327322298 ], [ -115.232524362448999, 36.218324442577497 ], [ -115.232518751078004, 36.218781566459398 ], [ -115.232081347782, 36.218748382349503 ], [ -115.232022061047999, 36.218745660377301 ], [ -115.231954272576999, 36.218744067058097 ], [ -115.231952522483994, 36.218937924002098 ], [ -115.231950112560995, 36.219204954397497 ], [ -115.231946752530007, 36.219577230537098 ], [ -115.232048382569999, 36.219585919892602 ], [ -115.232978764467006, 36.2196615146282 ], [ -115.232977820941002, 36.219761358105103 ], [ -115.232974672373004, 36.220094279329103 ], [ -115.232044394024001, 36.220019506830504 ], [ -115.231942828799006, 36.220011868560299 ], [ -115.231942802069, 36.220014860750297 ], [ -115.231942769382002, 36.220018438758501 ], [ -115.231942493695996, 36.220048992434897 ], [ -115.231941773057997, 36.220128796461502 ], [ -115.231840095764994, 36.220120570136501 ], [ -115.231372098479, 36.220082616783401 ], [ -115.231231516822007, 36.220071337317101 ], [ -115.230944787368003, 36.220048108066102 ], [ -115.230909992906007, 36.2200452891231 ], [ -115.230910621448999, 36.219972115591702 ], [ -115.230914013797005, 36.219577369659198 ], [ -115.230914533949999, 36.219516951699802 ], [ -115.230917941794999, 36.219120473511502 ], [ -115.230842472139997, 36.219114295533103 ], [ -115.230842867205993, 36.219111274685503 ], [ -115.229991865133002, 36.219042643896302 ], [ -115.229886375147004, 36.219032751697902 ], [ -115.229901064236998, 36.217184046773397 ], [ -115.228384646836005, 36.217058109331902 ], [ -115.228384012909004, 36.217140828383798 ], [ -115.228383617315998, 36.217192453774402 ], [ -115.228383601157006, 36.217196030930602 ], [ -115.228382873729004, 36.217756190617401 ], [ -115.228382493389006, 36.218046472046701 ], [ -115.228381476411002, 36.218824841995797 ], [ -115.228381471373993, 36.218828419184099 ], [ -115.228381369139001, 36.218907678851302 ], [ -115.228381358540005, 36.218911256023098 ], [ -115.228363847790007, 36.218909804384801 ], [ -115.228325309461994, 36.218906610367497 ], [ -115.227937669346005, 36.218874466329403 ], [ -115.227923436384003, 36.2188732866355 ], [ -115.227836655486001, 36.218866088963203 ], [ -115.227812411309998, 36.218864080074397 ], [ -115.227715524679994, 36.218856051948499 ], [ -115.227711080559999, 36.218855684536301 ], [ -115.227572402259995, 36.218844218063602 ], [ -115.227570428703999, 36.218844054471298 ], [ -115.227339084446996, 36.218824926163101 ], [ -115.227244676303997, 36.218817092496799 ], [ -115.227084957529001, 36.218803826971303 ], [ -115.227073766640999, 36.218802900481201 ], [ -115.226990573866999, 36.218796002190402 ], [ -115.226953720140997, 36.218792943434501 ], [ -115.226865824251007, 36.218785648004101 ], [ -115.226789312712, 36.218779297629197 ], [ -115.226789202980001, 36.218794900360599 ], [ -115.226788685900004, 36.218868405880102 ], [ -115.226788265758998, 36.218928392401999 ], [ -115.226787674416997, 36.219012869950603 ], [ -115.226783405110993, 36.219012460664402 ], [ -115.225918123287002, 36.218946888532003 ], [ -115.225755721379997, 36.218934172917002 ], [ -115.2257540457, 36.219155730960999 ], [ -115.226786224869002, 36.219241611934102 ], [ -115.226785897854, 36.219289163691798 ], [ -115.226784652750993, 36.219465496515497 ], [ -115.226783069500996, 36.219689380154101 ], [ -115.225750636071993, 36.219606752025904 ], [ -115.225747211411999, 36.220061062703898 ], [ -115.225745469895998, 36.220546346544097 ], [ -115.225908345052005, 36.220560902213997 ], [ -115.226320914043001, 36.220594462918399 ], [ -115.226321962398998, 36.220674627273397 ], [ -115.226327106024996, 36.221106845915799 ], [ -115.225741132338996, 36.221049684345502 ], [ -115.225731769530995, 36.222136518971602 ], [ -115.225730830847994, 36.222396500884997 ], [ -115.226754992241993, 36.222486378863799 ], [ -115.226749346836002, 36.222943494758802 ], [ -115.226749043091004, 36.223404961717598 ], [ -115.226413844651006, 36.223376356003897 ], [ -115.225725639711996, 36.223319431030802 ], [ -115.225720408732002, 36.224251066425403 ], [ -115.223500465984003, 36.224308916258998 ], [ -115.223416277588001, 36.226201310345303 ], [ -115.223364048405003, 36.226235897750001 ], [ -115.223833231930996, 36.226775258866098 ], [ -115.223740834176994, 36.226831446694497 ], [ -115.222987014965, 36.227278749473001 ], [ -115.223187745662997, 36.227502323442899 ], [ -115.223383152842999, 36.227720463436597 ], [ -115.223544003380994, 36.227898456044301 ], [ -115.223617116298001, 36.227979845525397 ], [ -115.223781958854005, 36.228163265626399 ], [ -115.224186091448004, 36.228612571700197 ], [ -115.224775533761004, 36.228095018630697 ], [ -115.224843840011005, 36.228035594332397 ], [ -115.224892449465003, 36.2279509020699 ], [ -115.224894532104003, 36.227950856034198 ], [ -115.224891178508003, 36.227949567966903 ] ], [ [ -115.251408728089999, 36.255469005989703 ], [ -115.255350561341004, 36.255426388068798 ], [ -115.255972980140996, 36.255427660451097 ], [ -115.258584907070002, 36.255414101019198 ], [ -115.260539113009003, 36.255403918179098 ], [ -115.260774620820996, 36.255413241823398 ], [ -115.262854501383998, 36.255435272544801 ], [ -115.265128713574995, 36.255467760498597 ], [ -115.265129147861003, 36.255385365617499 ], [ -115.265113747935999, 36.2536755550408 ], [ -115.265112735388001, 36.253590470467003 ], [ -115.265097130399994, 36.252164571610699 ], [ -115.265093628591998, 36.251710982309604 ], [ -115.265682030753993, 36.251721270627002 ], [ -115.265681252036998, 36.251638747191599 ], [ -115.26567821511, 36.251316890461297 ], [ -115.265674613791006, 36.250933791006197 ], [ -115.265673179767006, 36.250782244743398 ], [ -115.265191665513001, 36.250771258316398 ], [ -115.265089893226005, 36.250768932686398 ], [ -115.265079472991005, 36.249828992156502 ], [ -115.265079419453002, 36.249824358522602 ], [ -115.265073149895997, 36.249824205749199 ], [ -115.264973598967998, 36.249825932689298 ], [ -115.264973598786, 36.249825977752899 ], [ -115.264973598603007, 36.249826022816599 ], [ -115.264970872760998, 36.249825943459697 ], [ -115.264572853882001, 36.249814455707003 ], [ -115.264032038992994, 36.249800710000599 ], [ -115.263953009565, 36.249798706381398 ], [ -115.263950958939006, 36.249660047666502 ], [ -115.263945406204996, 36.2492827822702 ], [ -115.263941159781993, 36.2489946661631 ], [ -115.263939726087997, 36.248897181451902 ], [ -115.263939120314006, 36.248856007459203 ], [ -115.263972753717994, 36.248856917419801 ], [ -115.264560533218997, 36.248872743419497 ], [ -115.264967629140003, 36.248883705578997 ], [ -115.264967628663996, 36.248883822744503 ], [ -115.264967628481998, 36.248883867808097 ], [ -115.265014946739001, 36.2488851383563 ], [ -115.265069384539004, 36.248886573835101 ], [ -115.265062264997994, 36.248886408885802 ], [ -115.265066472170005, 36.249241469402897 ], [ -115.265073590613, 36.249316000946799 ], [ -115.265073598925994, 36.249316146075401 ], [ -115.265296193666998, 36.249321936665901 ], [ -115.265316903522006, 36.249322474810398 ], [ -115.265592906267997, 36.249329646080703 ], [ -115.265718723066996, 36.249332914772403 ], [ -115.265722775141001, 36.249333020165501 ], [ -115.266018108216002, 36.249340692416901 ], [ -115.266166301591994, 36.249344541833402 ], [ -115.266239020891007, 36.249346430826201 ], [ -115.266238256321998, 36.249244012493698 ], [ -115.266237328879001, 36.249120216213697 ], [ -115.266236572972005, 36.249020061020097 ], [ -115.266235267767001, 36.248846829301201 ], [ -115.266235048487005, 36.248817655112902 ], [ -115.266234889524, 36.2487964105662 ], [ -115.266233376387007, 36.248594777080399 ], [ -115.266232461643, 36.248472796904601 ], [ -115.266231561238996, 36.248353051043402 ], [ -115.266229767145006, 36.248114377695998 ], [ -115.266230794730006, 36.248057503190097 ], [ -115.266232231846999, 36.247978029210998 ], [ -115.265060150417, 36.247945345528301 ], [ -115.263960311125004, 36.2479141410981 ], [ -115.263944178757995, 36.247913728502503 ], [ -115.263940662981, 36.247913647013199 ], [ -115.263892544162999, 36.247912382916297 ], [ -115.263877613418998, 36.247911991545998 ], [ -115.263876467467995, 36.2479119614474 ], [ -115.263284910482, 36.247896545597598 ], [ -115.262786698705, 36.247883558083601 ], [ -115.262703889747996, 36.247880875665501 ], [ -115.262703872489993, 36.2478856452055 ], [ -115.262645474050004, 36.247883713144503 ], [ -115.262122596303001, 36.247867736585597 ], [ -115.261531744153999, 36.247853999358298 ], [ -115.260358689693007, 36.247820789322397 ], [ -115.258974490517005, 36.247824569033099 ], [ -115.256924109943995, 36.247830139139403 ], [ -115.256925115057996, 36.247963298215197 ], [ -115.256933000968004, 36.248370736220103 ], [ -115.256067262011996, 36.248373173875798 ], [ -115.255917737985996, 36.248373594809003 ], [ -115.255821142806994, 36.248374820212298 ], [ -115.255809889434005, 36.247833150383002 ], [ -115.255809435450004, 36.247833151843899 ], [ -115.253534197196004, 36.247839059247397 ], [ -115.251261216112994, 36.247845299167203 ], [ -115.251263702348993, 36.2479887811566 ], [ -115.251296390424002, 36.249741147762201 ], [ -115.251334518234003, 36.251657237717097 ], [ -115.251370034876004, 36.253554356848703 ], [ -115.251408728089999, 36.255469005989703 ] ], [ [ -115.262369888373996, 36.309352794999697 ], [ -115.260145421288001, 36.309221822523902 ], [ -115.260144658981005, 36.309139408054698 ], [ -115.260134675611994, 36.307902335888699 ], [ -115.260112210746996, 36.305118948034703 ], [ -115.257869143259001, 36.305123533803297 ], [ -115.257870311765998, 36.305260359329402 ], [ -115.257877915815001, 36.306147631537598 ], [ -115.257878904959995, 36.306208110580201 ], [ -115.257886704026006, 36.307173351431103 ], [ -115.256766669895001, 36.307174812566103 ], [ -115.256766089272006, 36.307092407564397 ], [ -115.256762308686007, 36.306559680713399 ], [ -115.256759405386006, 36.306150376595397 ], [ -115.256758866835, 36.306150015516202 ], [ -115.255838982607997, 36.3061519622904 ], [ -115.255742750292001, 36.306152168202601 ], [ -115.255640930306001, 36.306152381253597 ], [ -115.255539111418997, 36.3061525978259 ], [ -115.255468146205004, 36.306152747515803 ], [ -115.255315871087006, 36.306153069759503 ], [ -115.255028743132996, 36.306153675888702 ], [ -115.254518370395999, 36.306154751760403 ], [ -115.254008002118994, 36.3061558245642 ], [ -115.253497629387994, 36.3061568960782 ], [ -115.253463686795001, 36.3061569664602 ], [ -115.253395807339999, 36.306156804383399 ], [ -115.253393414646993, 36.305891623332101 ], [ -115.253387807806007, 36.305270000483098 ], [ -115.253387805955001, 36.305269911251997 ], [ -115.253387389124001, 36.305132551517602 ], [ -115.253386571806004, 36.3051325528671 ], [ -115.251279865461001, 36.3051367423408 ], [ -115.251144451030001, 36.3051370060629 ], [ -115.251175934854999, 36.301493849631598 ], [ -115.251212759877006, 36.297853049118103 ], [ -115.246396083907001, 36.297844304113603 ], [ -115.243341072259, 36.297838657098602 ], [ -115.243325024902006, 36.298737318872703 ], [ -115.242226542802996, 36.2987392461322 ], [ -115.242233840229005, 36.297835485400299 ], [ -115.242249424147005, 36.295997521291902 ], [ -115.242265152244997, 36.294141531530101 ], [ -115.242278120543006, 36.292343836803802 ], [ -115.242291292727003, 36.290516985857998 ], [ -115.246726186491998, 36.2905661174442 ], [ -115.246780259627002, 36.290566053346303 ], [ -115.246783099184, 36.290402587085602 ], [ -115.246821643933998, 36.2881826777963 ], [ -115.246841673134995, 36.287028450231901 ], [ -115.246843106943999, 36.286946005534801 ], [ -115.246872784280001, 36.285232272744103 ], [ -115.246874206876996, 36.285149827990203 ], [ -115.246975959365002, 36.285154314193598 ], [ -115.247850697771995, 36.2851928856279 ], [ -115.248713796082995, 36.285230940416596 ], [ -115.249987966106005, 36.285286764155401 ], [ -115.251396658374006, 36.285348472636798 ], [ -115.251532246859995, 36.285354238568502 ], [ -115.252067078105, 36.2853777666081 ], [ -115.252070406954999, 36.285250470533498 ], [ -115.252079449245997, 36.284904710950897 ], [ -115.252614547817004, 36.284929363872699 ], [ -115.252606931648998, 36.2851901812367 ], [ -115.252603174982994, 36.285318819949502 ], [ -115.252600767736993, 36.285401241331002 ], [ -115.255812948743994, 36.285542482658698 ], [ -115.255915025106006, 36.285546971157601 ], [ -115.255941876562005, 36.284712668967302 ], [ -115.255966782762997, 36.283866869148099 ], [ -115.260502977303005, 36.284130080844001 ], [ -115.260627272820003, 36.280875664127301 ], [ -115.260632976579004, 36.280788066348798 ], [ -115.260662001380993, 36.2800675265187 ], [ -115.260001393012999, 36.280018443181 ], [ -115.259504564327003, 36.279982480781101 ], [ -115.259519440985997, 36.279614753893298 ], [ -115.259536878538995, 36.2791794471107 ], [ -115.258394595107006, 36.279086194003298 ], [ -115.258315063389006, 36.2807101735186 ], [ -115.256039564944004, 36.280547270388098 ], [ -115.256094246599005, 36.278898386148803 ], [ -115.253837362262999, 36.278714077780997 ], [ -115.253782633927003, 36.2803151489423 ], [ -115.253776999845002, 36.280384360519797 ], [ -115.251522579530004, 36.280224530853801 ], [ -115.251386543162994, 36.280213328982803 ], [ -115.251095478137998, 36.280192463668797 ], [ -115.251044587010995, 36.280188815401303 ], [ -115.251053560285001, 36.280107098099101 ], [ -115.251071979409005, 36.279340999625497 ], [ -115.251407071301998, 36.279366372816497 ], [ -115.251446443323005, 36.279369192231897 ], [ -115.251533455480001, 36.279375425374099 ], [ -115.251545174393002, 36.2793762645314 ], [ -115.251554616060005, 36.278969876832399 ], [ -115.251564360735998, 36.278561038470798 ], [ -115.251428859718004, 36.278550532120597 ], [ -115.250381148681996, 36.2784693437778 ], [ -115.250394994131, 36.277604776020098 ], [ -115.250799495679999, 36.277637193829101 ], [ -115.250800041236005, 36.277534810215101 ], [ -115.250815488672998, 36.276905516242898 ], [ -115.250818207028999, 36.276771098235997 ], [ -115.250857340520994, 36.276774469663401 ], [ -115.251470538625, 36.276827248262002 ], [ -115.251605987267993, 36.276838908051097 ], [ -115.253892633600003, 36.2770361656194 ], [ -115.253887748251003, 36.275290111968701 ], [ -115.252773725216002, 36.275206814289398 ], [ -115.251598415673001, 36.275118920891103 ], [ -115.251118095348005, 36.275083005544701 ], [ -115.251118425998996, 36.275004964805198 ], [ -115.251121674817995, 36.2742381556777 ], [ -115.250964085554997, 36.274227984014203 ], [ -115.250775788737997, 36.2742144821568 ], [ -115.250779234649002, 36.274979282010797 ], [ -115.250779581101995, 36.275057685142897 ], [ -115.249404720666007, 36.2749548487635 ], [ -115.249297883164004, 36.274948061201997 ], [ -115.247024260008004, 36.274785876207403 ], [ -115.247025044707001, 36.275098594791402 ], [ -115.246917213087997, 36.275094956780201 ], [ -115.246111361066994, 36.275132316376698 ], [ -115.246070043385998, 36.2749978013169 ], [ -115.245799893897001, 36.275037686793603 ], [ -115.245588421235993, 36.275027157674202 ], [ -115.245561376081, 36.2749697059471 ], [ -115.245403296872993, 36.274633992130397 ], [ -115.245404392092993, 36.273793578801097 ], [ -115.244390151990999, 36.273730854769397 ], [ -115.244391255365002, 36.2739828741366 ], [ -115.244393328415995, 36.2744560427926 ], [ -115.244395377437996, 36.274924470621997 ], [ -115.244016036882996, 36.274891814159403 ], [ -115.243974000566993, 36.274888197926003 ], [ -115.243711045661001, 36.274865559433998 ], [ -115.243406064667994, 36.274839303960299 ], [ -115.243101073866995, 36.274813047681299 ], [ -115.242626123806005, 36.274772156490201 ], [ -115.242445286060999, 36.274766035219798 ], [ -115.242445522289998, 36.274816669677101 ], [ -115.242450550109993, 36.275913225279297 ], [ -115.242451177380005, 36.276050572756098 ], [ -115.240217214916001, 36.2760316564733 ], [ -115.239386867792007, 36.2760246116638 ], [ -115.237988184719001, 36.2760127307304 ], [ -115.238004681820001, 36.274776620354402 ], [ -115.238010581688997, 36.274334190273898 ], [ -115.238010998316, 36.274302772936501 ], [ -115.233575740776999, 36.274218538022502 ], [ -115.233519120286999, 36.2759697293477 ], [ -115.224558166220007, 36.275888871210597 ], [ -115.224481713336004, 36.279506482223503 ], [ -115.224619346742003, 36.279515159854803 ], [ -115.228840753067004, 36.2795537136966 ], [ -115.228942281249005, 36.279554014614497 ], [ -115.228907339629004, 36.281371113418501 ], [ -115.228872514757995, 36.283164418314101 ], [ -115.227392281716007, 36.2831513692539 ], [ -115.227334352216999, 36.285903662602102 ], [ -115.227692412452996, 36.285906197130799 ], [ -115.227680627802002, 36.2867368876176 ], [ -115.227683606995996, 36.286821246854103 ], [ -115.226576675746003, 36.286815804436898 ], [ -115.224368916220001, 36.286806953078298 ], [ -115.224324199470999, 36.288639394469897 ], [ -115.224493892208997, 36.288639543320599 ], [ -115.224560265052006, 36.288639603687699 ], [ -115.224725167388002, 36.28863975406 ], [ -115.224960792101001, 36.288639967473799 ], [ -115.225290703669003, 36.2886402654036 ], [ -115.225496930833003, 36.288640602433397 ], [ -115.225773807177006, 36.288641430683903 ], [ -115.225980488396004, 36.288642048534101 ], [ -115.225980083970995, 36.288730742717199 ], [ -115.225977232915994, 36.288893826246102 ], [ -115.225975901794996, 36.288969922336001 ], [ -115.225973224086005, 36.289123062607899 ], [ -115.225968808420006, 36.2893755930019 ], [ -115.225965520448, 36.289563677478199 ], [ -115.225852167911995, 36.289564239024003 ], [ -115.225716681701002, 36.289564910917797 ], [ -115.225639987045994, 36.289565290779898 ], [ -115.225528179776006, 36.289565844924503 ], [ -115.225404222975001, 36.289566459934797 ], [ -115.225304390448002, 36.289566953277998 ], [ -115.225186576884994, 36.289567535985199 ], [ -115.225080486449997, 36.289568060869001 ], [ -115.224923050258994, 36.2895688400436 ], [ -115.224901089647005, 36.290356507455598 ], [ -115.224897345917, 36.290491048462499 ], [ -115.226503866122002, 36.290489093879799 ], [ -115.227638236831993, 36.290487066044797 ], [ -115.228745895074994, 36.290486029766001 ], [ -115.228692126154996, 36.294106370156399 ], [ -115.228649491403999, 36.297619506880601 ], [ -115.228648512025998, 36.297835837650503 ], [ -115.228624819833996, 36.299527497858001 ], [ -115.228612744231, 36.300431278984703 ], [ -115.229731334931998, 36.300434592485502 ], [ -115.229721420797006, 36.301345779466601 ], [ -115.228600567948007, 36.301342459128598 ], [ -115.228576294950997, 36.303161754902099 ], [ -115.228559125935007, 36.3050741726762 ], [ -115.228699718646993, 36.308816599368903 ], [ -115.230958957636005, 36.308862079667399 ], [ -115.230890746279002, 36.306925968837298 ], [ -115.232027879333998, 36.306947052790001 ], [ -115.232026180326002, 36.307022961988899 ], [ -115.232043676252005, 36.307571078143702 ], [ -115.232043592929003, 36.307594619136999 ], [ -115.232054542834007, 36.307911539620399 ], [ -115.232085610878997, 36.308884745522803 ], [ -115.233210717158002, 36.308907369192902 ], [ -115.234337004452001, 36.308930003748898 ], [ -115.234360224273999, 36.3099090902898 ], [ -115.233235744438005, 36.309885019178601 ], [ -115.233310836052993, 36.3128189749048 ], [ -115.232199271415993, 36.312776338530199 ], [ -115.226607169299001, 36.312614163702101 ], [ -115.226693519700007, 36.314547868526297 ], [ -115.225580552829996, 36.3145078071067 ], [ -115.224454223083995, 36.3144775551186 ], [ -115.224498318193994, 36.315436001928099 ], [ -115.224557626540999, 36.3163972070572 ], [ -115.226780339087, 36.316492173020698 ], [ -115.227892905643003, 36.316540910392703 ], [ -115.227896555894006, 36.316617521173299 ], [ -115.227938524196006, 36.317497080028403 ], [ -115.227939031738998, 36.317508675486302 ], [ -115.227976629265996, 36.318366732205703 ], [ -115.227977800119007, 36.318393395275798 ], [ -115.227981077384001, 36.3184761515883 ], [ -115.229090078558997, 36.3185267148815 ], [ -115.229092455374996, 36.3186093684551 ], [ -115.229117560309007, 36.319482649786302 ], [ -115.229146256403993, 36.320480470171702 ], [ -115.233529930260005, 36.320730062486703 ], [ -115.233523798937, 36.319731965705699 ], [ -115.233495472146004, 36.3187512082445 ], [ -115.233467079888001, 36.317767791676602 ], [ -115.233438669109006, 36.316783671896403 ], [ -115.23341332967, 36.315906113740603 ], [ -115.233381056111, 36.314788354422902 ], [ -115.233310836052993, 36.3128189749048 ], [ -115.235572599861001, 36.312884302791197 ], [ -115.237803012365006, 36.312948686134 ], [ -115.240025924026, 36.313012817061903 ], [ -115.242243272311001, 36.313076738473498 ], [ -115.242210403632996, 36.309115815298497 ], [ -115.242210157588005, 36.309087938235599 ], [ -115.242177113373003, 36.305154924349601 ], [ -115.242183770153005, 36.3042375986008 ], [ -115.242190399750996, 36.3033290149856 ], [ -115.242196955463001, 36.302439898530203 ], [ -115.242204387116999, 36.301574587080097 ], [ -115.242438756211996, 36.3015752555619 ], [ -115.245844959007997, 36.305002988220103 ], [ -115.245842510521996, 36.305147419364999 ], [ -115.246538804235001, 36.305146059924503 ], [ -115.246660209561995, 36.305145822354703 ], [ -115.251005476944002, 36.305136430565199 ], [ -115.251144451030001, 36.3051370060629 ], [ -115.251163189676006, 36.307174786521202 ], [ -115.251172695044005, 36.3082012944271 ], [ -115.251240451269993, 36.308201783688901 ], [ -115.251308415726001, 36.308202274391803 ], [ -115.252310438627006, 36.3082033857482 ], [ -115.253312451601005, 36.308204488678498 ], [ -115.253414273969994, 36.308204607489699 ], [ -115.253414894323001, 36.308273307836203 ], [ -115.253417418528997, 36.308553019467702 ], [ -115.253417870277005, 36.308603062093297 ], [ -115.253421759619002, 36.309034787066999 ], [ -115.253423467112995, 36.309223422786197 ], [ -115.256783872119996, 36.309223321761401 ], [ -115.256783047645996, 36.309140908010399 ], [ -115.256773676757007, 36.308199636106302 ], [ -115.257283162890005, 36.308198872678403 ], [ -115.257794107761995, 36.308198111051297 ], [ -115.257895352244006, 36.308197954090197 ], [ -115.257899669354003, 36.308710610887097 ], [ -115.257901486923004, 36.308925731687097 ], [ -115.257902052405001, 36.308992773519599 ], [ -115.257903996516006, 36.309223267667399 ], [ -115.259975624733997, 36.3092219311769 ], [ -115.260145421288001, 36.309221822523902 ], [ -115.260163136166994, 36.311416050802599 ], [ -115.260333518478006, 36.311421143820702 ], [ -115.261321465487995, 36.311454317148602 ], [ -115.261321115417005, 36.311486910734502 ], [ -115.2613205806, 36.311536808259099 ], [ -115.261325238425002, 36.312250991080802 ], [ -115.261327390697005, 36.312607711560901 ], [ -115.262458745591999, 36.312645390448402 ], [ -115.262458106554007, 36.312551322010002 ], [ -115.262456281938, 36.312281872646203 ], [ -115.262455381324003, 36.310960799949697 ], [ -115.262444428498995, 36.310030213468799 ], [ -115.262441752216006, 36.309802571761203 ], [ -115.262436509162001, 36.309356714127901 ], [ -115.262369888373996, 36.309352794999697 ] ], [ [ -115.307016630559005, 36.280988587567798 ], [ -115.305891638104995, 36.280983729643303 ], [ -115.305892736502003, 36.279147842135799 ], [ -115.304771680466004, 36.279142198746797 ], [ -115.303644684153994, 36.279132403099702 ], [ -115.303220503459002, 36.2791298645909 ], [ -115.302519235597003, 36.279125664814003 ], [ -115.302064333076999, 36.279122630965198 ], [ -115.301955711340995, 36.279121906773703 ], [ -115.301392187155997, 36.279118146078297 ], [ -115.301390300077003, 36.277290452851901 ], [ -115.302517726708999, 36.277296926057602 ], [ -115.302519072723001, 36.2772461953261 ], [ -115.302521381282006, 36.277159184068097 ], [ -115.302531698582001, 36.276771026538597 ], [ -115.302542004637004, 36.276382868956503 ], [ -115.302634392301997, 36.276383339099702 ], [ -115.303053698651993, 36.276385475277202 ], [ -115.303565381553, 36.276388088395301 ], [ -115.303636613597007, 36.2763892094667 ], [ -115.303635642700002, 36.276429538533698 ], [ -115.303614610458993, 36.277303213552401 ], [ -115.303648281375999, 36.277303406765697 ], [ -115.305900642634001, 36.2773162779716 ], [ -115.307028638060999, 36.2773223692881 ], [ -115.307029885966003, 36.2772449541052 ], [ -115.307030853403006, 36.2771849005129 ], [ -115.307037652324993, 36.276768257607898 ], [ -115.307043563624006, 36.276406058897201 ], [ -115.308069615285007, 36.276413394621699 ], [ -115.308165286781005, 36.276414468302498 ], [ -115.308169704494006, 36.276414518123502 ], [ -115.308169711708004, 36.276414048573599 ], [ -115.308171063228002, 36.276319468740802 ], [ -115.308166579124006, 36.276277758938498 ], [ -115.308176617542003, 36.275930933735097 ], [ -115.308182851487999, 36.275494932589403 ], [ -115.308182993048007, 36.275485043177 ], [ -115.308189524626997, 36.275485044685098 ], [ -115.308819303131997, 36.275493509306997 ], [ -115.309249995754001, 36.275499297363503 ], [ -115.309307863460006, 36.275500076188798 ], [ -115.309309617660006, 36.275500082911996 ], [ -115.310432871215994, 36.275505203788001 ], [ -115.310534650148, 36.275505668526399 ], [ -115.310996081406998, 36.275507769283202 ], [ -115.311500723121995, 36.275510064724102 ], [ -115.311559293876002, 36.275510333032599 ], [ -115.311540606638005, 36.2773466254285 ], [ -115.312668571003996, 36.277352663478801 ], [ -115.312685643305002, 36.275515446995698 ], [ -115.312693665908, 36.274596843237198 ], [ -115.312654124515007, 36.274596693362902 ], [ -115.312591848897, 36.2745964604661 ], [ -115.312079894351001, 36.2745945478148 ], [ -115.311567938734996, 36.274592632068298 ], [ -115.311567945361006, 36.274592004792801 ], [ -115.311575818858998, 36.273756447266798 ], [ -115.311578319798002, 36.273677791963898 ], [ -115.311578469772002, 36.273673057882498 ], [ -115.311641213954999, 36.273673408635197 ], [ -115.312701697844005, 36.273679330807497 ], [ -115.312702682815001, 36.2735971174002 ], [ -115.312706711217999, 36.273261957705103 ], [ -115.312710695641002, 36.272929853230202 ], [ -115.312714680520003, 36.272597604532798 ], [ -115.312718676917996, 36.272265230564997 ], [ -115.312722770723994, 36.271923969277097 ], [ -115.312722418975994, 36.271845277726797 ], [ -115.313843931034995, 36.271846800666999 ], [ -115.313843491998995, 36.2719292127206 ], [ -115.313837692926, 36.273023622944997 ], [ -115.313836523329002, 36.273244435665298 ], [ -115.313835906405004, 36.273360787692702 ], [ -115.313835253240995, 36.273484120949099 ], [ -115.313835057784999, 36.273520912550801 ], [ -115.313834622464, 36.273603206521997 ], [ -115.3138341943, 36.273682446071298 ], [ -115.313822240191996, 36.273682401107301 ], [ -115.313821645686005, 36.273764695618802 ], [ -115.313818615974995, 36.2741830817466 ], [ -115.313815586247998, 36.274601458832201 ], [ -115.313812594566002, 36.275015230435699 ], [ -115.313812567574004, 36.275019844926099 ], [ -115.313810309705005, 36.275331516709599 ], [ -115.313809537753997, 36.275438221952697 ], [ -115.313808943148004, 36.275520534465301 ], [ -115.315037238971001, 36.275526090325997 ], [ -115.315050466125001, 36.273686956199903 ], [ -115.316090369829993, 36.2736749847559 ], [ -115.316191555388997, 36.273673819243498 ], [ -115.316191094877993, 36.273756717928499 ], [ -115.316181842316993, 36.275430296045201 ], [ -115.316181990838004, 36.2754536764688 ], [ -115.316182362611002, 36.275512480379497 ], [ -115.317325540202006, 36.275498873164203 ], [ -115.317332655469002, 36.273660671422903 ], [ -115.318473744105006, 36.273647512688498 ], [ -115.319614843558, 36.273634343089597 ], [ -115.319614886984994, 36.273551929253003 ], [ -115.319615803237994, 36.271879495374897 ], [ -115.319615846648006, 36.271797082415297 ], [ -115.320753890020995, 36.2717843728323 ], [ -115.320753981370004, 36.271866786090598 ], [ -115.320754910798996, 36.272702772281598 ], [ -115.320755840225999, 36.273538748441702 ], [ -115.320755931563994, 36.273621162577101 ], [ -115.320756022905002, 36.273703575810202 ], [ -115.320756961485003, 36.274540129570802 ], [ -115.320757881573002, 36.2753755466602 ], [ -115.320757984034003, 36.275457960794697 ], [ -115.320758075368005, 36.275540374002397 ], [ -115.320758379839006, 36.275815075673798 ], [ -115.320758378529007, 36.275822114664301 ], [ -115.320759677468004, 36.276982792427802 ], [ -115.320759801337005, 36.2770937113497 ], [ -115.320760025230996, 36.2772947494107 ], [ -115.321907224854002, 36.277280616084397 ], [ -115.323054323918996, 36.277266481447697 ], [ -115.323053533318003, 36.277129095905501 ], [ -115.323053472905997, 36.2768019313392 ], [ -115.323053464270998, 36.2767307653925 ], [ -115.323053030091003, 36.2764860129897 ], [ -115.323052727052001, 36.276319113388702 ], [ -115.323052464832998, 36.2761700943569 ], [ -115.323051994378005, 36.275906090520103 ], [ -115.323051231719006, 36.275854175155303 ], [ -115.323046292740003, 36.2755145703537 ], [ -115.323045906659004, 36.275348210411401 ], [ -115.323045893870002, 36.275344686380102 ], [ -115.323043048101994, 36.27470480673 ], [ -115.323042202440007, 36.274513598382001 ], [ -115.323040883847, 36.2742167310616 ], [ -115.323040348671995, 36.274096291869398 ], [ -115.323038494938999, 36.273678976314898 ], [ -115.323038132096002, 36.273597826983597 ], [ -115.323038117729993, 36.273594777922298 ], [ -115.322632493461995, 36.2735994724245 ], [ -115.321897030355004, 36.273607980212802 ], [ -115.321896804250997, 36.2735255657811 ], [ -115.321894481743001, 36.2726898118798 ], [ -115.321892159200999, 36.271854065973102 ], [ -115.321891933095998, 36.271771651517298 ], [ -115.321886835775004, 36.269935332172103 ], [ -115.321871602309002, 36.268098070798601 ], [ -115.321871518834001, 36.2680897247564 ], [ -115.321852945705004, 36.266260849144302 ], [ -115.321856358128997, 36.266260817849499 ], [ -115.322995136795996, 36.266250413687899 ], [ -115.322995709306994, 36.266332764982899 ], [ -115.322998308482994, 36.266706514750098 ], [ -115.323000892264005, 36.267078200527202 ], [ -115.323003469206995, 36.267448597434502 ], [ -115.323007668467994, 36.268051158770099 ], [ -115.323007914293996, 36.268087751304598 ], [ -115.323907712574993, 36.268078963152199 ], [ -115.324010087819005, 36.268077968438902 ], [ -115.324145764540006, 36.268076640233303 ], [ -115.324145462965006, 36.2680240886001 ], [ -115.324144571708999, 36.267869093406397 ], [ -115.324143707871997, 36.267718936343698 ], [ -115.324140138643997, 36.267098213750003 ], [ -115.324135206335995, 36.2662399744422 ], [ -115.324135171948996, 36.266234214280303 ], [ -115.324135010917999, 36.266206829407103 ], [ -115.324134936990006, 36.2661941743592 ], [ -115.324124602609004, 36.264439044695003 ], [ -115.324124464972996, 36.264415694900897 ], [ -115.324124421449994, 36.264408321423801 ], [ -115.324124399349003, 36.2644045693416 ], [ -115.323988718505007, 36.264405699244897 ], [ -115.323226929121006, 36.264412037585601 ], [ -115.322606853862993, 36.264417195665303 ], [ -115.322094446232995, 36.264421458237898 ], [ -115.321684089166993, 36.264424868476397 ], [ -115.321013645662006, 36.264430434449103 ], [ -115.320996003027005, 36.264430580516901 ], [ -115.320699482750996, 36.2644330410047 ], [ -115.320698701409, 36.264350626128902 ], [ -115.320697390879005, 36.264212532536199 ], [ -115.320696751669004, 36.264145172972597 ], [ -115.320690763127999, 36.2635139293942 ], [ -115.3206860218, 36.263014438718201 ], [ -115.320682032362001, 36.262594862681802 ], [ -115.320682492277996, 36.262457499369198 ], [ -115.320683815634993, 36.262065570057601 ], [ -115.320685138965999, 36.261673640720097 ], [ -115.320634877388002, 36.261674016132702 ], [ -115.320164177878993, 36.2616775184676 ], [ -115.319643212317999, 36.261681389429803 ], [ -115.319541450480997, 36.261681152426803 ], [ -115.319541447139002, 36.261682146532998 ], [ -115.319540062388, 36.262074093736601 ], [ -115.319538666482003, 36.262466040889798 ], [ -115.319538182306005, 36.2626034041404 ], [ -115.318394332039006, 36.262611943671999 ], [ -115.318401178106996, 36.260769329991398 ], [ -115.318401167283, 36.260769239839199 ], [ -115.318401478886003, 36.2606868543619 ], [ -115.318403039925002, 36.260267436411198 ], [ -115.318404589804999, 36.259848018406302 ], [ -115.318406476671001, 36.259341978907003 ], [ -115.318408012451997, 36.2589267157162 ], [ -115.31726478393, 36.2589350566615 ], [ -115.316121555204006, 36.258943395692 ], [ -115.316121218874997, 36.259025808166101 ], [ -115.316119987695004, 36.259331746479397 ], [ -115.316119523045998, 36.259445297951999 ], [ -115.316117827184001, 36.259864787708402 ], [ -115.316116120130005, 36.260284286423101 ], [ -115.316114424204002, 36.260703776120401 ], [ -115.316114087849002, 36.260786188570101 ], [ -115.316117823243999, 36.260869006679101 ], [ -115.316114179210999, 36.2614258752441 ], [ -115.316111896856995, 36.261772466996597 ], [ -115.316109553190003, 36.262130514781397 ], [ -115.316107176917996, 36.2624915907776 ], [ -115.316106619867, 36.2626289808778 ], [ -115.314962769093, 36.262637478576899 ], [ -115.314962791289005, 36.262632291752197 ], [ -115.314194668330003, 36.262639606578297 ], [ -115.313769889198994, 36.262640780635202 ], [ -115.313677428310996, 36.262641040886301 ], [ -115.312683427199005, 36.262643779888897 ], [ -115.312611021009999, 36.262643985552501 ], [ -115.311623731870995, 36.262646694888801 ], [ -115.311596977421004, 36.262646769301298 ], [ -115.311597294443004, 36.262510270961101 ], [ -115.311597422988001, 36.262482800197297 ], [ -115.311599544293998, 36.262047106662301 ], [ -115.311600275310994, 36.261897753370398 ], [ -115.311601676658995, 36.261611422133498 ], [ -115.311603797887003, 36.261175728534802 ], [ -115.311605578140004, 36.260809549981097 ], [ -115.312542992621999, 36.260808512384401 ], [ -115.312644752270998, 36.260808399328198 ], [ -115.312646734837998, 36.260725997831301 ], [ -115.312666985671001, 36.259884474559399 ], [ -115.312674275497002, 36.259316248187503 ], [ -115.312678504328005, 36.258986569742099 ], [ -115.312680381681005, 36.258864960414897 ], [ -115.312695342137005, 36.257895706925602 ], [ -115.312695516969995, 36.257884380909303 ], [ -115.312705653229003, 36.257227663888202 ], [ -115.312706300995004, 36.257185691741199 ], [ -115.312706924669996, 36.2571452192729 ], [ -115.312658781368995, 36.257145939520697 ], [ -115.312637353932004, 36.257146258754702 ], [ -115.312614594365996, 36.2571466002058 ], [ -115.312600675542996, 36.257146808444602 ], [ -115.311623374152006, 36.257161419420598 ], [ -115.311611032295005, 36.257161599581401 ], [ -115.311575554794999, 36.2571621021144 ], [ -115.311546939302005, 36.257162510272202 ], [ -115.310533196164002, 36.257178310255398 ], [ -115.310517773791005, 36.257178550874002 ], [ -115.309440587980006, 36.257195332497602 ], [ -115.308368685757998, 36.257212021930897 ], [ -115.307441326025994, 36.257226453957202 ], [ -115.307270190701999, 36.257229116263503 ], [ -115.306314140538007, 36.257243941998503 ], [ -115.306209066169998, 36.257245570573097 ], [ -115.306178458773999, 36.257245947595699 ], [ -115.305097137496006, 36.257257590077998 ], [ -115.305099730585994, 36.257335672366501 ], [ -115.305096579305996, 36.257806316276103 ], [ -115.305093560068997, 36.2581468252693 ], [ -115.305248849552996, 36.258146350903701 ], [ -115.305636162949, 36.258145166049999 ], [ -115.306069173913002, 36.258145570287901 ], [ -115.306175665588, 36.258145671077699 ], [ -115.306173121854997, 36.2589643481409 ], [ -115.306172866287994, 36.259046772469901 ], [ -115.305304510295997, 36.259052068422299 ], [ -115.305084620456, 36.259053408343398 ], [ -115.303983357359996, 36.259065380060598 ], [ -115.303995883078002, 36.257275455468097 ], [ -115.303995896405993, 36.257273899886499 ], [ -115.303995914897996, 36.2572718314876 ], [ -115.303996472478005, 36.257191484402398 ], [ -115.303998924761999, 36.256839626927203 ], [ -115.304009107031007, 36.256368245029201 ], [ -115.304009706984004, 36.256199713883198 ], [ -115.304011645206003, 36.255655243030198 ], [ -115.304012288102996, 36.2554746419925 ], [ -115.304012434447003, 36.255433531245799 ], [ -115.302907317381994, 36.255459466658998 ], [ -115.302908059024006, 36.255203681793603 ], [ -115.302909183706007, 36.254818915303801 ], [ -115.302910675301007, 36.254308116123099 ], [ -115.302912402386994, 36.2537127230772 ], [ -115.302912610643006, 36.253641990014302 ], [ -115.302911261052998, 36.253600517040098 ], [ -115.302992222091007, 36.253599580203101 ], [ -115.303926637602999, 36.2535834000969 ], [ -115.305104559477996, 36.253565175509898 ], [ -115.305105346210993, 36.2536665481935 ], [ -115.305105180596001, 36.253680304083801 ], [ -115.305102673555993, 36.254101783919602 ], [ -115.305100166442003, 36.254523272738297 ], [ -115.305096374673994, 36.255159232189897 ], [ -115.305095141023997, 36.255366232234699 ], [ -115.305094427162999, 36.255408127582498 ], [ -115.306174847619999, 36.255390374091 ], [ -115.306184234699998, 36.255390201163699 ], [ -115.306190188657993, 36.253578093769299 ], [ -115.306196170350006, 36.251761442522501 ], [ -115.306196265495998, 36.251731348908301 ], [ -115.306197849477996, 36.251237430623 ], [ -115.306198024433996, 36.251182214830301 ], [ -115.306187874838002, 36.2508076496581 ], [ -115.306202180119001, 36.2498827969291 ], [ -115.307294609834003, 36.2498643300342 ], [ -115.308386818767005, 36.249845857160899 ], [ -115.308383008427001, 36.250699716830901 ], [ -115.308382695893997, 36.250769867479598 ], [ -115.308280934813993, 36.2507715649934 ], [ -115.307785932513994, 36.250779823489701 ], [ -115.307541500436002, 36.250783900011299 ], [ -115.307354051489995, 36.250787025970098 ], [ -115.307290868923999, 36.250788079796003 ], [ -115.307290166252002, 36.250958114228197 ], [ -115.307290126577996, 36.250967811941699 ], [ -115.307289128636, 36.251209135367802 ], [ -115.307288254360003, 36.251420676175002 ], [ -115.307287388318002, 36.251630190008399 ], [ -115.307283989157995, 36.251712674785203 ], [ -115.307287049381003, 36.251712627770097 ], [ -115.307287039863994, 36.251794419169698 ], [ -115.307285480516995, 36.252215576932997 ], [ -115.307283898915003, 36.2526367256024 ], [ -115.307283597885004, 36.252719138201698 ], [ -115.307280768935001, 36.253479040954403 ], [ -115.307280456765, 36.253561453516397 ], [ -115.308370734169998, 36.253542036409002 ], [ -115.308371067449997, 36.253459623890102 ], [ -115.308374562796999, 36.252617669836397 ], [ -115.308376315952998, 36.252196701790403 ], [ -115.308378069170004, 36.251775706676497 ], [ -115.308378578407996, 36.251693880371498 ], [ -115.309458179304997, 36.251670697442499 ], [ -115.309455372214998, 36.252475038221597 ], [ -115.309460591702006, 36.253524807531498 ], [ -115.310551361381002, 36.253507543764897 ], [ -115.310547863972999, 36.251650844485098 ], [ -115.312744759867996, 36.2515985124463 ], [ -115.312744622064997, 36.251619115464599 ], [ -115.312744272779, 36.2516397360301 ], [ -115.312712978622002, 36.253473310847397 ], [ -115.312711981674994, 36.254555186672597 ], [ -115.312711333725005, 36.255256415462 ], [ -115.312713172733993, 36.255269451265903 ], [ -115.313805016689997, 36.255249223032301 ], [ -115.313824856989001, 36.253452595042098 ], [ -115.313825362705998, 36.253370146832602 ], [ -115.313830536840001, 36.252521301459304 ], [ -115.313835652584004, 36.251682928742497 ], [ -115.313836020688001, 36.251621101554797 ], [ -115.313836147109001, 36.251600489496198 ], [ -115.313836295784, 36.2515798774877 ], [ -115.313836752905004, 36.251518050499499 ], [ -115.313839786222999, 36.251098103572097 ], [ -115.313842819464, 36.250678165627797 ], [ -115.313845864928993, 36.250258218668499 ], [ -115.313848898076003, 36.249838280664797 ], [ -115.313849492705998, 36.249755841618502 ], [ -115.314772998040993, 36.249740651668901 ], [ -115.315017037988, 36.249736636993902 ], [ -115.315017208802999, 36.2497367960029 ], [ -115.315024955197003, 36.247899188251601 ], [ -115.315068113362997, 36.246060742742998 ], [ -115.315112076207996, 36.244188014504402 ], [ -115.315201471403, 36.240479295868198 ], [ -115.315287516647004, 36.238619215011802 ], [ -115.315340022862003, 36.236763222324498 ], [ -115.315392526314, 36.2349072290273 ], [ -115.315445027036006, 36.233051226107598 ], [ -115.315383967407996, 36.233056397954698 ], [ -115.313178933518003, 36.233136556923299 ], [ -115.312044376952002, 36.2331777832838 ], [ -115.310909819231995, 36.233219007893503 ], [ -115.308703080925994, 36.233297286914599 ], [ -115.307606330354005, 36.233333006032403 ], [ -115.307572332275996, 36.235145254248302 ], [ -115.306460784410007, 36.235189535970399 ], [ -115.306423753792004, 36.237027665639097 ], [ -115.306602306580999, 36.237022252855297 ], [ -115.307527210447006, 36.236994201825901 ], [ -115.307492963556996, 36.2388112224357 ], [ -115.307300940399998, 36.238816280998599 ], [ -115.306389301029, 36.238840293434201 ], [ -115.305287242896, 36.238873205563003 ], [ -115.305290174996998, 36.238717867832399 ], [ -115.305319902913993, 36.237142991090401 ], [ -115.305321387947004, 36.237065124414698 ], [ -115.305296067209994, 36.237065874928398 ], [ -115.304208560264001, 36.237099340049198 ], [ -115.303091678081003, 36.237130599447298 ], [ -115.302014849806994, 36.237164051610499 ], [ -115.302032092972993, 36.2362544954767 ], [ -115.302049346794007, 36.235344939226202 ], [ -115.302081778429994, 36.233533536424702 ], [ -115.300980677506999, 36.233570788855303 ], [ -115.299874840987997, 36.233612922923697 ], [ -115.299537258033993, 36.233624542384298 ], [ -115.297671703057006, 36.233689492803798 ], [ -115.297646731268998, 36.234596704826401 ], [ -115.297619851769994, 36.235499081261104 ], [ -115.297600977149997, 36.236405793825 ], [ -115.297576797968006, 36.2372995150766 ], [ -115.296426578223006, 36.237306541270101 ], [ -115.296428525872997, 36.237224141470499 ], [ -115.296447776536994, 36.236410118289697 ], [ -115.295396974615997, 36.236414047218297 ], [ -115.295295243417996, 36.236414424232798 ], [ -115.295277221573002, 36.237272342730101 ], [ -115.295276358381003, 36.237313547391899 ], [ -115.295174636249996, 36.2373141676701 ], [ -115.294126127284002, 36.237320542428002 ], [ -115.292975907184001, 36.237327526431898 ], [ -115.292961457635002, 36.2382293906889 ], [ -115.291872961446003, 36.238236860844097 ], [ -115.291814247008006, 36.2382372630709 ], [ -115.291826176471005, 36.237334500569602 ], [ -115.290676445629998, 36.237341463657799 ], [ -115.290677344323001, 36.237258547666897 ], [ -115.290681848215002, 36.2368471303284 ], [ -115.290686351473994, 36.236435866178198 ], [ -115.290584630639003, 36.2364364374952 ], [ -115.290180004730004, 36.236438691378098 ], [ -115.290059481751001, 36.236439360383102 ], [ -115.289627364626, 36.236441761314602 ], [ -115.289534332838997, 36.236442280965797 ], [ -115.289074724463006, 36.236444837710998 ], [ -115.288518357228, 36.236447929409302 ], [ -115.288382314093994, 36.236448684659997 ], [ -115.288246314345997, 36.236449439863101 ], [ -115.287734415884998, 36.236452277071002 ], [ -115.287222507389998, 36.236455112063702 ], [ -115.286694904068995, 36.236458031232601 ], [ -115.286693716906996, 36.2367431208543 ], [ -115.286693206001004, 36.236865694298999 ], [ -115.286844213853001, 36.236864842863199 ], [ -115.287220460708994, 36.2368627193026 ], [ -115.287218391446004, 36.237275124896797 ], [ -115.287217978178006, 36.237357567979402 ], [ -115.286154966121003, 36.2373639640617 ], [ -115.286062318014004, 36.237364524324001 ], [ -115.286036153721, 36.237364681928803 ], [ -115.285510542598004, 36.237367839651803 ], [ -115.285150677586998, 36.237370000461603 ], [ -115.284948823011007, 36.237371211453997 ], [ -115.284907296658005, 36.237632780511603 ], [ -115.284905709434994, 36.2382763603269 ], [ -115.284903477819, 36.239185464018497 ], [ -115.286047455117, 36.2391773164263 ], [ -115.286047432927006, 36.23917906306 ], [ -115.286035812452994, 36.240083638715703 ], [ -115.287204573604996, 36.2400745232218 ], [ -115.287200023362004, 36.240980006852503 ], [ -115.287199244617995, 36.241020102149797 ], [ -115.287182131405004, 36.241900598889302 ], [ -115.287029608775001, 36.241901969723003 ], [ -115.286734156663002, 36.241904644462302 ], [ -115.286607547551, 36.241905781575703 ], [ -115.286321415339003, 36.241909442784397 ], [ -115.286032945401004, 36.241913133550902 ], [ -115.286024169344998, 36.240989987903603 ], [ -115.284899029966994, 36.2409995251192 ], [ -115.284819530237002, 36.241000198322801 ], [ -115.283757968646995, 36.241009183128497 ], [ -115.283751482002003, 36.241009238988298 ], [ -115.283754690281995, 36.240101399867498 ], [ -115.283660507378002, 36.240102128367198 ], [ -115.283134149983994, 36.240106225495197 ], [ -115.282608137484004, 36.240110312161399 ], [ -115.282606604812997, 36.239697150676598 ], [ -115.282605082442998, 36.239284204596103 ], [ -115.282604775077999, 36.239201789497301 ], [ -115.282604440664002, 36.2391119125977 ], [ -115.282602919124002, 36.238698750170698 ], [ -115.282600343110005, 36.238293660572197 ], [ -115.282600401059, 36.237886396458798 ], [ -115.282600459500003, 36.237467380471202 ], [ -115.28259980704, 36.237385018557099 ], [ -115.282599788892995, 36.2373026140734 ], [ -115.282599711, 36.236948236926999 ], [ -115.282599624390002, 36.236604847297798 ], [ -115.282599596954995, 36.236475484951796 ], [ -115.282599587584997, 36.236434359312298 ], [ -115.282599529517, 36.236251993238398 ], [ -115.282599375776996, 36.235565924141902 ], [ -115.281755278884006, 36.235570342797502 ], [ -115.281530978423007, 36.235571516690001 ], [ -115.281440940476998, 36.2355719925378 ], [ -115.281441456671999, 36.235492707825003 ], [ -115.281442400326, 36.235344196509999 ], [ -115.281442611380001, 36.235311002725801 ], [ -115.281446785274994, 36.234659382555101 ], [ -115.281447975882003, 36.233889552167298 ], [ -115.281448006434999, 36.233875816661701 ], [ -115.281448180362005, 36.233758225550403 ], [ -115.281448182998005, 36.233756961054297 ], [ -115.279118807223, 36.233766351339703 ], [ -115.276822209496004, 36.233685683307797 ], [ -115.276786025080995, 36.2336844189348 ], [ -115.275669813529007, 36.233645196048897 ], [ -115.275666120891998, 36.234956828941101 ], [ -115.275665520152998, 36.235385578399502 ], [ -115.275660069129003, 36.2354678426505 ], [ -115.274500819422997, 36.235432346616697 ], [ -115.273325563724995, 36.235396338226103 ], [ -115.272177010296005, 36.235357323372703 ], [ -115.271028459462997, 36.235320469598001 ], [ -115.269884813729007, 36.235284446831898 ], [ -115.269881152755005, 36.236201567996702 ], [ -115.269852922325001, 36.237125366253103 ], [ -115.269711603274999, 36.237123634953697 ], [ -115.267521289257999, 36.237056360730001 ], [ -115.266327305835006, 36.237021613085098 ], [ -115.265152014177005, 36.236986858173601 ], [ -115.262838846565003, 36.236915150830399 ], [ -115.262833373155999, 36.236999578368 ], [ -115.262818981655002, 36.237453300239402 ], [ -115.262958538442007, 36.237456494141 ], [ -115.263524289146005, 36.237473266498299 ], [ -115.263511565488002, 36.237857441708599 ], [ -115.263479093987996, 36.237856498682604 ], [ -115.263001698739004, 36.237842579131801 ], [ -115.262945076677994, 36.237840928681599 ], [ -115.262806786349003, 36.2378377480699 ], [ -115.262777203270005, 36.238770355142201 ], [ -115.262731787766, 36.240487010168202 ], [ -115.262731722251999, 36.240530298637601 ], [ -115.262728905550006, 36.240623385558997 ], [ -115.261554795343002, 36.240594114229403 ], [ -115.261553342281999, 36.2407314749262 ], [ -115.261552101899994, 36.241517284314 ], [ -115.260547706577995, 36.2414911632791 ], [ -115.260380296229002, 36.241487502911703 ], [ -115.260369749801001, 36.244218746033802 ], [ -115.260366949757994, 36.245123763378402 ], [ -115.260535901154, 36.245127950682601 ], [ -115.261239183319006, 36.245145384366502 ], [ -115.261586465755997, 36.245156260027301 ], [ -115.261912377474999, 36.245160633092503 ], [ -115.262611271842005, 36.245173738790797 ], [ -115.262712986186003, 36.245175651769401 ], [ -115.262713003442002, 36.2451708822272 ], [ -115.262727581850001, 36.244268519070403 ], [ -115.262853971241, 36.244270689122999 ], [ -115.265099105624998, 36.244322747921601 ], [ -115.265099105464003, 36.244322787577602 ], [ -115.266878726773001, 36.244363490216401 ], [ -115.267442830255007, 36.244376391305003 ], [ -115.267969187682993, 36.244388420541902 ], [ -115.269799953645006, 36.244430242906702 ], [ -115.269793525932997, 36.245042234182598 ], [ -115.269790464769002, 36.245334224711002 ], [ -115.269787394665997, 36.245626773997003 ], [ -115.269652534987998, 36.245625852653802 ], [ -115.269289757324003, 36.245615906073702 ], [ -115.269077841039007, 36.245610095105903 ], [ -115.268943546548002, 36.245606416522598 ], [ -115.268593240602996, 36.245596816054601 ], [ -115.268590071380004, 36.245915465274997 ], [ -115.268589417157003, 36.245981501446103 ], [ -115.268586902118003, 36.246234115379501 ], [ -115.268585583076998, 36.246366050691002 ], [ -115.268583732783995, 36.246552774479497 ], [ -115.268581760068997, 36.246750600841402 ], [ -115.268580563450001, 36.246871424549603 ], [ -115.268577934948993, 36.247135664692401 ], [ -115.268577483062998, 36.247190082948102 ], [ -115.268574847742997, 36.2475087343891 ], [ -115.268574759141998, 36.247519729803201 ], [ -115.269632488517004, 36.247548717447899 ], [ -115.269764168181993, 36.247549617867598 ], [ -115.269760638432004, 36.247838232642401 ], [ -115.269761216305, 36.248074034903503 ], [ -115.267649901637, 36.248017871420799 ], [ -115.267411732414004, 36.248011595248997 ], [ -115.267411715745993, 36.248016289083999 ], [ -115.267411909331003, 36.248016295002998 ], [ -115.267411678612007, 36.248026620386803 ], [ -115.267411339237, 36.2481203339388 ], [ -115.267411285435003, 36.248135359076301 ], [ -115.267411257578004, 36.248143109130503 ], [ -115.267411262202998, 36.248150806094699 ], [ -115.267411224764004, 36.248151537837202 ], [ -115.267432047187, 36.251758170768099 ], [ -115.269754019090001, 36.2518061716898 ], [ -115.269759318206994, 36.249931325951202 ], [ -115.269761211893993, 36.248078759414902 ], [ -115.272115914725006, 36.2481429600629 ], [ -115.272676931172995, 36.248158568393897 ], [ -115.272675926893001, 36.248294227739301 ], [ -115.272672523626994, 36.249199018194801 ], [ -115.272665470205993, 36.2496541123325 ], [ -115.273746257531997, 36.249687368580702 ], [ -115.273839479943007, 36.249688782368601 ], [ -115.273847840301997, 36.249684138960603 ], [ -115.273847950453003, 36.2496841410481 ], [ -115.273848007197003, 36.2496841420962 ], [ -115.273853118885, 36.249424851868298 ], [ -115.273854305365006, 36.249364663692504 ], [ -115.273874838992, 36.248323136165403 ], [ -115.273877535878995, 36.2481863374569 ], [ -115.274461528982997, 36.248202258226101 ], [ -115.274462098244996, 36.248066084903698 ], [ -115.274462103139001, 36.248064841146302 ], [ -115.274465367098003, 36.247274999666203 ], [ -115.274467124400999, 36.246848218863001 ], [ -115.274469056995997, 36.246379709084003 ], [ -115.274469098552004, 36.246371976184101 ], [ -115.274469187376994, 36.246349119879198 ], [ -115.274470952243007, 36.245921810877398 ], [ -115.274476254408995, 36.244638470496398 ], [ -115.274476291255993, 36.244629671364102 ], [ -115.274476594394997, 36.244556020188099 ], [ -115.274476673088998, 36.244538847341701 ], [ -115.274486857466997, 36.244539044878202 ], [ -115.275553211814994, 36.244570945057603 ], [ -115.275648610003998, 36.244573798765202 ], [ -115.275644759507998, 36.2446693645363 ], [ -115.275643943188001, 36.245003655569001 ], [ -115.275643928031002, 36.245010077172303 ], [ -115.275643157325007, 36.245325062819703 ], [ -115.275643093946002, 36.245350882614296 ], [ -115.275642371445997, 36.245646470053103 ], [ -115.275642260956005, 36.245691688039699 ], [ -115.275641586662999, 36.245967877272001 ], [ -115.275641429063995, 36.2460324925473 ], [ -115.275640856107003, 36.2462666479909 ], [ -115.275640593801995, 36.246373300631902 ], [ -115.275640586020998, 36.246376420853302 ], [ -115.275640019286001, 36.246610688959898 ], [ -115.27563975855, 36.246714101486802 ], [ -115.275639226674002, 36.246932094304299 ], [ -115.275638934371003, 36.247054911363598 ], [ -115.275638445140004, 36.247253507771397 ], [ -115.275638087955997, 36.247395712150997 ], [ -115.275637663622007, 36.247574913109801 ], [ -115.275637526020006, 36.247629881990001 ], [ -115.275637274871002, 36.247736521116202 ], [ -115.275636385235003, 36.248096852548798 ], [ -115.275650783901995, 36.248158631951597 ], [ -115.275668623043003, 36.248235174197298 ], [ -115.276190501586996, 36.248249405396898 ], [ -115.276253928621998, 36.248251133756199 ], [ -115.276248222736996, 36.248387349783798 ], [ -115.276248196428, 36.248388386191301 ], [ -115.276239475970002, 36.2486918806392 ], [ -115.276238845340004, 36.248713708084601 ], [ -115.276230744312002, 36.248995374140897 ], [ -115.276229751691005, 36.249030088996101 ], [ -115.276222023702005, 36.249298868555996 ], [ -115.276220646829003, 36.249346470762497 ], [ -115.276213291887998, 36.249602362926197 ], [ -115.276210302736999, 36.249706534489697 ], [ -115.276209453619998, 36.249735851027197 ], [ -115.276198402153994, 36.250120256550602 ], [ -115.276197615892997, 36.250147725618497 ], [ -115.275027339068998, 36.250119308080698 ], [ -115.275028125739993, 36.250091839022303 ], [ -115.275028138105995, 36.250091523605299 ], [ -115.275007621594995, 36.250090984034799 ], [ -115.274492271461, 36.250077361155903 ], [ -115.274476661559007, 36.250076951328502 ], [ -115.274024929418005, 36.250065008432301 ], [ -115.273991793736002, 36.250064132326102 ], [ -115.273839422929001, 36.250060464753098 ], [ -115.273816066693996, 36.251073678998701 ], [ -115.273714334043007, 36.2510721359101 ], [ -115.272653549053004, 36.251046493045898 ], [ -115.27264275812, 36.251782236565496 ], [ -115.272639788060999, 36.251863498353003 ], [ -115.274358136974996, 36.251899241543597 ], [ -115.275542234727993, 36.251925700394601 ], [ -115.279058791376002, 36.251999354825301 ], [ -115.279034317755006, 36.252910130057799 ], [ -115.279008396118002, 36.2538354481513 ], [ -115.278982502152004, 36.254747715605497 ], [ -115.278955275314999, 36.2556620344442 ], [ -115.278930595128003, 36.256582344125299 ], [ -115.278916934397998, 36.256997043928301 ], [ -115.279088514425993, 36.256995722967297 ], [ -115.279619528980007, 36.256990745431203 ], [ -115.279629666042993, 36.2565769378743 ], [ -115.280119621382994, 36.2565731426889 ], [ -115.280098279382997, 36.257399069764404 ], [ -115.280096146947997, 36.257481486539803 ], [ -115.278900459501003, 36.257497412342403 ], [ -115.278876345881997, 36.258409016793102 ], [ -115.278846185674993, 36.2593271670329 ], [ -115.278816038510996, 36.2602474892429 ], [ -115.278785261004003, 36.261149378505401 ], [ -115.278751089373003, 36.262071078140799 ], [ -115.278721421092001, 36.262982670415497 ], [ -115.279953616021999, 36.262946438721002 ], [ -115.279953182181004, 36.262980920613899 ], [ -115.279951894573003, 36.263083645301997 ], [ -115.279950296530004, 36.263496843201203 ], [ -115.279948757013997, 36.263894899709598 ], [ -115.279949888499004, 36.264292953953699 ], [ -115.279951137105002, 36.264660725451201 ], [ -115.279950835893004, 36.264738604315497 ], [ -115.278733073645, 36.264778716625202 ], [ -115.278744117486994, 36.266580821853502 ], [ -115.274182448708004, 36.266595011661103 ], [ -115.269751024193994, 36.26661052267 ], [ -115.269767909063006, 36.270237493901703 ], [ -115.274217639358, 36.270204202748197 ], [ -115.276494543170003, 36.270188976016897 ], [ -115.278807468354003, 36.270172139305402 ], [ -115.279969907852006, 36.270166504289001 ], [ -115.281129431401993, 36.270152135233197 ], [ -115.281111826968996, 36.2719476681308 ], [ -115.282283143681994, 36.271938518132799 ], [ -115.282627447595004, 36.271935286204503 ], [ -115.282626287754994, 36.271852867609198 ], [ -115.282625688812004, 36.2718108142153 ], [ -115.282621334189002, 36.271504708089203 ], [ -115.282620554214006, 36.2714497821663 ], [ -115.282633120724, 36.271449669557903 ], [ -115.282821318017994, 36.271447934453597 ], [ -115.282938147823998, 36.2715276036242 ], [ -115.283346677853999, 36.2718061428521 ], [ -115.283449970014004, 36.271807458195603 ], [ -115.283448854689993, 36.2718229015234 ], [ -115.283446898329998, 36.271927589219104 ], [ -115.284561016804005, 36.2719152361623 ], [ -115.285760598804998, 36.271907402528697 ], [ -115.285867428372995, 36.271906662459003 ], [ -115.286909437884006, 36.271899440118503 ], [ -115.288093016434999, 36.271885063224097 ], [ -115.288029041596999, 36.273684430083598 ], [ -115.286859865428994, 36.2737035556762 ], [ -115.286859554621998, 36.273785760570803 ], [ -115.286844676608993, 36.274188100618801 ], [ -115.286829765677993, 36.274599101846697 ], [ -115.287264899148994, 36.274596394493301 ], [ -115.287326709504001, 36.274596006729098 ], [ -115.287309276670001, 36.274968057490398 ], [ -115.287291564350994, 36.275499579811999 ], [ -115.287945432708995, 36.275497510395802 ], [ -115.287922175456004, 36.275962648908099 ], [ -115.287901252032995, 36.276402097688702 ], [ -115.287858836341996, 36.277301777218902 ], [ -115.287860563948001, 36.277301761659302 ], [ -115.287858828916995, 36.277304928971802 ], [ -115.288264383034999, 36.277303130026098 ], [ -115.288920095151994, 36.277300201845499 ], [ -115.288969903229003, 36.277299979265699 ], [ -115.288986170498006, 36.277299906645702 ], [ -115.288986544183999, 36.277292282748498 ], [ -115.289029805159998, 36.276398228848699 ], [ -115.289049114329003, 36.275986823681002 ], [ -115.289060315167006, 36.2757481331276 ], [ -115.289068423584993, 36.275575337366497 ], [ -115.289069703486007, 36.275548090349297 ], [ -115.289069899666998, 36.2754970027406 ], [ -115.289072102495993, 36.275496993740298 ], [ -115.290181799457002, 36.275492450226899 ], [ -115.290158745634997, 36.275987106583102 ], [ -115.290121641726998, 36.276783044852003 ], [ -115.290114681057005, 36.277213841694902 ], [ -115.290113857060007, 36.277294877241701 ], [ -115.290113447284995, 36.278224117863303 ], [ -115.290113188354994, 36.278804965949803 ], [ -115.290112323488003, 36.278804360873899 ], [ -115.290112253366004, 36.278906145675997 ], [ -115.290112192882006, 36.278993448759202 ], [ -115.290113032262994, 36.2789952137177 ], [ -115.290112321063006, 36.279011260136599 ], [ -115.290113053010998, 36.279109011878603 ], [ -115.290068445797004, 36.279109147644299 ], [ -115.290047353847001, 36.279109213084801 ], [ -115.288984229655, 36.279112502641702 ], [ -115.288972845483002, 36.279112536808697 ], [ -115.288963547348999, 36.279112565294199 ], [ -115.288963545304995, 36.279113109661303 ], [ -115.288804138775006, 36.2791139609336 ], [ -115.287854703541996, 36.2791190273335 ], [ -115.287855844600003, 36.280942725051602 ], [ -115.288967360829005, 36.280925124432699 ], [ -115.290100391151, 36.280923167361003 ], [ -115.290112246402998, 36.280923146860196 ], [ -115.290112310034004, 36.280779354405603 ], [ -115.290112572875003, 36.280182015833397 ], [ -115.290112582421003, 36.280160714146703 ], [ -115.290112610809004, 36.280096875780004 ], [ -115.290112924620004, 36.279398994262202 ], [ -115.290113053010998, 36.279109011878603 ], [ -115.290308789197994, 36.279108689511702 ], [ -115.290565348881003, 36.279107902875403 ], [ -115.290818111622002, 36.279107124426801 ], [ -115.290957222987004, 36.279106689517398 ], [ -115.291096322073003, 36.279106263428901 ], [ -115.291235432291003, 36.279105837205798 ], [ -115.29137453141, 36.279105401781003 ], [ -115.29151364274, 36.279104975236997 ], [ -115.291652752955997, 36.279104548528402 ], [ -115.291791852074994, 36.279104112618199 ], [ -115.291944531564994, 36.279103646547497 ], [ -115.292097212201995, 36.279103171271998 ], [ -115.292268926549994, 36.279102642988498 ], [ -115.292285890960002, 36.2791025851364 ], [ -115.292370701777998, 36.279102322850598 ], [ -115.292371361921994, 36.279918409469602 ], [ -115.292371609396994, 36.280223935291801 ], [ -115.292371610073999, 36.2802243525853 ], [ -115.292371699729998, 36.280336060832703 ], [ -115.292371729710993, 36.280372970952698 ], [ -115.292371874004004, 36.280555435076401 ], [ -115.292372040122999, 36.2807629097166 ], [ -115.292372156425998, 36.280911225233098 ], [ -115.292372158828002, 36.280913277449201 ], [ -115.292372166226997, 36.2809190816984 ], [ -115.292372651568002, 36.280919081076703 ], [ -115.292372658898998, 36.280919205470902 ], [ -115.293611950200003, 36.2809170238843 ], [ -115.295746151680007, 36.2809132374312 ], [ -115.296892011368996, 36.280911195489303 ], [ -115.296890635447994, 36.280494752960401 ], [ -115.296890064696001, 36.2803219341789 ], [ -115.296888336766997, 36.2797986270865 ], [ -115.296887860013996, 36.279657966124702 ], [ -115.296887554776006, 36.279567852871097 ], [ -115.296885928714005, 36.279088259767697 ], [ -115.296880418277993, 36.277401789284902 ], [ -115.296879974345003, 36.277264636122503 ], [ -115.296879732796, 36.277264637346399 ], [ -115.296879971688, 36.277264449551403 ], [ -115.296880219702999, 36.277258413380103 ], [ -115.296723167476003, 36.277265161699802 ], [ -115.295752282104004, 36.2772695742972 ], [ -115.295749508189004, 36.277269586553501 ], [ -115.294624981113998, 36.277274636171498 ], [ -115.294630278395005, 36.2771510025282 ], [ -115.294699436168997, 36.275539282653902 ], [ -115.294702967622001, 36.275456833160398 ], [ -115.294703293029997, 36.275449168567697 ], [ -115.295395147229002, 36.275452831752503 ], [ -115.295829735781993, 36.275450318154697 ], [ -115.296954472332999, 36.275442300557003 ], [ -115.298075998803, 36.2754476757571 ], [ -115.298243561936999, 36.275448452954997 ], [ -115.299198527854003, 36.275452880591601 ], [ -115.300320800072996, 36.275458363592698 ], [ -115.300318168567003, 36.275540748699299 ], [ -115.300304900518995, 36.275956130358303 ], [ -115.300292069039003, 36.276357837012199 ], [ -115.300291441450995, 36.276377515855401 ], [ -115.300283733840999, 36.2766187772094 ], [ -115.300275397470998, 36.276879716490399 ], [ -115.300266871443995, 36.2771466154678 ], [ -115.300266440968997, 36.277160098482398 ], [ -115.300263482560993, 36.277283972262197 ], [ -115.300252253740993, 36.277283906026703 ], [ -115.299215647745996, 36.277277936405497 ], [ -115.299149137439002, 36.2772775548571 ], [ -115.299135647946002, 36.2772774741319 ], [ -115.299134976481994, 36.277277238203702 ], [ -115.299134968966996, 36.277277468913297 ], [ -115.299135647946002, 36.2772774741319 ], [ -115.299135923373001, 36.277401093290599 ], [ -115.299136018891005, 36.277442299985402 ], [ -115.299136478421005, 36.277650245025001 ], [ -115.299136810787999, 36.277801146920801 ], [ -115.299137252028004, 36.2780018537348 ], [ -115.299137584389996, 36.278152756523099 ], [ -115.299138025595994, 36.278353472338097 ], [ -115.299138357987999, 36.278504366104798 ], [ -115.299138805465006, 36.278703351467897 ], [ -115.299139124754007, 36.278848647353101 ], [ -115.299139571430004, 36.279051230607003 ], [ -115.299139642292999, 36.279083577663499 ], [ -115.299139686933003, 36.279103198604197 ], [ -115.300220547189994, 36.279110495841202 ], [ -115.300265398820002, 36.279110798493697 ], [ -115.300828795184003, 36.279114472266301 ], [ -115.300828904678994, 36.2791968376727 ], [ -115.300828926541001, 36.279213321208601 ], [ -115.300829134712998, 36.279367771107403 ], [ -115.300829318775001, 36.279505125493699 ], [ -115.300829503941998, 36.279642481681996 ], [ -115.300829704603004, 36.279792527905101 ], [ -115.300310335868005, 36.279793540434298 ], [ -115.300266504313996, 36.279793625959698 ], [ -115.300266876243995, 36.280024188294902 ], [ -115.300267132643, 36.280179153816903 ], [ -115.300267254865005, 36.2802532049446 ], [ -115.300268386021003, 36.280936314441099 ], [ -115.300269199713, 36.280936322676098 ], [ -115.300796409236995, 36.280941517043601 ], [ -115.301354830299005, 36.280947161223601 ], [ -115.302387268306006, 36.280951595668199 ], [ -115.302469002134998, 36.280951946285498 ], [ -115.303639213745996, 36.280962133541102 ], [ -115.304765409037998, 36.280972936855697 ], [ -115.305891638104995, 36.280983729643303 ], [ -115.305890549810002, 36.282800942126698 ], [ -115.307004736805993, 36.282812174218897 ], [ -115.307005695228, 36.282729763554798 ], [ -115.307007540821004, 36.282569994624303 ], [ -115.307010436802003, 36.282319403602102 ], [ -115.307015178344997, 36.281909034608098 ], [ -115.307016025131006, 36.281491951075097 ], [ -115.307016871892998, 36.281074867512899 ], [ -115.307016630559005, 36.280988587567798 ] ] ] } },
{ "type": "Feature", "properties": { "FID": 40, "LIVE_CLV_L": 127810.97156316999, "PERIMETER": 1434.95041302, "CNTY_IS": 57, "SYMBOL": 0, "ACRES": 2.93413617, "SQ_MILES": 0.00458459, "SHAPE_AREA": 127810.971563, "SHAPE_LEN": 1434.9504130099999, "Shape__Area": 18333.50390625, "Shape__Length": 543.54687339973759 }, "geometry": { "type": "Polygon", "coordinates": [ [ [ -115.326522925248995, 36.324858024437603 ], [ -115.327663920630002, 36.3248388579443 ], [ -115.327663035566005, 36.324872832214801 ], [ -115.327637434121996, 36.325854996550497 ], [ -115.326673858785995, 36.325920158148499 ], [ -115.326495074950003, 36.325932247719997 ], [ -115.326522925248995, 36.324858024437603 ] ] ] } },
{ "type": "Feature", "properties": { "FID": 41, "LIVE_CLV_L": 140103.57389510001, "PERIMETER": 1504.687661, "CNTY_IS": 57, "SYMBOL": 0, "ACRES": 3.21633549, "SQ_MILES": 0.00502552, "SHAPE_AREA": 140103.573894, "SHAPE_LEN": 1504.687661, "Shape__Area": 20096.82421875, "Shape__Length": 570.00064067535595 }, "geometry": { "type": "Polygon", "coordinates": [ [ [ -115.32406056085, 36.324901296197503 ], [ -115.324240933010998, 36.324896324742603 ], [ -115.324226214025003, 36.325470026489697 ], [ -115.324208240535995, 36.3260140413337 ], [ -115.323312304753003, 36.326055527055502 ], [ -115.323053669600995, 36.326067501731302 ], [ -115.323079588997004, 36.324928329483903 ], [ -115.32406056085, 36.324901296197503 ] ] ] } },
{ "type": "Feature", "properties": { "FID": 42, "LIVE_CLV_L": 161466.18620637001, "PERIMETER": 1613.6016238899999, "CNTY_IS": 57, "SYMBOL": 0, "ACRES": 3.70675359, "SQ_MILES": 0.0057918, "SHAPE_AREA": 161466.18620600001, "SHAPE_LEN": 1613.6016238899999, "Shape__Area": 23161.18359375, "Shape__Length": 611.24106764457895 }, "geometry": { "type": "Polygon", "coordinates": [ [ [ -115.320581111685001, 36.324997135374304 ], [ -115.320756886105002, 36.324992296965398 ], [ -115.320736969302999, 36.326174741974299 ], [ -115.319476933296997, 36.3262330462737 ], [ -115.319478520226994, 36.326118480088198 ], [ -115.319493640549993, 36.325027062223 ], [ -115.319595528345005, 36.325024258806501 ], [ -115.320581111685001, 36.324997135374304 ] ] ] } },
{ "type": "Feature", "properties": { "FID": 43, "LIVE_CLV_L": 152620.28764679999, "PERIMETER": 2149.3723052700002, "CNTY_IS": 57, "SYMBOL": 0, "ACRES": 3.5036797, "SQ_MILES": 0.0054745, "SHAPE_AREA": 152620.287648, "SHAPE_LEN": 2149.3723052599998, "Shape__Area": 21892.69140625, "Shape__Length": 814.38026206670565 }, "geometry": { "type": "Polygon", "coordinates": [ [ [ -115.315907638794002, 36.325888885239102 ], [ -115.315896087417002, 36.325846878148603 ], [ -115.315882686359004, 36.325805100347303 ], [ -115.315867501891006, 36.3257637160144 ], [ -115.315850533770998, 36.325722796349297 ], [ -115.315831815292995, 36.325682377476497 ], [ -115.315811356328993, 36.325642504480903 ], [ -115.315789203413999, 36.3256032495676 ], [ -115.315765355375007, 36.3255646307585 ], [ -115.315739867686005, 36.325526711265702 ], [ -115.315712751334999, 36.325489536176597 ], [ -115.315684050719, 36.325453150652798 ], [ -115.315653799098996, 36.325417599831603 ], [ -115.315622029739998, 36.325382927948397 ], [ -115.315588787094001, 36.325349163942498 ], [ -115.315554104363997, 36.325316370074702 ], [ -115.315518037147001, 36.325284573506501 ], [ -115.315480607595006, 36.325253810337202 ], [ -115.315441882380995, 36.325224125778597 ], [ -115.315326475110993, 36.325141671060898 ], [ -115.315549971671004, 36.325135525998 ], [ -115.315571498820006, 36.325134935222302 ], [ -115.315661289703002, 36.325207448091199 ], [ -115.315756617312999, 36.3252992127399 ], [ -115.315841688722998, 36.3253973452792 ], [ -115.315915869356999, 36.325501103465498 ], [ -115.315973322163998, 36.325600591815402 ], [ -115.315978583806995, 36.325609702826199 ], [ -115.316029355938994, 36.325722313143999 ], [ -115.316053924144995, 36.325791450577498 ], [ -115.316079405436994, 36.325880238675801 ], [ -115.316107777715999, 36.325878815012103 ], [ -115.316107139582002, 36.326013842141201 ], [ -115.316102570786001, 36.326980024153201 ], [ -115.316000661225999, 36.326985158831299 ], [ -115.314946906361996, 36.327038090364603 ], [ -115.314947155480994, 36.3268852253264 ], [ -115.314948699294007, 36.325937135018997 ], [ -115.315300945475002, 36.325919413304902 ], [ -115.315907638794002, 36.325888885239102 ] ] ] } },
{ "type": "Feature", "properties": { "FID": 44, "LIVE_CLV_L": 1026068.92871981, "PERIMETER": 9219.0050336099994, "CNTY_IS": 57, "SYMBOL": 0, "ACRES": 23.55530139, "SQ_MILES": 0.03680516, "SHAPE_AREA": 1026068.92872, "SHAPE_LEN": 9219.0050336000004, "Shape__Area": 147205.82421875, "Shape__Length": 3493.5990706125235 }, "geometry": { "type": "Polygon", "coordinates": [ [ [ -115.320563525243998, 36.335124651613398 ], [ -115.319853483515999, 36.334349787347698 ], [ -115.317160062303998, 36.334371470191499 ], [ -115.317176336800998, 36.333287573360202 ], [ -115.316473115904998, 36.332516507421502 ], [ -115.316050991989002, 36.332053661902101 ], [ -115.315256641662003, 36.331182641191397 ], [ -115.314921210557998, 36.3308148276843 ], [ -115.314942018582002, 36.328989426050498 ], [ -115.315118460026994, 36.329182010137998 ], [ -115.315964416715005, 36.3301053400901 ], [ -115.315981901097004, 36.328802192177598 ], [ -115.316093958425, 36.3288008204878 ], [ -115.316206015781006, 36.328799439680203 ], [ -115.317243918371005, 36.328786676549697 ], [ -115.317242251110997, 36.328897676138098 ], [ -115.317215969246007, 36.330647896491797 ], [ -115.316544847502996, 36.330655313905297 ], [ -115.316492939230997, 36.330655882993199 ], [ -115.315885161132002, 36.331041927827499 ], [ -115.317566306862005, 36.332880588158297 ], [ -115.318158877626004, 36.332500404490702 ], [ -115.318331202924, 36.332498758842803 ], [ -115.318902796002007, 36.332493292344402 ], [ -115.318879993707, 36.333300989724002 ], [ -115.318292132894001, 36.333674391774402 ], [ -115.318807218691006, 36.334237710463199 ], [ -115.318847593876001, 36.334281862943698 ], [ -115.319448093248994, 36.333900428747903 ], [ -115.319457192721998, 36.333411968171603 ], [ -115.320452778051006, 36.3334106111176 ], [ -115.320598600569994, 36.333410409030499 ], [ -115.320578443296995, 36.334261526669202 ], [ -115.320579458702994, 36.334343932084899 ], [ -115.320563525243998, 36.335124651613398 ] ] ] } },
{ "type": "Feature", "properties": { "FID": 45, "LIVE_CLV_L": 10609712.8190849, "PERIMETER": 19206.270416629999, "CNTY_IS": 57, "SYMBOL": 0, "ACRES": 243.56549171, "SQ_MILES": 0.38057108, "SHAPE_AREA": 10609712.8191, "SHAPE_LEN": 19206.2704166, "Shape__Area": 1521756.0625, "Shape__Length": 7275.4230953870219 }, "geometry": { "type": "Polygon", "coordinates": [ [ [ -115.278592784379001, 36.3283216405041 ], [ -115.278570652501003, 36.324816993914901 ], [ -115.278686906803003, 36.324818529520698 ], [ -115.278803157769005, 36.324820065004999 ], [ -115.278820932875007, 36.324820299557402 ], [ -115.280772323877002, 36.324846056359704 ], [ -115.280782467166006, 36.323963507608902 ], [ -115.280922252470006, 36.323964648158899 ], [ -115.281025346095007, 36.323965666911597 ], [ -115.281917625188001, 36.323974481542898 ], [ -115.282950946395999, 36.323984680503301 ], [ -115.283052791781998, 36.3239853455785 ], [ -115.283053619046996, 36.3239023865234 ], [ -115.283061001907996, 36.323162445857598 ], [ -115.283061660921007, 36.323096919663897 ], [ -115.282959813350004, 36.323096254593203 ], [ -115.282885087628998, 36.323095710786298 ], [ -115.281953935846005, 36.323088936898799 ], [ -115.281927139500993, 36.323088743154699 ], [ -115.280894453662, 36.3230812227646 ], [ -115.280792614264001, 36.323080472049703 ], [ -115.280792757045006, 36.323068024950402 ], [ -115.280802326263, 36.322236162899301 ], [ -115.280802762972996, 36.322198094290997 ], [ -115.280700922506995, 36.322197629200801 ], [ -115.278706453772998, 36.322188606355397 ], [ -115.278554048309999, 36.322187504045999 ], [ -115.278548518836004, 36.321311877507597 ], [ -115.278572679584002, 36.317597662952103 ], [ -115.278766202368999, 36.317598147167502 ], [ -115.279730190470005, 36.317599923445798 ], [ -115.280763694149996, 36.317601849900299 ], [ -115.280967362503006, 36.317602365244603 ], [ -115.281997001844999, 36.317604280273997 ], [ -115.283128976656997, 36.317606443481402 ], [ -115.283137683668002, 36.315759745333601 ], [ -115.283139149082999, 36.314825686178203 ], [ -115.283236024003997, 36.314825929412798 ], [ -115.283713517489005, 36.314827127161301 ], [ -115.283716248407003, 36.314380345115403 ], [ -115.283718446617002, 36.314021542162898 ], [ -115.283718612753006, 36.313994132165497 ], [ -115.283718725225, 36.313994133348601 ], [ -115.283719537734996, 36.313913343475498 ], [ -115.284272977615998, 36.313915095217403 ], [ -115.284267539861006, 36.3148285144852 ], [ -115.284268969660999, 36.315288032897698 ], [ -115.284270155157998, 36.315671564362603 ], [ -115.284267720233998, 36.3157609014333 ], [ -115.285406153872003, 36.315762049752998 ], [ -115.285507986417997, 36.315762114237302 ], [ -115.286530724190001, 36.315762765263699 ], [ -115.287646418771004, 36.315763466266198 ], [ -115.287640832004996, 36.316700146967101 ], [ -115.287635349951998, 36.317614944883601 ], [ -115.286526868783, 36.317614018288999 ], [ -115.286526302208998, 36.3185360203451 ], [ -115.287629824598, 36.318541152660501 ], [ -115.287613198418995, 36.3213268148384 ], [ -115.287613140131, 36.321404742269998 ], [ -115.287610445458995, 36.325021073668402 ], [ -115.287610390243003, 36.325103485785803 ], [ -115.287609762266001, 36.325944714639803 ], [ -115.287609067877, 36.326868346428 ], [ -115.287608385045004, 36.327791842911402 ], [ -115.287607831854999, 36.328542475827597 ], [ -115.286424585947003, 36.328513522695097 ], [ -115.285276345675001, 36.328485411229501 ], [ -115.279948637646996, 36.328354893843503 ], [ -115.278592784379001, 36.3283216405041 ] ] ] } },
{ "type": "Feature", "properties": { "FID": 46, "LIVE_CLV_L": 1732507.2600137801, "PERIMETER": 5663.12035758, "CNTY_IS": 57, "SYMBOL": 0, "ACRES": 39.77289394, "SQ_MILES": 0.06214515, "SHAPE_AREA": 1732507.2600100001, "SHAPE_LEN": 5663.12035758, "Shape__Area": 248567.4921875, "Shape__Length": 2145.2270294459368 }, "geometry": { "type": "Polygon", "coordinates": [ [ [ -115.282971159026005, 36.332279575225897 ], [ -115.282974930172998, 36.331938453033999 ], [ -115.283008275306003, 36.331939663415199 ], [ -115.283211988158001, 36.331947024779801 ], [ -115.283913863926998, 36.331972389446001 ], [ -115.284233863023999, 36.331983951845601 ], [ -115.284796322190999, 36.332004275750997 ], [ -115.285342832999007, 36.332024016485697 ], [ -115.286286827558001, 36.332058109105901 ], [ -115.286481151152998, 36.332065126118998 ], [ -115.287468692767007, 36.332100787528901 ], [ -115.287604675094002, 36.332112921698602 ], [ -115.287604422529995, 36.3323978396486 ], [ -115.287601152519997, 36.336080346812999 ], [ -115.286293040418002, 36.336068202748898 ], [ -115.284064778900998, 36.336047482693402 ], [ -115.284074684719002, 36.335133180207301 ], [ -115.284078535568, 36.334757499141702 ], [ -115.284082261959, 36.334393957845897 ], [ -115.284084826487998, 36.334143709556798 ], [ -115.284088490675998, 36.3337617533196 ], [ -115.283274069277994, 36.333726179659401 ], [ -115.282955312292003, 36.3337121951865 ], [ -115.282955412847002, 36.333703121453297 ], [ -115.282959933266994, 36.333294541166403 ], [ -115.282969297964996, 36.332448099055 ], [ -115.282970221976001, 36.332364084974003 ], [ -115.282971159026005, 36.332279575225897 ] ] ] } },
{ "type": "Feature", "properties": { "FID": 47, "LIVE_CLV_L": 2254324.66467029, "PERIMETER": 6866.6662934799997, "CNTY_IS": 57, "SYMBOL": 0, "ACRES": 51.7521732, "SQ_MILES": 0.08086277, "SHAPE_AREA": 2254324.6646699999, "SHAPE_LEN": 6866.6662934799997, "Shape__Area": 323293.78515625, "Shape__Length": 2601.5616148848944 }, "geometry": { "type": "Polygon", "coordinates": [ [ [ -115.260205033720993, 36.316402102727899 ], [ -115.260195488367003, 36.315458010682903 ], [ -115.261363221527006, 36.315474220989501 ], [ -115.261355309302999, 36.314400412234498 ], [ -115.262390889515999, 36.314417428104903 ], [ -115.262470774633002, 36.314416741278997 ], [ -115.262465210011996, 36.313597910459499 ], [ -115.263647725891005, 36.313619897200702 ], [ -115.263662827979005, 36.315507088308699 ], [ -115.264804267989007, 36.315523636312399 ], [ -115.264813597040998, 36.316380168947099 ], [ -115.264824181505006, 36.317351905386097 ], [ -115.264824692573001, 36.3174343280673 ], [ -115.264825251824007, 36.317524069203699 ], [ -115.264830490280005, 36.318363430437302 ], [ -115.264836436690999, 36.319316218478399 ], [ -115.264721840248995, 36.319315237132798 ], [ -115.262544941542004, 36.319309405965399 ], [ -115.262415533758997, 36.319308202405601 ], [ -115.261482906008993, 36.319299479767103 ], [ -115.261371505122, 36.319298437119699 ], [ -115.260395376836001, 36.319289305823403 ], [ -115.260225632260003, 36.319287720530497 ], [ -115.260211238826002, 36.3174593673102 ], [ -115.260214935335, 36.317381336175302 ], [ -115.260205033720993, 36.316402102727899 ] ] ] } },
{ "type": "Feature", "properties": { "FID": 48, "LIVE_CLV_L": 5353279.0291073201, "PERIMETER": 10943.23047918, "CNTY_IS": 57, "SYMBOL": 0, "ACRES": 122.89437624, "SQ_MILES": 0.19202246, "SHAPE_AREA": 5353279.0291099995, "SHAPE_LEN": 10943.2304792, "Shape__Area": 767699.98046875, "Shape__Length": 4144.5160919114196 }, "geometry": { "type": "Polygon", "coordinates": [ [ [ -115.224498318193994, 36.315436001928099 ], [ -115.224454223083995, 36.3144775551186 ], [ -115.225580552829996, 36.3145078071067 ], [ -115.226693519700007, 36.314547868526297 ], [ -115.226607169299001, 36.312614163702101 ], [ -115.232199271415993, 36.312776338530199 ], [ -115.233310836052993, 36.3128189749048 ], [ -115.233381056111, 36.314788354422902 ], [ -115.23341332967, 36.315906113740603 ], [ -115.233438669109006, 36.316783671896403 ], [ -115.233467079888001, 36.317767791676602 ], [ -115.233495472146004, 36.3187512082445 ], [ -115.233523798937, 36.319731965705699 ], [ -115.233529930260005, 36.320730062486703 ], [ -115.229146256403993, 36.320480470171702 ], [ -115.229117560309007, 36.319482649786302 ], [ -115.229092455374996, 36.3186093684551 ], [ -115.229090078558997, 36.3185267148815 ], [ -115.227981077384001, 36.3184761515883 ], [ -115.227977800119007, 36.318393395275798 ], [ -115.227976629265996, 36.318366732205703 ], [ -115.227939031738998, 36.317508675486302 ], [ -115.227938524196006, 36.317497080028403 ], [ -115.227896555894006, 36.316617521173299 ], [ -115.227892905643003, 36.316540910392703 ], [ -115.226780339087, 36.316492173020698 ], [ -115.224557626540999, 36.3163972070572 ], [ -115.224498318193994, 36.315436001928099 ] ] ] } },
{ "type": "Feature", "properties": { "FID": 49, "LIVE_CLV_L": 55403.977990320003, "PERIMETER": 1016.96699265, "CNTY_IS": 57, "SYMBOL": 0, "ACRES": 1.27190032, "SQ_MILES": 0.00198734, "SHAPE_AREA": 55403.977989500003, "SHAPE_LEN": 1016.96699265, "Shape__Area": 7944.03125, "Shape__Length": 385.40409331606827 }, "geometry": { "type": "Polygon", "coordinates": [ [ [ -115.274611282980004, 36.310007401053802 ], [ -115.274616571875995, 36.3090443112687 ], [ -115.274931433201999, 36.3090616352656 ], [ -115.275150588073998, 36.309073692559899 ], [ -115.275152202266995, 36.309945346166899 ], [ -115.275152360670006, 36.3100324285056 ], [ -115.274785396525004, 36.310015454604198 ], [ -115.274611282980004, 36.310007401053802 ] ] ] } },
{ "type": "Feature", "properties": { "FID": 50, "LIVE_CLV_L": 327255.22567705001, "PERIMETER": 2325.8669879300001, "CNTY_IS": 57, "SYMBOL": 0, "ACRES": 7.51274623, "SQ_MILES": 0.01173867, "SHAPE_AREA": 327255.225676, "SHAPE_LEN": 2325.8669879200002, "Shape__Area": 46922.5859375, "Shape__Length": 880.38255174916503 }, "geometry": { "type": "Polygon", "coordinates": [ [ [ -115.269379019818004, 36.309668531291102 ], [ -115.269377093206998, 36.3084464059176 ], [ -115.271295629451998, 36.308536373026399 ], [ -115.271693400155002, 36.308555022375998 ], [ -115.271693337659002, 36.309371036947297 ], [ -115.271692467509993, 36.309872314774502 ], [ -115.269847534798998, 36.3097869001598 ], [ -115.269379166731994, 36.309765211255403 ], [ -115.269379019818004, 36.309668531291102 ] ] ] } },
{ "type": "Feature", "properties": { "FID": 51, "LIVE_CLV_L": 133565.78276078001, "PERIMETER": 1591.01751786, "CNTY_IS": 57, "SYMBOL": 0, "ACRES": 3.06624846, "SQ_MILES": 0.00479101, "SHAPE_AREA": 133565.78276, "SHAPE_LEN": 1591.0175178699999, "Shape__Area": 19151.296875, "Shape__Length": 602.30907694472148 }, "geometry": { "type": "Polygon", "coordinates": [ [ [ -115.263259133126994, 36.309487765422503 ], [ -115.263257644947004, 36.309405051605601 ], [ -115.264043786352005, 36.309451319804097 ], [ -115.264768028090998, 36.309493940792201 ], [ -115.264764938867003, 36.309568991487602 ], [ -115.264769083193002, 36.310455451448199 ], [ -115.263965201743005, 36.310408143803997 ], [ -115.263963850525002, 36.3101196418067 ], [ -115.263569044609, 36.310096409711797 ], [ -115.263262365024005, 36.310078362082798 ], [ -115.263259133126994, 36.309487765422503 ] ] ] } },
{ "type": "Feature", "properties": { "FID": 52, "LIVE_CLV_L": 672436.10911422002, "PERIMETER": 3767.7677665900001, "CNTY_IS": 57, "SYMBOL": 0, "ACRES": 15.43700893, "SQ_MILES": 0.02412033, "SHAPE_AREA": 672436.10911199998, "SHAPE_LEN": 3767.7677665900001, "Shape__Area": 96419.19140625, "Shape__Length": 1427.6174768325882 }, "geometry": { "type": "Polygon", "coordinates": [ [ [ -115.260163136166994, 36.311416050802599 ], [ -115.260145421288001, 36.309221822523902 ], [ -115.262369888373996, 36.309352794999697 ], [ -115.262436509162001, 36.309356714127901 ], [ -115.262441752216006, 36.309802571761203 ], [ -115.262444428498995, 36.310030213468799 ], [ -115.262455381324003, 36.310960799949697 ], [ -115.262456281938, 36.312281872646203 ], [ -115.262458106554007, 36.312551322010002 ], [ -115.262458745591999, 36.312645390448402 ], [ -115.261327390697005, 36.312607711560901 ], [ -115.261325238425002, 36.312250991080802 ], [ -115.2613205806, 36.311536808259099 ], [ -115.261321115417005, 36.311486910734502 ], [ -115.261321465487995, 36.311454317148602 ], [ -115.260333518478006, 36.311421143820702 ], [ -115.260163136166994, 36.311416050802599 ] ] ] } },
{ "type": "Feature", "properties": { "FID": 53, "LIVE_CLV_L": 2953907.5692905998, "PERIMETER": 10502.093776809999, "CNTY_IS": 57, "SYMBOL": 0, "ACRES": 67.81238681000001, "SQ_MILES": 0.10595685, "SHAPE_AREA": 2953907.56929, "SHAPE_LEN": 10502.0937768, "Shape__Area": 423516.3203125, "Shape__Length": 3976.5583556658166 }, "geometry": { "type": "Polygon", "coordinates": [ [ [ -115.253414894323001, 36.308273307836203 ], [ -115.253414273969994, 36.308204607489699 ], [ -115.253312451601005, 36.308204488678498 ], [ -115.252310438627006, 36.3082033857482 ], [ -115.251308415726001, 36.308202274391803 ], [ -115.251240451269993, 36.308201783688901 ], [ -115.251172695044005, 36.3082012944271 ], [ -115.251163189676006, 36.307174786521202 ], [ -115.251144451030001, 36.3051370060629 ], [ -115.251279865461001, 36.3051367423408 ], [ -115.253386571806004, 36.3051325528671 ], [ -115.253387389124001, 36.305132551517602 ], [ -115.253387805955001, 36.305269911251997 ], [ -115.253387807806007, 36.305270000483098 ], [ -115.253393414646993, 36.305891623332101 ], [ -115.253395807339999, 36.306156804383399 ], [ -115.253463686795001, 36.3061569664602 ], [ -115.253497629387994, 36.3061568960782 ], [ -115.254008002118994, 36.3061558245642 ], [ -115.254518370395999, 36.306154751760403 ], [ -115.255028743132996, 36.306153675888702 ], [ -115.255315871087006, 36.306153069759503 ], [ -115.255468146205004, 36.306152747515803 ], [ -115.255539111418997, 36.3061525978259 ], [ -115.255640930306001, 36.306152381253597 ], [ -115.255742750292001, 36.306152168202601 ], [ -115.255838982607997, 36.3061519622904 ], [ -115.256758866835, 36.306150015516202 ], [ -115.256759405386006, 36.306150376595397 ], [ -115.256762308686007, 36.306559680713399 ], [ -115.256766089272006, 36.307092407564397 ], [ -115.256766669895001, 36.307174812566103 ], [ -115.257886704026006, 36.307173351431103 ], [ -115.257878904959995, 36.306208110580201 ], [ -115.257877915815001, 36.306147631537598 ], [ -115.257870311765998, 36.305260359329402 ], [ -115.257869143259001, 36.305123533803297 ], [ -115.260112210746996, 36.305118948034703 ], [ -115.260134675611994, 36.307902335888699 ], [ -115.260144658981005, 36.309139408054698 ], [ -115.260145421288001, 36.309221822523902 ], [ -115.259975624733997, 36.3092219311769 ], [ -115.257903996516006, 36.309223267667399 ], [ -115.257902052405001, 36.308992773519599 ], [ -115.257901486923004, 36.308925731687097 ], [ -115.257899669354003, 36.308710610887097 ], [ -115.257895352244006, 36.308197954090197 ], [ -115.257794107761995, 36.308198111051297 ], [ -115.257283162890005, 36.308198872678403 ], [ -115.256773676757007, 36.308199636106302 ], [ -115.256783047645996, 36.309140908010399 ], [ -115.256783872119996, 36.309223321761401 ], [ -115.253423467112995, 36.309223422786197 ], [ -115.253421759619002, 36.309034787066999 ], [ -115.253417870277005, 36.308603062093297 ], [ -115.253417418528997, 36.308553019467702 ], [ -115.253414894323001, 36.308273307836203 ] ] ] } },
{ "type": "Feature", "properties": { "FID": 54, "LIVE_CLV_L": 79754033.884358093, "PERIMETER": 70999.41665965, "CNTY_IS": 57, "SYMBOL": 0, "ACRES": 1830.9006860500001, "SQ_MILES": 2.86078232, "SHAPE_AREA": 79754033.884299994, "SHAPE_LEN": 70999.4166596, "Shape__Area": 11429973.1484375, "Shape__Length": 26882.056134636296 }, "geometry": { "type": "Polygon", "coordinates": [ [ [ -115.233310836052993, 36.3128189749048 ], [ -115.233235744438005, 36.309885019178601 ], [ -115.234360224273999, 36.3099090902898 ], [ -115.234337004452001, 36.308930003748898 ], [ -115.233210717158002, 36.308907369192902 ], [ -115.232085610878997, 36.308884745522803 ], [ -115.232054542834007, 36.307911539620399 ], [ -115.232043592929003, 36.307594619136999 ], [ -115.232043676252005, 36.307571078143702 ], [ -115.232026180326002, 36.307022961988899 ], [ -115.232027879333998, 36.306947052790001 ], [ -115.230890746279002, 36.306925968837298 ], [ -115.230958957636005, 36.308862079667399 ], [ -115.228699718646993, 36.308816599368903 ], [ -115.228559125935007, 36.3050741726762 ], [ -115.228576294950997, 36.303161754902099 ], [ -115.228600567948007, 36.301342459128598 ], [ -115.229721420797006, 36.301345779466601 ], [ -115.229731334931998, 36.300434592485502 ], [ -115.228612744231, 36.300431278984703 ], [ -115.228624819833996, 36.299527497858001 ], [ -115.228648512025998, 36.297835837650503 ], [ -115.228649491403999, 36.297619506880601 ], [ -115.228692126154996, 36.294106370156399 ], [ -115.228745895074994, 36.290486029766001 ], [ -115.227638236831993, 36.290487066044797 ], [ -115.226503866122002, 36.290489093879799 ], [ -115.224897345917, 36.290491048462499 ], [ -115.224901089647005, 36.290356507455598 ], [ -115.224923050258994, 36.2895688400436 ], [ -115.225080486449997, 36.289568060869001 ], [ -115.225186576884994, 36.289567535985199 ], [ -115.225304390448002, 36.289566953277998 ], [ -115.225404222975001, 36.289566459934797 ], [ -115.225528179776006, 36.289565844924503 ], [ -115.225639987045994, 36.289565290779898 ], [ -115.225716681701002, 36.289564910917797 ], [ -115.225852167911995, 36.289564239024003 ], [ -115.225965520448, 36.289563677478199 ], [ -115.225968808420006, 36.2893755930019 ], [ -115.225973224086005, 36.289123062607899 ], [ -115.225975901794996, 36.288969922336001 ], [ -115.225977232915994, 36.288893826246102 ], [ -115.225980083970995, 36.288730742717199 ], [ -115.225980488396004, 36.288642048534101 ], [ -115.225773807177006, 36.288641430683903 ], [ -115.225496930833003, 36.288640602433397 ], [ -115.225290703669003, 36.2886402654036 ], [ -115.224960792101001, 36.288639967473799 ], [ -115.224725167388002, 36.28863975406 ], [ -115.224560265052006, 36.288639603687699 ], [ -115.224493892208997, 36.288639543320599 ], [ -115.224324199470999, 36.288639394469897 ], [ -115.224368916220001, 36.286806953078298 ], [ -115.226576675746003, 36.286815804436898 ], [ -115.227683606995996, 36.286821246854103 ], [ -115.227680627802002, 36.2867368876176 ], [ -115.227692412452996, 36.285906197130799 ], [ -115.227334352216999, 36.285903662602102 ], [ -115.227392281716007, 36.2831513692539 ], [ -115.228872514757995, 36.283164418314101 ], [ -115.228907339629004, 36.281371113418501 ], [ -115.228942281249005, 36.279554014614497 ], [ -115.228840753067004, 36.2795537136966 ], [ -115.224619346742003, 36.279515159854803 ], [ -115.224481713336004, 36.279506482223503 ], [ -115.224558166220007, 36.275888871210597 ], [ -115.233519120286999, 36.2759697293477 ], [ -115.233575740776999, 36.274218538022502 ], [ -115.238010998316, 36.274302772936501 ], [ -115.238010581688997, 36.274334190273898 ], [ -115.238004681820001, 36.274776620354402 ], [ -115.237988184719001, 36.2760127307304 ], [ -115.239386867792007, 36.2760246116638 ], [ -115.240217214916001, 36.2760316564733 ], [ -115.242451177380005, 36.276050572756098 ], [ -115.242450550109993, 36.275913225279297 ], [ -115.242445522289998, 36.274816669677101 ], [ -115.242445286060999, 36.274766035219798 ], [ -115.242626123806005, 36.274772156490201 ], [ -115.243101073866995, 36.274813047681299 ], [ -115.243406064667994, 36.274839303960299 ], [ -115.243711045661001, 36.274865559433998 ], [ -115.243974000566993, 36.274888197926003 ], [ -115.244016036882996, 36.274891814159403 ], [ -115.244395377437996, 36.274924470621997 ], [ -115.244393328415995, 36.2744560427926 ], [ -115.244391255365002, 36.2739828741366 ], [ -115.244390151990999, 36.273730854769397 ], [ -115.245404392092993, 36.273793578801097 ], [ -115.245403296872993, 36.274633992130397 ], [ -115.245561376081, 36.2749697059471 ], [ -115.245588421235993, 36.275027157674202 ], [ -115.245799893897001, 36.275037686793603 ], [ -115.246070043385998, 36.2749978013169 ], [ -115.246111361066994, 36.275132316376698 ], [ -115.246917213087997, 36.275094956780201 ], [ -115.247025044707001, 36.275098594791402 ], [ -115.247024260008004, 36.274785876207403 ], [ -115.249297883164004, 36.274948061201997 ], [ -115.249404720666007, 36.2749548487635 ], [ -115.250779581101995, 36.275057685142897 ], [ -115.250779234649002, 36.274979282010797 ], [ -115.250775788737997, 36.2742144821568 ], [ -115.250964085554997, 36.274227984014203 ], [ -115.251121674817995, 36.2742381556777 ], [ -115.251118425998996, 36.275004964805198 ], [ -115.251118095348005, 36.275083005544701 ], [ -115.251598415673001, 36.275118920891103 ], [ -115.252773725216002, 36.275206814289398 ], [ -115.253887748251003, 36.275290111968701 ], [ -115.253892633600003, 36.2770361656194 ], [ -115.251605987267993, 36.276838908051097 ], [ -115.251470538625, 36.276827248262002 ], [ -115.250857340520994, 36.276774469663401 ], [ -115.250818207028999, 36.276771098235997 ], [ -115.250815488672998, 36.276905516242898 ], [ -115.250800041236005, 36.277534810215101 ], [ -115.250799495679999, 36.277637193829101 ], [ -115.250394994131, 36.277604776020098 ], [ -115.250381148681996, 36.2784693437778 ], [ -115.251428859718004, 36.278550532120597 ], [ -115.251564360735998, 36.278561038470798 ], [ -115.251554616060005, 36.278969876832399 ], [ -115.251545174393002, 36.2793762645314 ], [ -115.251533455480001, 36.279375425374099 ], [ -115.251446443323005, 36.279369192231897 ], [ -115.251407071301998, 36.279366372816497 ], [ -115.251071979409005, 36.279340999625497 ], [ -115.251053560285001, 36.280107098099101 ], [ -115.251044587010995, 36.280188815401303 ], [ -115.251095478137998, 36.280192463668797 ], [ -115.251386543162994, 36.280213328982803 ], [ -115.251522579530004, 36.280224530853801 ], [ -115.253776999845002, 36.280384360519797 ], [ -115.253782633927003, 36.2803151489423 ], [ -115.253837362262999, 36.278714077780997 ], [ -115.256094246599005, 36.278898386148803 ], [ -115.256039564944004, 36.280547270388098 ], [ -115.258315063389006, 36.2807101735186 ], [ -115.258394595107006, 36.279086194003298 ], [ -115.259536878538995, 36.2791794471107 ], [ -115.259519440985997, 36.279614753893298 ], [ -115.259504564327003, 36.279982480781101 ], [ -115.260001393012999, 36.280018443181 ], [ -115.260662001380993, 36.2800675265187 ], [ -115.260632976579004, 36.280788066348798 ], [ -115.260627272820003, 36.280875664127301 ], [ -115.260502977303005, 36.284130080844001 ], [ -115.255966782762997, 36.283866869148099 ], [ -115.255941876562005, 36.284712668967302 ], [ -115.255915025106006, 36.285546971157601 ], [ -115.255812948743994, 36.285542482658698 ], [ -115.252600767736993, 36.285401241331002 ], [ -115.252603174982994, 36.285318819949502 ], [ -115.252606931648998, 36.2851901812367 ], [ -115.252614547817004, 36.284929363872699 ], [ -115.252079449245997, 36.284904710950897 ], [ -115.252070406954999, 36.285250470533498 ], [ -115.252067078105, 36.2853777666081 ], [ -115.251532246859995, 36.285354238568502 ], [ -115.251396658374006, 36.285348472636798 ], [ -115.249987966106005, 36.285286764155401 ], [ -115.248713796082995, 36.285230940416596 ], [ -115.247850697771995, 36.2851928856279 ], [ -115.246975959365002, 36.285154314193598 ], [ -115.246874206876996, 36.285149827990203 ], [ -115.246872784280001, 36.285232272744103 ], [ -115.246843106943999, 36.286946005534801 ], [ -115.246841673134995, 36.287028450231901 ], [ -115.246821643933998, 36.2881826777963 ], [ -115.246783099184, 36.290402587085602 ], [ -115.246780259627002, 36.290566053346303 ], [ -115.246726186491998, 36.2905661174442 ], [ -115.242291292727003, 36.290516985857998 ], [ -115.242278120543006, 36.292343836803802 ], [ -115.242265152244997, 36.294141531530101 ], [ -115.242249424147005, 36.295997521291902 ], [ -115.242233840229005, 36.297835485400299 ], [ -115.242226542802996, 36.2987392461322 ], [ -115.243325024902006, 36.298737318872703 ], [ -115.243341072259, 36.297838657098602 ], [ -115.246396083907001, 36.297844304113603 ], [ -115.251212759877006, 36.297853049118103 ], [ -115.251175934854999, 36.301493849631598 ], [ -115.251144451030001, 36.3051370060629 ], [ -115.251005476944002, 36.305136430565199 ], [ -115.246660209561995, 36.305145822354703 ], [ -115.246538804235001, 36.305146059924503 ], [ -115.245842510521996, 36.305147419364999 ], [ -115.245844959007997, 36.305002988220103 ], [ -115.242438756211996, 36.3015752555619 ], [ -115.242204387116999, 36.301574587080097 ], [ -115.242196955463001, 36.302439898530203 ], [ -115.242190399750996, 36.3033290149856 ], [ -115.242183770153005, 36.3042375986008 ], [ -115.242177113373003, 36.305154924349601 ], [ -115.242210157588005, 36.309087938235599 ], [ -115.242210403632996, 36.309115815298497 ], [ -115.242243272311001, 36.313076738473498 ], [ -115.240025924026, 36.313012817061903 ], [ -115.237803012365006, 36.312948686134 ], [ -115.235572599861001, 36.312884302791197 ], [ -115.233310836052993, 36.3128189749048 ] ] ] } },
{ "type": "Feature", "properties": { "FID": 55, "LIVE_CLV_L": 1727833.00029686, "PERIMETER": 5761.8024993500003, "CNTY_IS": 57, "SYMBOL": 0, "ACRES": 39.6655877, "SQ_MILES": 0.06197748, "SHAPE_AREA": 1727833.0002900001, "SHAPE_LEN": 5761.8024993500003, "Shape__Area": 247634.5078125, "Shape__Length": 2181.6837823322621 }, "geometry": { "type": "Polygon", "coordinates": [ [ [ -115.251238908445004, 36.294205736549799 ], [ -115.251268774072003, 36.290560477965798 ], [ -115.253495807264997, 36.290573871038703 ], [ -115.254914506098004, 36.290582380676803 ], [ -115.254915237066996, 36.291226155783903 ], [ -115.255254602593993, 36.291227087409503 ], [ -115.255250457618999, 36.290584393474397 ], [ -115.255751964682005, 36.290587399764199 ], [ -115.255736322527, 36.292401042475298 ], [ -115.255720531734994, 36.294223354493099 ], [ -115.253303828700993, 36.294214988739597 ], [ -115.251375183888996, 36.294208278031 ], [ -115.251238908445004, 36.294205736549799 ] ] ] } },
{ "type": "Feature", "properties": { "FID": 56, "LIVE_CLV_L": 904269.47279297002, "PERIMETER": 4030.2071690399998, "CNTY_IS": 57, "SYMBOL": 0, "ACRES": 20.75917063, "SQ_MILES": 0.0324362, "SHAPE_AREA": 904269.47279000003, "SHAPE_LEN": 4030.2071690500002, "Shape__Area": 129607.76171875, "Shape__Length": 1524.6920362328497 }, "geometry": { "type": "Polygon", "coordinates": [ [ [ -115.282943324109993, 36.293579843146702 ], [ -115.283241125629999, 36.293580590935498 ], [ -115.283238514676, 36.294262032822097 ], [ -115.283229208707994, 36.295224057422899 ], [ -115.28322705942, 36.295446264265898 ], [ -115.282711952021998, 36.295443331741197 ], [ -115.282624683684006, 36.295441676561701 ], [ -115.279279732058995, 36.2954268317093 ], [ -115.279225411789994, 36.2954265899156 ], [ -115.278678181798995, 36.295423096854599 ], [ -115.278693938982997, 36.293581033913398 ], [ -115.279232573721004, 36.293581278447299 ], [ -115.280932184695999, 36.293583425944497 ], [ -115.282615800011001, 36.293579019867103 ], [ -115.282943324109993, 36.293579843146702 ] ] ] } },
{ "type": "Feature", "properties": { "FID": 57, "LIVE_CLV_L": 6782008.8473581802, "PERIMETER": 15033.724868359999, "CNTY_IS": 57, "SYMBOL": 0, "ACRES": 155.69349971, "SQ_MILES": 0.24327109, "SHAPE_AREA": 6782008.84736, "SHAPE_LEN": 15033.724868400001, "Shape__Area": 972011.94140625, "Shape__Length": 5693.8621618234611 }, "geometry": { "type": "Polygon", "coordinates": [ [ [ -115.305875609853004, 36.293804124862 ], [ -115.306010854660997, 36.293805679677497 ], [ -115.306485888191006, 36.293812551380697 ], [ -115.306718024467003, 36.2938159087347 ], [ -115.307000151888005, 36.293819988642802 ], [ -115.307003275777006, 36.293820033715903 ], [ -115.307004470679004, 36.293772914134699 ], [ -115.307004045016001, 36.2937373433708 ], [ -115.307004119072005, 36.293639312592198 ], [ -115.307004459010003, 36.293181120577998 ], [ -115.307004642707994, 36.292930133480503 ], [ -115.307004842262998, 36.292674648137002 ], [ -115.307005251470002, 36.292122922605401 ], [ -115.307005305356, 36.292053654200402 ], [ -115.307005357397003, 36.291985540325797 ], [ -115.307005676691006, 36.2918476366969 ], [ -115.307006065489006, 36.291585202899803 ], [ -115.307006515124996, 36.291281518688599 ], [ -115.307006874411002, 36.291047024384 ], [ -115.307007243656997, 36.290797074094201 ], [ -115.307008058798004, 36.290240698737698 ], [ -115.307009253705004, 36.290156932300597 ], [ -115.307227165800995, 36.2901586974669 ], [ -115.308119848290005, 36.2901659233464 ], [ -115.308120941926006, 36.289888747093798 ], [ -115.308126792658996, 36.288404325356296 ], [ -115.308127088603996, 36.288329241519797 ], [ -115.305887092228005, 36.288323433339798 ], [ -115.305887102650004, 36.288306652481197 ], [ -115.305888260855994, 36.286469974236802 ], [ -115.305885245881996, 36.285563712698703 ], [ -115.305885267744998, 36.285561624488899 ], [ -115.306029049488998, 36.285561793071302 ], [ -115.306834675317006, 36.285569593517501 ], [ -115.307012609905996, 36.285571315274503 ], [ -115.307014974184, 36.2864890125187 ], [ -115.309220409272996, 36.286511266803998 ], [ -115.309261509840994, 36.286511677361602 ], [ -115.309260034526005, 36.287918862105101 ], [ -115.309259597771998, 36.288345224820198 ], [ -115.310383298613999, 36.288361072740997 ], [ -115.311392089384995, 36.288371175369299 ], [ -115.311504044670002, 36.2883722960554 ], [ -115.312627748555997, 36.2883846241334 ], [ -115.313751514800003, 36.288394146931097 ], [ -115.313758772973998, 36.288394245310599 ], [ -115.313751463995999, 36.288396941678101 ], [ -115.313751191644997, 36.288479354780002 ], [ -115.3137483788, 36.289316491869201 ], [ -115.313745565928002, 36.290153602703903 ], [ -115.313745282423, 36.290236014855203 ], [ -115.313146336995999, 36.290228751504202 ], [ -115.312653592223, 36.290222772892498 ], [ -115.312622146305003, 36.2902223916644 ], [ -115.312620898004994, 36.290630803491801 ], [ -115.312620133194997, 36.290881202682897 ], [ -115.312618166145995, 36.2915250489296 ], [ -115.312617161787003, 36.291854123612303 ], [ -115.31261653272, 36.292060060364904 ], [ -115.312609030499999, 36.292984136062501 ], [ -115.312604237678997, 36.293574448861101 ], [ -115.312601686950998, 36.293888639852 ], [ -115.312627820035999, 36.293978051587501 ], [ -115.312628825480999, 36.294110795688603 ], [ -115.312629594843997, 36.294212296498699 ], [ -115.312631578920005, 36.294474269648198 ], [ -115.312632665427998, 36.294617712074299 ], [ -115.312634926765, 36.294915772043602 ], [ -115.312636374940993, 36.295106316887797 ], [ -115.312637914427995, 36.295309104871798 ], [ -115.312638683987004, 36.2954105524868 ], [ -115.312639045666998, 36.2954582948189 ], [ -115.312641146371007, 36.295734538086599 ], [ -115.312643606047999, 36.295988735132603 ], [ -115.312645656929007, 36.296265869625202 ], [ -115.312647355929997, 36.296495648451298 ], [ -115.312650001498994, 36.296853635052102 ], [ -115.312652082729002, 36.297135527410198 ], [ -115.312654055745995, 36.297402015799904 ], [ -115.312655309090999, 36.297571302625698 ], [ -115.311980209175005, 36.297562094402899 ], [ -115.311477553383995, 36.297555237563799 ], [ -115.310889468412995, 36.297547219613499 ], [ -115.310394042907006, 36.297540457612101 ], [ -115.310310479351998, 36.297558568135997 ], [ -115.310195487379005, 36.297557011264999 ], [ -115.310015493793998, 36.297554577479097 ], [ -115.309785597849995, 36.297551459655402 ], [ -115.309662319256006, 36.297549793184999 ], [ -115.309375707244001, 36.2975459156509 ], [ -115.309142037106994, 36.297542748285899 ], [ -115.309049397831004, 36.297541493027303 ], [ -115.308965805602, 36.297540361203303 ], [ -115.308672251949005, 36.297536391247803 ], [ -115.308555915130995, 36.297534814389003 ], [ -115.308366037396993, 36.297532240040901 ], [ -115.308271627929997, 36.297530960280604 ], [ -115.308254178332007, 36.297530445163297 ], [ -115.308213983358002, 36.2975301787341 ], [ -115.308137920712994, 36.297529148376903 ], [ -115.308073935644998, 36.297528280066999 ], [ -115.30806546318, 36.297529723332303 ], [ -115.308066624912996, 36.297533712350699 ], [ -115.308104325170007, 36.297663171901597 ], [ -115.308230194087002, 36.297949139922402 ], [ -115.308230107254005, 36.297952941304501 ], [ -115.308221353012001, 36.297952811205903 ], [ -115.308087830522993, 36.297950822118501 ], [ -115.308053746544999, 36.297950314641902 ], [ -115.307905330832995, 36.297948104495902 ], [ -115.307699071978007, 36.297945139852303 ], [ -115.307601494546006, 36.297943816207599 ], [ -115.307562761366, 36.297943204136502 ], [ -115.307565103314005, 36.297832364314502 ], [ -115.307566895381996, 36.297746471441997 ], [ -115.307568192041998, 36.2976842854899 ], [ -115.307569588988997, 36.297617331117301 ], [ -115.307572988085994, 36.297454455853803 ], [ -115.307441249487994, 36.297452648612897 ], [ -115.307346755566996, 36.297451354408501 ], [ -115.307180978730997, 36.297449080757602 ], [ -115.306993587465996, 36.297446508170701 ], [ -115.306807762663993, 36.297443964148798 ], [ -115.306622001357994, 36.297441414577399 ], [ -115.306433867519004, 36.297438835789698 ], [ -115.306216666558996, 36.2974358513613 ], [ -115.306059817700998, 36.297433696890003 ], [ -115.306032630399002, 36.297426882380101 ], [ -115.306024754790997, 36.297421690790202 ], [ -115.306018308467998, 36.297415330855998 ], [ -115.306013546613997, 36.297408055527001 ], [ -115.306010668588002, 36.297400162686799 ], [ -115.306009782949999, 36.2973924366975 ], [ -115.305873131981002, 36.297392261163502 ], [ -115.305869098773002, 36.2956428208091 ], [ -115.305875526669993, 36.293827616441199 ], [ -115.305875609853004, 36.293804124862 ] ] ] } },
{ "type": "Feature", "properties": { "FID": 58, "LIVE_CLV_L": 449730.01746056002, "PERIMETER": 3343.75196306, "CNTY_IS": 57, "SYMBOL": 0, "ACRES": 10.32438057, "SQ_MILES": 0.01613184, "SHAPE_AREA": 449730.01746100001, "SHAPE_LEN": 3343.75196306, "Shape__Area": 64464.65625, "Shape__Length": 1267.6164094452413 }, "geometry": { "type": "Polygon", "coordinates": [ [ [ -115.313768867747996, 36.2959169599158 ], [ -115.313768461251996, 36.295747422602098 ], [ -115.313868474277001, 36.295748769230102 ], [ -115.314077666314006, 36.2957515865236 ], [ -115.314176690720998, 36.295752919852198 ], [ -115.31425437275, 36.295753966232198 ], [ -115.314395737910999, 36.2957558687296 ], [ -115.314913002907005, 36.295762831699697 ], [ -115.314919338089993, 36.297598992662699 ], [ -115.314925684459993, 36.299435144074501 ], [ -115.314605921006006, 36.299430557521902 ], [ -115.313795472929002, 36.299418930024999 ], [ -115.313795096831001, 36.299388440817701 ], [ -115.313794685155003, 36.299355024186099 ], [ -115.313793961829006, 36.299296334175203 ], [ -115.313792238280996, 36.2991562017191 ], [ -115.313789887357004, 36.298965091679698 ], [ -115.313787369373998, 36.298760406239303 ], [ -115.313786199136999, 36.2986652766281 ], [ -115.313783672333997, 36.2984599224107 ], [ -115.313781733509003, 36.298302436281197 ], [ -115.313777786843005, 36.2979816398081 ], [ -115.313776336301004, 36.297863783876203 ], [ -115.313773830987998, 36.297648959070202 ], [ -115.313772557552994, 36.297458273209003 ], [ -115.313771437, 36.296990161355502 ], [ -115.313770746377998, 36.296704512914097 ], [ -115.313770242868998, 36.296491656460603 ], [ -115.313769948681994, 36.296370054698201 ], [ -115.313769549316007, 36.296202976095202 ], [ -115.313768867747996, 36.2959169599158 ] ] ] } },
{ "type": "Feature", "properties": { "FID": 59, "LIVE_CLV_L": 453589.05786026001, "PERIMETER": 3355.1182059500002, "CNTY_IS": 57, "SYMBOL": 0, "ACRES": 10.41297194, "SQ_MILES": 0.01627027, "SHAPE_AREA": 453589.05786100001, "SHAPE_LEN": 3355.1182059500002, "Shape__Area": 64993.44921875, "Shape__Length": 1271.6791871604337 }, "geometry": { "type": "Polygon", "coordinates": [ [ [ -115.320163500133006, 36.2809811457725 ], [ -115.320737773638996, 36.280973782952898 ], [ -115.320737594972996, 36.281003858233397 ], [ -115.320736572290997, 36.281173243219698 ], [ -115.320734995774004, 36.281434186988697 ], [ -115.320732223446001, 36.281892923635503 ], [ -115.320726661560997, 36.282812172304098 ], [ -115.320721099660005, 36.283731366754097 ], [ -115.320716206284999, 36.284540678688103 ], [ -115.320715548693002, 36.284650561086202 ], [ -115.319666648410006, 36.284664962631297 ], [ -115.319564873505001, 36.284666360482099 ], [ -115.319569348818007, 36.283979200665897 ], [ -115.319570861890995, 36.283746896812701 ], [ -115.319582163915001, 36.282012380686403 ], [ -115.319582847532999, 36.281908455758099 ], [ -115.319585843032002, 36.281448250559798 ], [ -115.319587526182005, 36.281189505267903 ], [ -115.319588836902, 36.280988513987403 ], [ -115.320163500133006, 36.2809811457725 ] ] ] } },
{ "type": "Feature", "properties": { "FID": 60, "LIVE_CLV_L": 226853.43576928001, "PERIMETER": 2016.0836109899999, "CNTY_IS": 57, "SYMBOL": 0, "ACRES": 5.20783829, "SQ_MILES": 0.00813725, "SHAPE_AREA": 226853.435768, "SHAPE_LEN": 2016.0836109899999, "Shape__Area": 32507.43359375, "Shape__Length": 763.727234104594 }, "geometry": { "type": "Polygon", "coordinates": [ [ [ -115.323016897914002, 36.284618920058897 ], [ -115.324167571944997, 36.284603078427402 ], [ -115.324166902605, 36.284747605063103 ], [ -115.324159060208999, 36.286439949608003 ], [ -115.323519768181995, 36.286448979265501 ], [ -115.323007511743, 36.286456212799102 ], [ -115.323010030337997, 36.285962704564298 ], [ -115.323012133922006, 36.285550562776201 ], [ -115.323014288950006, 36.285129624596301 ], [ -115.323016897914002, 36.284618920058897 ] ] ] } },
{ "type": "Feature", "properties": { "FID": 61, "LIVE_CLV_L": 245892.43439193, "PERIMETER": 2070.76381485, "CNTY_IS": 57, "SYMBOL": 0, "ACRES": 5.64491355, "SQ_MILES": 0.00882018, "SHAPE_AREA": 245892.434392, "SHAPE_LEN": 2070.76381485, "Shape__Area": 35229.11328125, "Shape__Length": 784.29915881385705 }, "geometry": { "type": "Polygon", "coordinates": [ [ [ -115.313772588034993, 36.277466849898602 ], [ -115.313771891762997, 36.277358559637698 ], [ -115.313796535625002, 36.277358687285997 ], [ -115.314798354893995, 36.277364030617299 ], [ -115.315024022021007, 36.2773652329196 ], [ -115.315019847471007, 36.277772568389999 ], [ -115.315005153852994, 36.279206336065698 ], [ -115.313750682846006, 36.279175845466199 ], [ -115.313750972955006, 36.279091477401998 ], [ -115.313756133549006, 36.278703629051499 ], [ -115.313772588034993, 36.277466849898602 ] ] ] } },
{ "type": "Feature", "properties": { "FID": 62, "LIVE_CLV_L": 219132.38579174, "PERIMETER": 1985.3241081199999, "CNTY_IS": 57, "SYMBOL": 0, "ACRES": 5.03058737, "SQ_MILES": 0.00786029, "SHAPE_AREA": 219132.38579299999, "SHAPE_LEN": 1985.3241081199999, "Shape__Area": 31398.05859375, "Shape__Length": 752.05307495799741 }, "geometry": { "type": "Polygon", "coordinates": [ [ [ -115.305890549810002, 36.282800942126698 ], [ -115.305891638104995, 36.280983729643303 ], [ -115.307016630559005, 36.280988587567798 ], [ -115.307016871892998, 36.281074867512899 ], [ -115.307016025131006, 36.281491951075097 ], [ -115.307015178344997, 36.281909034608098 ], [ -115.307010436802003, 36.282319403602102 ], [ -115.307007540821004, 36.282569994624303 ], [ -115.307005695228, 36.282729763554798 ], [ -115.307004736805993, 36.282812174218897 ], [ -115.305890549810002, 36.282800942126698 ] ] ] } },
{ "type": "Feature", "properties": { "FID": 63, "LIVE_CLV_L": 183806719.36051199, "PERIMETER": 151194.54570394999, "CNTY_IS": 57, "SYMBOL": 0, "ACRES": 4219.6216565799996, "SQ_MILES": 6.59315884, "SHAPE_AREA": 183806719.361, "SHAPE_LEN": 151194.54570399999, "Shape__Area": 26318670.16015625, "Shape__Length": 57226.754600284083 }, "geometry": { "type": "Polygon", "coordinates": [ [ [ -115.290113053013997, 36.279109010977301 ], [ -115.290112321063006, 36.279011260136599 ], [ -115.290113032262994, 36.2789952137177 ], [ -115.290112192882006, 36.278993448759202 ], [ -115.290112253366004, 36.278906145675997 ], [ -115.290112323488003, 36.278804360873899 ], [ -115.290113188354994, 36.278804965949803 ], [ -115.290113447284995, 36.278224117863303 ], [ -115.290113857060007, 36.277294877241701 ], [ -115.290114681057005, 36.277213841694902 ], [ -115.290121641726998, 36.276783044852003 ], [ -115.290158745634997, 36.275987106583102 ], [ -115.290181799457002, 36.275492450226899 ], [ -115.289072102495993, 36.275496993740298 ], [ -115.289069899666998, 36.2754970027406 ], [ -115.289069703486007, 36.275548090349297 ], [ -115.289068423584993, 36.275575337366497 ], [ -115.289060315167006, 36.2757481331276 ], [ -115.289049114329003, 36.275986823681002 ], [ -115.289029805159998, 36.276398228848699 ], [ -115.288986544183999, 36.277292282748498 ], [ -115.288986170498006, 36.277299906645702 ], [ -115.288969903229003, 36.277299979265699 ], [ -115.288920095151994, 36.277300201845499 ], [ -115.288264383034999, 36.277303130026098 ], [ -115.287858828916995, 36.277304928971802 ], [ -115.287860563948001, 36.277301761659302 ], [ -115.287858836341996, 36.277301777218902 ], [ -115.287901252032995, 36.276402097688702 ], [ -115.287922175456004, 36.275962648908099 ], [ -115.287945432708995, 36.275497510395802 ], [ -115.287291564350994, 36.275499579811999 ], [ -115.287309276670001, 36.274968057490398 ], [ -115.287326709504001, 36.274596006729098 ], [ -115.287264899148994, 36.274596394493301 ], [ -115.286829765677993, 36.274599101846697 ], [ -115.286844676608993, 36.274188100618801 ], [ -115.286859554621998, 36.273785760570803 ], [ -115.286859865428994, 36.2737035556762 ], [ -115.288029041596999, 36.273684430083598 ], [ -115.288093016434999, 36.271885063224097 ], [ -115.286909437884006, 36.271899440118503 ], [ -115.285867428372995, 36.271906662459003 ], [ -115.285760598804998, 36.271907402528697 ], [ -115.284561016804005, 36.2719152361623 ], [ -115.283446898329998, 36.271927589219104 ], [ -115.283448854689993, 36.2718229015234 ], [ -115.283449970014004, 36.271807458195603 ], [ -115.283346677853999, 36.2718061428521 ], [ -115.282938147823998, 36.2715276036242 ], [ -115.282821318017994, 36.271447934453597 ], [ -115.282633120724, 36.271449669557903 ], [ -115.282620554214006, 36.2714497821663 ], [ -115.282621334189002, 36.271504708089203 ], [ -115.282625688812004, 36.2718108142153 ], [ -115.282626287754994, 36.271852867609198 ], [ -115.282627447595004, 36.271935286204503 ], [ -115.282283143681994, 36.271938518132799 ], [ -115.281111826968996, 36.2719476681308 ], [ -115.281129431401993, 36.270152135233197 ], [ -115.279969907852006, 36.270166504289001 ], [ -115.278807468354003, 36.270172139305402 ], [ -115.276494543170003, 36.270188976016897 ], [ -115.274217639358, 36.270204202748197 ], [ -115.269767909063006, 36.270237493901703 ], [ -115.269751024193994, 36.26661052267 ], [ -115.274182448708004, 36.266595011661103 ], [ -115.278744117486994, 36.266580821853502 ], [ -115.278733073645, 36.264778716625202 ], [ -115.279950835893004, 36.264738604315497 ], [ -115.279951137105002, 36.264660725451201 ], [ -115.279949888499004, 36.264292953953699 ], [ -115.279948757013997, 36.263894899709598 ], [ -115.279950296530004, 36.263496843201203 ], [ -115.279951894573003, 36.263083645301997 ], [ -115.279953182181004, 36.262980920613899 ], [ -115.279953616021999, 36.262946438721002 ], [ -115.278721421092001, 36.262982670415497 ], [ -115.278751089373003, 36.262071078140799 ], [ -115.278785261004003, 36.261149378505401 ], [ -115.278816038510996, 36.2602474892429 ], [ -115.278846185674993, 36.2593271670329 ], [ -115.278876345881997, 36.258409016793102 ], [ -115.278900459501003, 36.257497412342403 ], [ -115.280096146947997, 36.257481486539803 ], [ -115.280098279382997, 36.257399069764404 ], [ -115.280119621382994, 36.2565731426889 ], [ -115.279629666042993, 36.2565769378743 ], [ -115.279619528980007, 36.256990745431203 ], [ -115.279088514425993, 36.256995722967297 ], [ -115.278916934397998, 36.256997043928301 ], [ -115.278930595128003, 36.256582344125299 ], [ -115.278955275314999, 36.2556620344442 ], [ -115.278982502152004, 36.254747715605497 ], [ -115.279008396118002, 36.2538354481513 ], [ -115.279034317755006, 36.252910130057799 ], [ -115.279058791376002, 36.251999354825301 ], [ -115.275542234727993, 36.251925700394601 ], [ -115.274358136974996, 36.251899241543597 ], [ -115.272639788060999, 36.251863498353003 ], [ -115.27264275812, 36.251782236565496 ], [ -115.272653549053004, 36.251046493045898 ], [ -115.273714334043007, 36.2510721359101 ], [ -115.273816066693996, 36.251073678998701 ], [ -115.273839422929001, 36.250060464753098 ], [ -115.273991793736002, 36.250064132326102 ], [ -115.274024929418005, 36.250065008432301 ], [ -115.274476661559007, 36.250076951328502 ], [ -115.274492271461, 36.250077361155903 ], [ -115.275007621594995, 36.250090984034799 ], [ -115.275028138105995, 36.250091523605299 ], [ -115.275028125739993, 36.250091839022303 ], [ -115.275027339068998, 36.250119308080698 ], [ -115.276197615892997, 36.250147725618497 ], [ -115.276198402153994, 36.250120256550602 ], [ -115.276209453619998, 36.249735851027197 ], [ -115.276210302736999, 36.249706534489697 ], [ -115.276213291887998, 36.249602362926197 ], [ -115.276220646829003, 36.249346470762497 ], [ -115.276222023702005, 36.249298868555996 ], [ -115.276229751691005, 36.249030088996101 ], [ -115.276230744312002, 36.248995374140897 ], [ -115.276238845340004, 36.248713708084601 ], [ -115.276239475970002, 36.2486918806392 ], [ -115.276248196428, 36.248388386191301 ], [ -115.276248222736996, 36.248387349783798 ], [ -115.276253928621998, 36.248251133756199 ], [ -115.276190501586996, 36.248249405396898 ], [ -115.275668623043003, 36.248235174197298 ], [ -115.275650783901995, 36.248158631951597 ], [ -115.275636385235003, 36.248096852548798 ], [ -115.275637274871002, 36.247736521116202 ], [ -115.275637526020006, 36.247629881990001 ], [ -115.275637663622007, 36.247574913109801 ], [ -115.275638087955997, 36.247395712150997 ], [ -115.275638445140004, 36.247253507771397 ], [ -115.275638934371003, 36.247054911363598 ], [ -115.275639226674002, 36.246932094304299 ], [ -115.27563975855, 36.246714101486802 ], [ -115.275640019286001, 36.246610688959898 ], [ -115.275640586020998, 36.246376420853302 ], [ -115.275640593801995, 36.246373300631902 ], [ -115.275640856107003, 36.2462666479909 ], [ -115.275641429063995, 36.2460324925473 ], [ -115.275641586662999, 36.245967877272001 ], [ -115.275642260956005, 36.245691688039699 ], [ -115.275642371445997, 36.245646470053103 ], [ -115.275643093946002, 36.245350882614296 ], [ -115.275643157325007, 36.245325062819703 ], [ -115.275643928031002, 36.245010077172303 ], [ -115.275643943188001, 36.245003655569001 ], [ -115.275644759507998, 36.2446693645363 ], [ -115.275648610003998, 36.244573798765202 ], [ -115.275553211814994, 36.244570945057603 ], [ -115.274486857466997, 36.244539044878202 ], [ -115.274476673088998, 36.244538847341701 ], [ -115.274476594394997, 36.244556020188099 ], [ -115.274476291255993, 36.244629671364102 ], [ -115.274476254408995, 36.244638470496398 ], [ -115.274470952243007, 36.245921810877398 ], [ -115.274469187376994, 36.246349119879198 ], [ -115.274469098552004, 36.246371976184101 ], [ -115.274469056995997, 36.246379709084003 ], [ -115.274467124400999, 36.246848218863001 ], [ -115.274465367098003, 36.247274999666203 ], [ -115.274462103139001, 36.248064841146302 ], [ -115.274462098244996, 36.248066084903698 ], [ -115.274461528982997, 36.248202258226101 ], [ -115.273877535878995, 36.2481863374569 ], [ -115.273874838992, 36.248323136165403 ], [ -115.273854305365006, 36.249364663692504 ], [ -115.273853118885, 36.249424851868298 ], [ -115.273848007197003, 36.2496841420962 ], [ -115.273847950453003, 36.2496841410481 ], [ -115.273847840301997, 36.249684138960603 ], [ -115.273839479943007, 36.249688782368601 ], [ -115.273746257531997, 36.249687368580702 ], [ -115.272665470205993, 36.2496541123325 ], [ -115.272672523626994, 36.249199018194801 ], [ -115.272675926893001, 36.248294227739301 ], [ -115.272676931172995, 36.248158568393897 ], [ -115.272115914725006, 36.2481429600629 ], [ -115.269761211893993, 36.248078759414902 ], [ -115.269759318206994, 36.249931325951202 ], [ -115.269754019090001, 36.2518061716898 ], [ -115.267432047187, 36.251758170768099 ], [ -115.267411224764004, 36.248151537837202 ], [ -115.267411262202998, 36.248150806094699 ], [ -115.267411257578004, 36.248143109130503 ], [ -115.267411285435003, 36.248135359076301 ], [ -115.267411339237, 36.2481203339388 ], [ -115.267411678612007, 36.248026620386803 ], [ -115.267411909331003, 36.248016295002998 ], [ -115.267411715745993, 36.248016289083999 ], [ -115.267411732414004, 36.248011595248997 ], [ -115.267649901637, 36.248017871420799 ], [ -115.269761216305, 36.248074034903503 ], [ -115.269760638432004, 36.247838232642401 ], [ -115.269764168181993, 36.247549617867598 ], [ -115.269632488517004, 36.247548717447899 ], [ -115.268574759141998, 36.247519729803201 ], [ -115.268574847742997, 36.2475087343891 ], [ -115.268577483062998, 36.247190082948102 ], [ -115.268577934948993, 36.247135664692401 ], [ -115.268580563450001, 36.246871424549603 ], [ -115.268581760068997, 36.246750600841402 ], [ -115.268583732783995, 36.246552774479497 ], [ -115.268585583076998, 36.246366050691002 ], [ -115.268586902118003, 36.246234115379501 ], [ -115.268589417157003, 36.245981501446103 ], [ -115.268590071380004, 36.245915465274997 ], [ -115.268593240602996, 36.245596816054601 ], [ -115.268943546548002, 36.245606416522598 ], [ -115.269077841039007, 36.245610095105903 ], [ -115.269289757324003, 36.245615906073702 ], [ -115.269652534987998, 36.245625852653802 ], [ -115.269787394665997, 36.245626773997003 ], [ -115.269790464769002, 36.245334224711002 ], [ -115.269793525932997, 36.245042234182598 ], [ -115.269799953645006, 36.244430242906702 ], [ -115.267969187682993, 36.244388420541902 ], [ -115.267442830255007, 36.244376391305003 ], [ -115.266878726773001, 36.244363490216401 ], [ -115.265099105464003, 36.244322787577602 ], [ -115.265099105624998, 36.244322747921601 ], [ -115.262853971241, 36.244270689122999 ], [ -115.262727581850001, 36.244268519070403 ], [ -115.262713003442002, 36.2451708822272 ], [ -115.262712986186003, 36.245175651769401 ], [ -115.262611271842005, 36.245173738790797 ], [ -115.261912377474999, 36.245160633092503 ], [ -115.261586465755997, 36.245156260027301 ], [ -115.261239183319006, 36.245145384366502 ], [ -115.260535901154, 36.245127950682601 ], [ -115.260366949757994, 36.245123763378402 ], [ -115.260369749801001, 36.244218746033802 ], [ -115.260380296229002, 36.241487502911703 ], [ -115.260547706577995, 36.2414911632791 ], [ -115.261552101899994, 36.241517284314 ], [ -115.261553342281999, 36.2407314749262 ], [ -115.261554795343002, 36.240594114229403 ], [ -115.262728905550006, 36.240623385558997 ], [ -115.262731722251999, 36.240530298637601 ], [ -115.262731787766, 36.240487010168202 ], [ -115.262777203270005, 36.238770355142201 ], [ -115.262806786349003, 36.2378377480699 ], [ -115.262945076677994, 36.237840928681599 ], [ -115.263001698739004, 36.237842579131801 ], [ -115.263479093987996, 36.237856498682604 ], [ -115.263511565488002, 36.237857441708599 ], [ -115.263524289146005, 36.237473266498299 ], [ -115.262958538442007, 36.237456494141 ], [ -115.262818981655002, 36.237453300239402 ], [ -115.262833373155999, 36.236999578368 ], [ -115.262838846565003, 36.236915150830399 ], [ -115.265152014177005, 36.236986858173601 ], [ -115.266327305835006, 36.237021613085098 ], [ -115.267521289257999, 36.237056360730001 ], [ -115.269711603274999, 36.237123634953697 ], [ -115.269852922325001, 36.237125366253103 ], [ -115.269881152755005, 36.236201567996702 ], [ -115.269884813729007, 36.235284446831898 ], [ -115.271028459462997, 36.235320469598001 ], [ -115.272177010296005, 36.235357323372703 ], [ -115.273325563724995, 36.235396338226103 ], [ -115.274500819422997, 36.235432346616697 ], [ -115.275660069129003, 36.2354678426505 ], [ -115.275665520152998, 36.235385578399502 ], [ -115.275666120891998, 36.234956828941101 ], [ -115.275669813529007, 36.233645196048897 ], [ -115.276786025080995, 36.2336844189348 ], [ -115.276822209496004, 36.233685683307797 ], [ -115.279118807223, 36.233766351339703 ], [ -115.281448182998005, 36.233756961054297 ], [ -115.281448180362005, 36.233758225550403 ], [ -115.281448006434999, 36.233875816661701 ], [ -115.281447975882003, 36.233889552167298 ], [ -115.281446785274994, 36.234659382555101 ], [ -115.281442611380001, 36.235311002725801 ], [ -115.281442400326, 36.235344196509999 ], [ -115.281441456671999, 36.235492707825003 ], [ -115.281440940476998, 36.2355719925378 ], [ -115.281530978423007, 36.235571516690001 ], [ -115.281755278884006, 36.235570342797502 ], [ -115.282599375776996, 36.235565924141902 ], [ -115.282599529517, 36.236251993238398 ], [ -115.282599587584997, 36.236434359312298 ], [ -115.282599596954995, 36.236475484951796 ], [ -115.282599624390002, 36.236604847297798 ], [ -115.282599711, 36.236948236926999 ], [ -115.282599788892995, 36.2373026140734 ], [ -115.28259980704, 36.237385018557099 ], [ -115.282600459500003, 36.237467380471202 ], [ -115.282600401059, 36.237886396458798 ], [ -115.282600343110005, 36.238293660572197 ], [ -115.282602919124002, 36.238698750170698 ], [ -115.282604440664002, 36.2391119125977 ], [ -115.282604775077999, 36.239201789497301 ], [ -115.282605082442998, 36.239284204596103 ], [ -115.282606604812997, 36.239697150676598 ], [ -115.282608137484004, 36.240110312161399 ], [ -115.283134149983994, 36.240106225495197 ], [ -115.283660507378002, 36.240102128367198 ], [ -115.283754690281995, 36.240101399867498 ], [ -115.283751482002003, 36.241009238988298 ], [ -115.283757968646995, 36.241009183128497 ], [ -115.284819530237002, 36.241000198322801 ], [ -115.284899029966994, 36.2409995251192 ], [ -115.286024169344998, 36.240989987903603 ], [ -115.286032945401004, 36.241913133550902 ], [ -115.286321415339003, 36.241909442784397 ], [ -115.286607547551, 36.241905781575703 ], [ -115.286734156663002, 36.241904644462302 ], [ -115.287029608775001, 36.241901969723003 ], [ -115.287182131405004, 36.241900598889302 ], [ -115.287199244617995, 36.241020102149797 ], [ -115.287200023362004, 36.240980006852503 ], [ -115.287204573604996, 36.2400745232218 ], [ -115.286035812452994, 36.240083638715703 ], [ -115.286047432927006, 36.23917906306 ], [ -115.286047455117, 36.2391773164263 ], [ -115.284903477819, 36.239185464018497 ], [ -115.284905709434994, 36.2382763603269 ], [ -115.284907296658005, 36.237632780511603 ], [ -115.284948823011007, 36.237371211453997 ], [ -115.285150677586998, 36.237370000461603 ], [ -115.285510542598004, 36.237367839651803 ], [ -115.286036153721, 36.237364681928803 ], [ -115.286062318014004, 36.237364524324001 ], [ -115.286154966121003, 36.2373639640617 ], [ -115.287217978178006, 36.237357567979402 ], [ -115.287218391446004, 36.237275124896797 ], [ -115.287220460708994, 36.2368627193026 ], [ -115.286844213853001, 36.236864842863199 ], [ -115.286693206001004, 36.236865694298999 ], [ -115.286693716906996, 36.2367431208543 ], [ -115.286694904068995, 36.236458031232601 ], [ -115.287222507389998, 36.236455112063702 ], [ -115.287734415884998, 36.236452277071002 ], [ -115.288246314345997, 36.236449439863101 ], [ -115.288382314093994, 36.236448684659997 ], [ -115.288518357228, 36.236447929409302 ], [ -115.289074724463006, 36.236444837710998 ], [ -115.289534332838997, 36.236442280965797 ], [ -115.289627364626, 36.236441761314602 ], [ -115.290059481751001, 36.236439360383102 ], [ -115.290180004730004, 36.236438691378098 ], [ -115.290584630639003, 36.2364364374952 ], [ -115.290686351473994, 36.236435866178198 ], [ -115.290681848215002, 36.2368471303284 ], [ -115.290677344323001, 36.237258547666897 ], [ -115.290676445629998, 36.237341463657799 ], [ -115.291826176471005, 36.237334500569602 ], [ -115.291814247008006, 36.2382372630709 ], [ -115.291872961446003, 36.238236860844097 ], [ -115.292961457635002, 36.2382293906889 ], [ -115.292975907184001, 36.237327526431898 ], [ -115.294126127284002, 36.237320542428002 ], [ -115.295174636249996, 36.2373141676701 ], [ -115.295276358381003, 36.237313547391899 ], [ -115.295277221573002, 36.237272342730101 ], [ -115.295295243417996, 36.236414424232798 ], [ -115.295396974615997, 36.236414047218297 ], [ -115.296447776536994, 36.236410118289697 ], [ -115.296428525872997, 36.237224141470499 ], [ -115.296426578223006, 36.237306541270101 ], [ -115.297576797968006, 36.2372995150766 ], [ -115.297600977149997, 36.236405793825 ], [ -115.297619851769994, 36.235499081261104 ], [ -115.297646731268998, 36.234596704826401 ], [ -115.297671703057006, 36.233689492803798 ], [ -115.299537258033993, 36.233624542384298 ], [ -115.299874840987997, 36.233612922923697 ], [ -115.300980677506999, 36.233570788855303 ], [ -115.302081778429994, 36.233533536424702 ], [ -115.302049346794007, 36.235344939226202 ], [ -115.302032092972993, 36.2362544954767 ], [ -115.302014849806994, 36.237164051610499 ], [ -115.303091678081003, 36.237130599447298 ], [ -115.304208560264001, 36.237099340049198 ], [ -115.305296067209994, 36.237065874928398 ], [ -115.305321387947004, 36.237065124414698 ], [ -115.305319902913993, 36.237142991090401 ], [ -115.305290174996998, 36.238717867832399 ], [ -115.305287242896, 36.238873205563003 ], [ -115.306389301029, 36.238840293434201 ], [ -115.307300940399998, 36.238816280998599 ], [ -115.307492963556996, 36.2388112224357 ], [ -115.307527210447006, 36.236994201825901 ], [ -115.306602306580999, 36.237022252855297 ], [ -115.306423753792004, 36.237027665639097 ], [ -115.306460784410007, 36.235189535970399 ], [ -115.307572332275996, 36.235145254248302 ], [ -115.307606330354005, 36.233333006032403 ], [ -115.308703080925994, 36.233297286914599 ], [ -115.310909819231995, 36.233219007893503 ], [ -115.312044376952002, 36.2331777832838 ], [ -115.313178933518003, 36.233136556923299 ], [ -115.315383967407996, 36.233056397954698 ], [ -115.315445027036006, 36.233051226107598 ], [ -115.315392526314, 36.2349072290273 ], [ -115.315340022862003, 36.236763222324498 ], [ -115.315287516647004, 36.238619215011802 ], [ -115.315201471403, 36.240479295868198 ], [ -115.315112076207996, 36.244188014504402 ], [ -115.315068113362997, 36.246060742742998 ], [ -115.315024955197003, 36.247899188251601 ], [ -115.315017208802999, 36.2497367960029 ], [ -115.315017037988, 36.249736636993902 ], [ -115.314772998040993, 36.249740651668901 ], [ -115.313849492705998, 36.249755841618502 ], [ -115.313848898076003, 36.249838280664797 ], [ -115.313845864928993, 36.250258218668499 ], [ -115.313842819464, 36.250678165627797 ], [ -115.313839786222999, 36.251098103572097 ], [ -115.313836752905004, 36.251518050499499 ], [ -115.313836295784, 36.2515798774877 ], [ -115.313836147109001, 36.251600489496198 ], [ -115.313836020688001, 36.251621101554797 ], [ -115.313835652584004, 36.251682928742497 ], [ -115.313830536840001, 36.252521301459304 ], [ -115.313825362705998, 36.253370146832602 ], [ -115.313824856989001, 36.253452595042098 ], [ -115.313805016689997, 36.255249223032301 ], [ -115.312713172733993, 36.255269451265903 ], [ -115.312711333725005, 36.255256415462 ], [ -115.312711981674994, 36.254555186672597 ], [ -115.312712978622002, 36.253473310847397 ], [ -115.312744272779, 36.2516397360301 ], [ -115.312744622064997, 36.251619115464599 ], [ -115.312744759867996, 36.2515985124463 ], [ -115.310547863972999, 36.251650844485098 ], [ -115.310551361381002, 36.253507543764897 ], [ -115.309460591702006, 36.253524807531498 ], [ -115.309455372214998, 36.252475038221597 ], [ -115.309458179304997, 36.251670697442499 ], [ -115.308378578407996, 36.251693880371498 ], [ -115.308378069170004, 36.251775706676497 ], [ -115.308376315952998, 36.252196701790403 ], [ -115.308374562796999, 36.252617669836397 ], [ -115.308371067449997, 36.253459623890102 ], [ -115.308370734169998, 36.253542036409002 ], [ -115.307280456765, 36.253561453516397 ], [ -115.307280768935001, 36.253479040954403 ], [ -115.307283597885004, 36.252719138201698 ], [ -115.307283898915003, 36.2526367256024 ], [ -115.307285480516995, 36.252215576932997 ], [ -115.307287039863994, 36.251794419169698 ], [ -115.307287049381003, 36.251712627770097 ], [ -115.307283989157995, 36.251712674785203 ], [ -115.307287388318002, 36.251630190008399 ], [ -115.307288254360003, 36.251420676175002 ], [ -115.307289128636, 36.251209135367802 ], [ -115.307290126577996, 36.250967811941699 ], [ -115.307290166252002, 36.250958114228197 ], [ -115.307290868923999, 36.250788079796003 ], [ -115.307354051489995, 36.250787025970098 ], [ -115.307541500436002, 36.250783900011299 ], [ -115.307785932513994, 36.250779823489701 ], [ -115.308280934813993, 36.2507715649934 ], [ -115.308382695893997, 36.250769867479598 ], [ -115.308383008427001, 36.250699716830901 ], [ -115.308386818767005, 36.249845857160899 ], [ -115.307294609834003, 36.2498643300342 ], [ -115.306202180119001, 36.2498827969291 ], [ -115.306187874838002, 36.2508076496581 ], [ -115.306198024433996, 36.251182214830301 ], [ -115.306197849477996, 36.251237430623 ], [ -115.306196265495998, 36.251731348908301 ], [ -115.306196170350006, 36.251761442522501 ], [ -115.306190188657993, 36.253578093769299 ], [ -115.306184234699998, 36.255390201163699 ], [ -115.306174847619999, 36.255390374091 ], [ -115.305094427162999, 36.255408127582498 ], [ -115.305095141023997, 36.255366232234699 ], [ -115.305096374673994, 36.255159232189897 ], [ -115.305100166442003, 36.254523272738297 ], [ -115.305102673555993, 36.254101783919602 ], [ -115.305105180596001, 36.253680304083801 ], [ -115.305105346210993, 36.2536665481935 ], [ -115.305104559477996, 36.253565175509898 ], [ -115.303926637602999, 36.2535834000969 ], [ -115.302992222091007, 36.253599580203101 ], [ -115.302911261052998, 36.253600517040098 ], [ -115.302912610643006, 36.253641990014302 ], [ -115.302912402386994, 36.2537127230772 ], [ -115.302910675301007, 36.254308116123099 ], [ -115.302909183706007, 36.254818915303801 ], [ -115.302908059024006, 36.255203681793603 ], [ -115.302907317381994, 36.255459466658998 ], [ -115.304012434447003, 36.255433531245799 ], [ -115.304012288102996, 36.2554746419925 ], [ -115.304011645206003, 36.255655243030198 ], [ -115.304009706984004, 36.256199713883198 ], [ -115.304009107031007, 36.256368245029201 ], [ -115.303998924761999, 36.256839626927203 ], [ -115.303996472478005, 36.257191484402398 ], [ -115.303995914897996, 36.2572718314876 ], [ -115.303995896405993, 36.257273899886499 ], [ -115.303995883078002, 36.257275455468097 ], [ -115.303983357359996, 36.259065380060598 ], [ -115.305084620456, 36.259053408343398 ], [ -115.305304510295997, 36.259052068422299 ], [ -115.306172866287994, 36.259046772469901 ], [ -115.306173121854997, 36.2589643481409 ], [ -115.306175665588, 36.258145671077699 ], [ -115.306069173913002, 36.258145570287901 ], [ -115.305636162949, 36.258145166049999 ], [ -115.305248849552996, 36.258146350903701 ], [ -115.305093560068997, 36.2581468252693 ], [ -115.305096579305996, 36.257806316276103 ], [ -115.305099730585994, 36.257335672366501 ], [ -115.305097137496006, 36.257257590077998 ], [ -115.306178458773999, 36.257245947595699 ], [ -115.306209066169998, 36.257245570573097 ], [ -115.306314140538007, 36.257243941998503 ], [ -115.307270190701999, 36.257229116263503 ], [ -115.307441326025994, 36.257226453957202 ], [ -115.308368685757998, 36.257212021930897 ], [ -115.309440587980006, 36.257195332497602 ], [ -115.310517773791005, 36.257178550874002 ], [ -115.310533196164002, 36.257178310255398 ], [ -115.311546939302005, 36.257162510272202 ], [ -115.311575554794999, 36.2571621021144 ], [ -115.311611032295005, 36.257161599581401 ], [ -115.311623374152006, 36.257161419420598 ], [ -115.312600675542996, 36.257146808444602 ], [ -115.312614594365996, 36.2571466002058 ], [ -115.312637353932004, 36.257146258754702 ], [ -115.312658781368995, 36.257145939520697 ], [ -115.312706924669996, 36.2571452192729 ], [ -115.312706300995004, 36.257185691741199 ], [ -115.312705653229003, 36.257227663888202 ], [ -115.312695516969995, 36.257884380909303 ], [ -115.312695342137005, 36.257895706925602 ], [ -115.312680381681005, 36.258864960414897 ], [ -115.312678504328005, 36.258986569742099 ], [ -115.312674275497002, 36.259316248187503 ], [ -115.312666985671001, 36.259884474559399 ], [ -115.312646734837998, 36.260725997831301 ], [ -115.312644752270998, 36.260808399328198 ], [ -115.312542992621999, 36.260808512384401 ], [ -115.311605578140004, 36.260809549981097 ], [ -115.311603797887003, 36.261175728534802 ], [ -115.311601676658995, 36.261611422133498 ], [ -115.311600275310994, 36.261897753370398 ], [ -115.311599544293998, 36.262047106662301 ], [ -115.311597422988001, 36.262482800197297 ], [ -115.311597294443004, 36.262510270961101 ], [ -115.311596977421004, 36.262646769301298 ], [ -115.311623731870995, 36.262646694888801 ], [ -115.312611021009999, 36.262643985552501 ], [ -115.312683427199005, 36.262643779888897 ], [ -115.313677428310996, 36.262641040886301 ], [ -115.313769889198994, 36.262640780635202 ], [ -115.314194668330003, 36.262639606578297 ], [ -115.314962791289005, 36.262632291752197 ], [ -115.314962769093, 36.262637478576899 ], [ -115.316106619867, 36.2626289808778 ], [ -115.316107176917996, 36.2624915907776 ], [ -115.316109553190003, 36.262130514781397 ], [ -115.316111896856995, 36.261772466996597 ], [ -115.316114179210999, 36.2614258752441 ], [ -115.316117823243999, 36.260869006679101 ], [ -115.316114087849002, 36.260786188570101 ], [ -115.316114424204002, 36.260703776120401 ], [ -115.316116120130005, 36.260284286423101 ], [ -115.316117827184001, 36.259864787708402 ], [ -115.316119523045998, 36.259445297951999 ], [ -115.316119987695004, 36.259331746479397 ], [ -115.316121218874997, 36.259025808166101 ], [ -115.316121555204006, 36.258943395692 ], [ -115.31726478393, 36.2589350566615 ], [ -115.318408012451997, 36.2589267157162 ], [ -115.318406476671001, 36.259341978907003 ], [ -115.318404589804999, 36.259848018406302 ], [ -115.318403039925002, 36.260267436411198 ], [ -115.318401478886003, 36.2606868543619 ], [ -115.318401167283, 36.260769239839199 ], [ -115.318401178106996, 36.260769329991398 ], [ -115.318394332039006, 36.262611943671999 ], [ -115.319538182306005, 36.2626034041404 ], [ -115.319538666482003, 36.262466040889798 ], [ -115.319540062388, 36.262074093736601 ], [ -115.319541447139002, 36.261682146532998 ], [ -115.319541450480997, 36.261681152426803 ], [ -115.319643212317999, 36.261681389429803 ], [ -115.320164177878993, 36.2616775184676 ], [ -115.320634877388002, 36.261674016132702 ], [ -115.320685138965999, 36.261673640720097 ], [ -115.320683815634993, 36.262065570057601 ], [ -115.320682492277996, 36.262457499369198 ], [ -115.320682032362001, 36.262594862681802 ], [ -115.3206860218, 36.263014438718201 ], [ -115.320690763127999, 36.2635139293942 ], [ -115.320696751669004, 36.264145172972597 ], [ -115.320697390879005, 36.264212532536199 ], [ -115.320698701409, 36.264350626128902 ], [ -115.320699482750996, 36.2644330410047 ], [ -115.320996003027005, 36.264430580516901 ], [ -115.321013645662006, 36.264430434449103 ], [ -115.321684089166993, 36.264424868476397 ], [ -115.322094446232995, 36.264421458237898 ], [ -115.322606853862993, 36.264417195665303 ], [ -115.323226929121006, 36.264412037585601 ], [ -115.323988718505007, 36.264405699244897 ], [ -115.324124399349003, 36.2644045693416 ], [ -115.324124421449994, 36.264408321423801 ], [ -115.324124464972996, 36.264415694900897 ], [ -115.324124602609004, 36.264439044695003 ], [ -115.324134936990006, 36.2661941743592 ], [ -115.324135010917999, 36.266206829407103 ], [ -115.324135171948996, 36.266234214280303 ], [ -115.324135206335995, 36.2662399744422 ], [ -115.324140138643997, 36.267098213750003 ], [ -115.324143707871997, 36.267718936343698 ], [ -115.324144571708999, 36.267869093406397 ], [ -115.324145462965006, 36.2680240886001 ], [ -115.324145764540006, 36.268076640233303 ], [ -115.324010087819005, 36.268077968438902 ], [ -115.323907712574993, 36.268078963152199 ], [ -115.323007914293996, 36.268087751304598 ], [ -115.323007668467994, 36.268051158770099 ], [ -115.323003469206995, 36.267448597434502 ], [ -115.323000892264005, 36.267078200527202 ], [ -115.322998308482994, 36.266706514750098 ], [ -115.322995709306994, 36.266332764982899 ], [ -115.322995136795996, 36.266250413687899 ], [ -115.321856358128997, 36.266260817849499 ], [ -115.321852945705004, 36.266260849144302 ], [ -115.321871518834001, 36.2680897247564 ], [ -115.321871602309002, 36.268098070798601 ], [ -115.321886835775004, 36.269935332172103 ], [ -115.321891933095998, 36.271771651517298 ], [ -115.321892159200999, 36.271854065973102 ], [ -115.321894481743001, 36.2726898118798 ], [ -115.321896804250997, 36.2735255657811 ], [ -115.321897030355004, 36.273607980212802 ], [ -115.322632493461995, 36.2735994724245 ], [ -115.323038117729993, 36.273594777922298 ], [ -115.323038132096002, 36.273597826983597 ], [ -115.323038494938999, 36.273678976314898 ], [ -115.323040348671995, 36.274096291869398 ], [ -115.323040883847, 36.2742167310616 ], [ -115.323042202440007, 36.274513598382001 ], [ -115.323043048101994, 36.27470480673 ], [ -115.323045893870002, 36.275344686380102 ], [ -115.323045906659004, 36.275348210411401 ], [ -115.323046292740003, 36.2755145703537 ], [ -115.323051231719006, 36.275854175155303 ], [ -115.323051994378005, 36.275906090520103 ], [ -115.323052464832998, 36.2761700943569 ], [ -115.323052727052001, 36.276319113388702 ], [ -115.323053030091003, 36.2764860129897 ], [ -115.323053464270998, 36.2767307653925 ], [ -115.323053472905997, 36.2768019313392 ], [ -115.323053533318003, 36.277129095905501 ], [ -115.323054323918996, 36.277266481447697 ], [ -115.321907224854002, 36.277280616084397 ], [ -115.320760025230996, 36.2772947494107 ], [ -115.320759801337005, 36.2770937113497 ], [ -115.320759677468004, 36.276982792427802 ], [ -115.320758378529007, 36.275822114664301 ], [ -115.320758379839006, 36.275815075673798 ], [ -115.320758075368005, 36.275540374002397 ], [ -115.320757984034003, 36.275457960794697 ], [ -115.320757881573002, 36.2753755466602 ], [ -115.320756961485003, 36.274540129570802 ], [ -115.320756022905002, 36.273703575810202 ], [ -115.320755931563994, 36.273621162577101 ], [ -115.320755840225999, 36.273538748441702 ], [ -115.320754910798996, 36.272702772281598 ], [ -115.320753981370004, 36.271866786090598 ], [ -115.320753890020995, 36.2717843728323 ], [ -115.319615846648006, 36.271797082415297 ], [ -115.319615803237994, 36.271879495374897 ], [ -115.319614886984994, 36.273551929253003 ], [ -115.319614843558, 36.273634343089597 ], [ -115.318473744105006, 36.273647512688498 ], [ -115.317332655469002, 36.273660671422903 ], [ -115.317325540202006, 36.275498873164203 ], [ -115.316182362611002, 36.275512480379497 ], [ -115.316181990838004, 36.2754536764688 ], [ -115.316181842316993, 36.275430296045201 ], [ -115.316191094877993, 36.273756717928499 ], [ -115.316191555388997, 36.273673819243498 ], [ -115.316090369829993, 36.2736749847559 ], [ -115.315050466125001, 36.273686956199903 ], [ -115.315037238971001, 36.275526090325997 ], [ -115.313808943148004, 36.275520534465301 ], [ -115.313809537753997, 36.275438221952697 ], [ -115.313810309705005, 36.275331516709599 ], [ -115.313812567574004, 36.275019844926099 ], [ -115.313812594566002, 36.275015230435699 ], [ -115.313815586247998, 36.274601458832201 ], [ -115.313818615974995, 36.2741830817466 ], [ -115.313821645686005, 36.273764695618802 ], [ -115.313822240191996, 36.273682401107301 ], [ -115.3138341943, 36.273682446071298 ], [ -115.313834622464, 36.273603206521997 ], [ -115.313835057784999, 36.273520912550801 ], [ -115.313835253240995, 36.273484120949099 ], [ -115.313835906405004, 36.273360787692702 ], [ -115.313836523329002, 36.273244435665298 ], [ -115.313837692926, 36.273023622944997 ], [ -115.313843491998995, 36.2719292127206 ], [ -115.313843931034995, 36.271846800666999 ], [ -115.312722418975994, 36.271845277726797 ], [ -115.312722770723994, 36.271923969277097 ], [ -115.312718676917996, 36.272265230564997 ], [ -115.312714680520003, 36.272597604532798 ], [ -115.312710695641002, 36.272929853230202 ], [ -115.312706711217999, 36.273261957705103 ], [ -115.312702682815001, 36.2735971174002 ], [ -115.312701697844005, 36.273679330807497 ], [ -115.311641213954999, 36.273673408635197 ], [ -115.311578469772002, 36.273673057882498 ], [ -115.311578319798002, 36.273677791963898 ], [ -115.311575818858998, 36.273756447266798 ], [ -115.311567945361006, 36.274592004792801 ], [ -115.311567938734996, 36.274592632068298 ], [ -115.312079894351001, 36.2745945478148 ], [ -115.312591848897, 36.2745964604661 ], [ -115.312654124515007, 36.274596693362902 ], [ -115.312693665908, 36.274596843237198 ], [ -115.312685643305002, 36.275515446995698 ], [ -115.312668571003996, 36.277352663478801 ], [ -115.311540606638005, 36.2773466254285 ], [ -115.311559293876002, 36.275510333032599 ], [ -115.311500723121995, 36.275510064724102 ], [ -115.310996081406998, 36.275507769283202 ], [ -115.310534650148, 36.275505668526399 ], [ -115.310432871215994, 36.275505203788001 ], [ -115.309309617660006, 36.275500082911996 ], [ -115.309307863460006, 36.275500076188798 ], [ -115.309249995754001, 36.275499297363503 ], [ -115.308819303131997, 36.275493509306997 ], [ -115.308189524626997, 36.275485044685098 ], [ -115.308182993048007, 36.275485043177 ], [ -115.308182851487999, 36.275494932589403 ], [ -115.308176617542003, 36.275930933735097 ], [ -115.308166579124006, 36.276277758938498 ], [ -115.308171063228002, 36.276319468740802 ], [ -115.308169711708004, 36.276414048573599 ], [ -115.308169704494006, 36.276414518123502 ], [ -115.308165286781005, 36.276414468302498 ], [ -115.308069615285007, 36.276413394621699 ], [ -115.307043563624006, 36.276406058897201 ], [ -115.307037652324993, 36.276768257607898 ], [ -115.307030853403006, 36.2771849005129 ], [ -115.307029885966003, 36.2772449541052 ], [ -115.307028638060999, 36.2773223692881 ], [ -115.305900642634001, 36.2773162779716 ], [ -115.303648281375999, 36.277303406765697 ], [ -115.303614610458993, 36.277303213552401 ], [ -115.303635642700002, 36.276429538533698 ], [ -115.303636613597007, 36.2763892094667 ], [ -115.303565381553, 36.276388088395301 ], [ -115.303053698651993, 36.276385475277202 ], [ -115.302634392301997, 36.276383339099702 ], [ -115.302542004637004, 36.276382868956503 ], [ -115.302531698582001, 36.276771026538597 ], [ -115.302521381282006, 36.277159184068097 ], [ -115.302519072723001, 36.2772461953261 ], [ -115.302517726708999, 36.277296926057602 ], [ -115.301390300077003, 36.277290452851901 ], [ -115.301392187155997, 36.279118146078297 ], [ -115.301955711340995, 36.279121906773703 ], [ -115.302064333076999, 36.279122630965198 ], [ -115.302519235597003, 36.279125664814003 ], [ -115.303220503459002, 36.2791298645909 ], [ -115.303644684153994, 36.279132403099702 ], [ -115.304771680466004, 36.279142198746797 ], [ -115.305892736502003, 36.279147842135799 ], [ -115.305891638104995, 36.280983729643303 ], [ -115.304765409037998, 36.280972936855697 ], [ -115.303639213745996, 36.280962133541102 ], [ -115.302469002134998, 36.280951946285498 ], [ -115.302387268306006, 36.280951595668199 ], [ -115.301354830299005, 36.280947161223601 ], [ -115.300796409236995, 36.280941517043601 ], [ -115.300269199713, 36.280936322676098 ], [ -115.300268386021003, 36.280936314441099 ], [ -115.300267254865005, 36.2802532049446 ], [ -115.300267132643, 36.280179153816903 ], [ -115.300266876243995, 36.280024188294902 ], [ -115.300266504313996, 36.279793625959698 ], [ -115.300310335868005, 36.279793540434298 ], [ -115.300829704603004, 36.279792527905101 ], [ -115.300829503941998, 36.279642481681996 ], [ -115.300829318775001, 36.279505125493699 ], [ -115.300829134712998, 36.279367771107403 ], [ -115.300828926541001, 36.279213321208601 ], [ -115.300828904678994, 36.2791968376727 ], [ -115.300828795184003, 36.279114472266301 ], [ -115.300265398820002, 36.279110798493697 ], [ -115.300220547189994, 36.279110495841202 ], [ -115.299139686933003, 36.279103198604197 ], [ -115.299139642292999, 36.279083577663499 ], [ -115.299139571430004, 36.279051230607003 ], [ -115.299139124754007, 36.278848647353101 ], [ -115.299138805465006, 36.278703351467897 ], [ -115.299138357987999, 36.278504366104798 ], [ -115.299138025595994, 36.278353472338097 ], [ -115.299137584389996, 36.278152756523099 ], [ -115.299137252028004, 36.2780018537348 ], [ -115.299136810787999, 36.277801146920801 ], [ -115.299136478421005, 36.277650245025001 ], [ -115.299136018891005, 36.277442299985402 ], [ -115.299135923373001, 36.277401093290599 ], [ -115.299135647946002, 36.2772774741319 ], [ -115.299149137439002, 36.2772775548571 ], [ -115.299215647745996, 36.277277936405497 ], [ -115.300252253740993, 36.277283906026703 ], [ -115.300263482560993, 36.277283972262197 ], [ -115.300266440968997, 36.277160098482398 ], [ -115.300266871443995, 36.2771466154678 ], [ -115.300275397470998, 36.276879716490399 ], [ -115.300283733840999, 36.2766187772094 ], [ -115.300291441450995, 36.276377515855401 ], [ -115.300292069039003, 36.276357837012199 ], [ -115.300304900518995, 36.275956130358303 ], [ -115.300318168567003, 36.275540748699299 ], [ -115.300320800072996, 36.275458363592698 ], [ -115.299198527854003, 36.275452880591601 ], [ -115.298243561936999, 36.275448452954997 ], [ -115.298075998803, 36.2754476757571 ], [ -115.296954472332999, 36.275442300557003 ], [ -115.295829735781993, 36.275450318154697 ], [ -115.295395147229002, 36.275452831752503 ], [ -115.294703293029997, 36.275449168567697 ], [ -115.294702967622001, 36.275456833160398 ], [ -115.294699436168997, 36.275539282653902 ], [ -115.294630278395005, 36.2771510025282 ], [ -115.294624981113998, 36.277274636171498 ], [ -115.295749508189004, 36.277269586553501 ], [ -115.295752282104004, 36.2772695742972 ], [ -115.296723167476003, 36.277265161699802 ], [ -115.296880219702999, 36.277258413380103 ], [ -115.296879971688, 36.277264449551403 ], [ -115.296879732796, 36.277264637346399 ], [ -115.296879974345003, 36.277264636122503 ], [ -115.296880418277993, 36.277401789284902 ], [ -115.296885928714005, 36.279088259767697 ], [ -115.296887554776006, 36.279567852871097 ], [ -115.296887860013996, 36.279657966124702 ], [ -115.296888336766997, 36.2797986270865 ], [ -115.296890064696001, 36.2803219341789 ], [ -115.296890635447994, 36.280494752960401 ], [ -115.296892011368996, 36.280911195489303 ], [ -115.295746151680007, 36.2809132374312 ], [ -115.293611950200003, 36.2809170238843 ], [ -115.292372658898998, 36.280919205470902 ], [ -115.292372651568002, 36.280919081076703 ], [ -115.292372166226997, 36.2809190816984 ], [ -115.292372158828002, 36.280913277449201 ], [ -115.292372156425998, 36.280911225233098 ], [ -115.292372040122999, 36.2807629097166 ], [ -115.292371874004004, 36.280555435076401 ], [ -115.292371729710993, 36.280372970952698 ], [ -115.292371699729998, 36.280336060832703 ], [ -115.292371610073999, 36.2802243525853 ], [ -115.292371609396994, 36.280223935291801 ], [ -115.292371361921994, 36.279918409469602 ], [ -115.292370701777998, 36.279102322850598 ], [ -115.292285890960002, 36.2791025851364 ], [ -115.292268926549994, 36.279102642988498 ], [ -115.292097212201995, 36.279103171271998 ], [ -115.291944531564994, 36.279103646547497 ], [ -115.291791852074994, 36.279104112618199 ], [ -115.291652752955997, 36.279104548528402 ], [ -115.29151364274, 36.279104975236997 ], [ -115.29137453141, 36.279105401781003 ], [ -115.291235432291003, 36.279105837205798 ], [ -115.291096322073003, 36.279106263428901 ], [ -115.290957222987004, 36.279106689517398 ], [ -115.290818111622002, 36.279107124426801 ], [ -115.290565348881003, 36.279107902875403 ], [ -115.290308789197994, 36.279108689511702 ], [ -115.290113053013997, 36.279109010977301 ] ] ] } },
{ "type": "Feature", "properties": { "FID": 64, "LIVE_CLV_L": 861272.47358391003, "PERIMETER": 6177.7049089399998, "CNTY_IS": 57, "SYMBOL": 0, "ACRES": 19.77209535, "SQ_MILES": 0.0308939, "SHAPE_AREA": 861272.47358400002, "SHAPE_LEN": 6177.7049089399998, "Shape__Area": 123344.96484375, "Shape__Length": 2340.6089814774414 }, "geometry": { "type": "Polygon", "coordinates": [ [ [ -115.325257874418, 36.262561048059901 ], [ -115.325260229521007, 36.261579942187403 ], [ -115.325262261673004, 36.260733506807 ], [ -115.325262294127, 36.260720258032599 ], [ -115.325262359806004, 36.260693526152203 ], [ -115.325262560200002, 36.2606055434415 ], [ -115.325263729347, 36.260121231273999 ], [ -115.325264129865005, 36.259955492681101 ], [ -115.325265476976, 36.259397441546703 ], [ -115.325474679335997, 36.259577348807497 ], [ -115.325636216508002, 36.259716265453903 ], [ -115.325657743004996, 36.2597347772967 ], [ -115.325666920453997, 36.259742669765799 ], [ -115.325951917047007, 36.260000035187097 ], [ -115.326202424043004, 36.2602262522839 ], [ -115.326241350524995, 36.260261404841501 ], [ -115.326406230044995, 36.260445900044303 ], [ -115.326644149160003, 36.260712109689003 ], [ -115.326860734964001, 36.2609544603404 ], [ -115.327052804603994, 36.261203834030098 ], [ -115.327069225006994, 36.261228761716303 ], [ -115.327232535915996, 36.261476686416998 ], [ -115.327524297202999, 36.261952395336898 ], [ -115.327547237372002, 36.261995714935502 ], [ -115.327587200299007, 36.2620711565595 ], [ -115.327627248476006, 36.262146757878497 ], [ -115.327736214143997, 36.262352459586197 ], [ -115.327840028976993, 36.262542716638301 ], [ -115.327914682097997, 36.262679546436502 ], [ -115.327930380579005, 36.2627083038062 ], [ -115.328113413959002, 36.263134316652803 ], [ -115.328229813166999, 36.263456034992899 ], [ -115.328372542284001, 36.263850494984801 ], [ -115.328382640404001, 36.263889691612697 ], [ -115.328460350952994, 36.264262102712202 ], [ -115.328464006725, 36.264287851100903 ], [ -115.328475692097001, 36.264370172010302 ], [ -115.327943759964, 36.2643743873953 ], [ -115.327557177735002, 36.264377449451601 ], [ -115.327556700805005, 36.264295035257298 ], [ -115.327551807562998, 36.263461130304599 ], [ -115.327547236057001, 36.262682159042498 ], [ -115.327546437481004, 36.262544802004498 ], [ -115.326788576897002, 36.2625501908731 ], [ -115.326402156035002, 36.262552930506203 ], [ -115.326412922188993, 36.264386497366601 ], [ -115.325268655287999, 36.2643955433225 ], [ -115.325268169633006, 36.264313129104899 ], [ -115.325265714409994, 36.263895721454503 ], [ -115.325263259257994, 36.263478295749401 ], [ -115.32526096974, 36.263088332422299 ], [ -115.325258680114999, 36.262698405120702 ], [ -115.325257874418, 36.262561048059901 ] ] ] } },
{ "type": "Feature", "properties": { "FID": 65, "LIVE_CLV_L": 226109.94791408, "PERIMETER": 2015.6348694799999, "CNTY_IS": 57, "SYMBOL": 0, "ACRES": 5.19077015, "SQ_MILES": 0.00811058, "SHAPE_AREA": 226109.947915, "SHAPE_LEN": 2015.6348694799999, "Shape__Area": 32381.24609375, "Shape__Length": 763.33270675419215 }, "geometry": { "type": "Polygon", "coordinates": [ [ [ -115.321831789922001, 36.260743955564998 ], [ -115.322975334236006, 36.260735481580198 ], [ -115.322975082987995, 36.260817894247801 ], [ -115.322974595838005, 36.2609787656896 ], [ -115.322973813662003, 36.261237249811302 ], [ -115.322972533180007, 36.261656605321001 ], [ -115.322971343814004, 36.262048498946903 ], [ -115.322970154453998, 36.262440383534297 ], [ -115.322969731960995, 36.262577737932297 ], [ -115.322411456113002, 36.262581919157199 ], [ -115.321825882268001, 36.262586301270602 ], [ -115.321826329051007, 36.262448937920901 ], [ -115.321828841713, 36.261665133007497 ], [ -115.321829329330001, 36.261512842697798 ], [ -115.321831789922001, 36.260743955564998 ] ] ] } },
{ "type": "Feature", "properties": { "FID": 66, "LIVE_CLV_L": 5339.2551589900004, "PERIMETER": 352.38375742, "CNTY_IS": 57, "SYMBOL": 0, "ACRES": 0.12257243, "SQ_MILES": 0.00019152, "SHAPE_AREA": 5339.2551591600004, "SHAPE_LEN": 352.38375743199998, "Shape__Area": 764.58203125, "Shape__Length": 133.29467626588718 }, "geometry": { "type": "Polygon", "coordinates": [ [ [ -115.324124244456002, 36.258855983714703 ], [ -115.324124858187005, 36.258640915677503 ], [ -115.324296055052002, 36.258742747489102 ], [ -115.324360697006995, 36.258781198263598 ], [ -115.324519049112993, 36.258884638672697 ], [ -115.324340918911005, 36.258885870912898 ], [ -115.324287887048996, 36.258886238260601 ], [ -115.324124155226002, 36.258887370673399 ], [ -115.324124244456002, 36.258855983714703 ] ] ] } },
{ "type": "Feature", "properties": { "FID": 67, "LIVE_CLV_L": 23113.230311539999, "PERIMETER": 670.62619288999997, "CNTY_IS": 57, "SYMBOL": 0, "ACRES": 0.53060676, "SQ_MILES": 0.00082907, "SHAPE_AREA": 23113.230311700001, "SHAPE_LEN": 670.62619290299995, "Shape__Area": 3312.0, "Shape__Length": 254.09522435501935 }, "geometry": { "type": "Polygon", "coordinates": [ [ [ -115.306359526764993, 36.284757238411601 ], [ -115.306361068954999, 36.2846487569659 ], [ -115.306690097965998, 36.284653057928502 ], [ -115.306688572824996, 36.284760307371997 ], [ -115.306688049100998, 36.285088476754702 ], [ -115.306687700165, 36.285307193544597 ], [ -115.306358618827005, 36.2853040073297 ], [ -115.306359117317996, 36.285004163265 ], [ -115.306359451153995, 36.2848032088163 ], [ -115.306359526764993, 36.284757238411601 ] ] ] } },
{ "type": "Feature", "properties": { "FID": 68, "LIVE_CLV_L": 27117.899485000002, "PERIMETER": 662.65811882000003, "CNTY_IS": 57, "SYMBOL": 0, "ACRES": 0.62254131, "SQ_MILES": 0.00097272, "SHAPE_AREA": 27117.899484699999, "SHAPE_LEN": 662.65811882599996, "Shape__Area": 3884.9765625, "Shape__Length": 250.75818600050229 }, "geometry": { "type": "Polygon", "coordinates": [ [ [ -115.286247372328006, 36.275997345256002 ], [ -115.286246578013007, 36.276015738381602 ], [ -115.286229937841995, 36.276400698066503 ], [ -115.286229806191002, 36.276404009938602 ], [ -115.286164006109999, 36.276404122242802 ], [ -115.285714146993001, 36.276404891730799 ], [ -115.285643514922, 36.276405012452798 ], [ -115.285609998221005, 36.276405069616899 ], [ -115.285623695454007, 36.275998611708097 ], [ -115.285673536692997, 36.275998526674996 ], [ -115.285779813171004, 36.275998345013498 ], [ -115.285963872202998, 36.275997951116899 ], [ -115.286189203901003, 36.275997469322697 ], [ -115.286247372328006, 36.275997345256002 ] ] ] } },
{ "type": "Feature", "properties": { "FID": 69, "LIVE_CLV_L": 3117754.3656950202, "PERIMETER": 11652.790865839999, "CNTY_IS": 57, "SYMBOL": 0, "ACRES": 71.57379168, "SQ_MILES": 0.11183405, "SHAPE_AREA": 3117754.3656899999, "SHAPE_LEN": 11652.7908658, "Shape__Area": 446533.33203125, "Shape__Length": 4412.9347426096547 }, "geometry": { "type": "Polygon", "coordinates": [ [ [ -115.227506857850997, 36.265811018409302 ], [ -115.227518896814999, 36.2649039333999 ], [ -115.228565701299004, 36.265007238114798 ], [ -115.228566073096999, 36.2649250335758 ], [ -115.228574389431003, 36.2645626981761 ], [ -115.228581717500006, 36.264123561843299 ], [ -115.228589134892005, 36.263667112172698 ], [ -115.228596496988004, 36.263220405129502 ], [ -115.229568318808006, 36.263340107234299 ], [ -115.229672487206997, 36.263342578358099 ], [ -115.229702442771, 36.261594598898697 ], [ -115.229702502828999, 36.261594607187803 ], [ -115.230758982099999, 36.261722572153602 ], [ -115.230758364421007, 36.261860006423703 ], [ -115.230748042491001, 36.262373769199897 ], [ -115.231805277725002, 36.262502158879499 ], [ -115.231799663692001, 36.262746660348 ], [ -115.231780414868993, 36.263585038569502 ], [ -115.2317750295, 36.263828390632199 ], [ -115.231741898058004, 36.265325334751999 ], [ -115.232257244788002, 36.265377689694198 ], [ -115.232781950466006, 36.265427906778299 ], [ -115.232784979203004, 36.265347873077303 ], [ -115.232801060582005, 36.264737851705299 ], [ -115.232810455964994, 36.264428524233402 ], [ -115.232819846474001, 36.264120268351199 ], [ -115.232826599720994, 36.263804442991898 ], [ -115.232828321849993, 36.263717916228998 ], [ -115.232838656151003, 36.263497286337099 ], [ -115.232845385127007, 36.263186859534997 ], [ -115.232854780102002, 36.2628775310761 ], [ -115.232880928591001, 36.261991747447297 ], [ -115.233931544737004, 36.262126938751699 ], [ -115.233924395271004, 36.262320134143401 ], [ -115.233905638034997, 36.262975833064402 ], [ -115.233880499980998, 36.263822170764001 ], [ -115.233855333315006, 36.2646722936258 ], [ -115.233850462011006, 36.264841405300103 ], [ -115.233716942697001, 36.264826621663197 ], [ -115.233257690979002, 36.2647766083915 ], [ -115.233244274545996, 36.265388791686902 ], [ -115.233244072464998, 36.265476458493303 ], [ -115.233829346443997, 36.2655439995929 ], [ -115.233705799028996, 36.268937004838001 ], [ -115.233567819599003, 36.268924740580999 ], [ -115.232689158303998, 36.268864837441697 ], [ -115.231634241682002, 36.268788185770703 ], [ -115.230614059584994, 36.268714872744098 ], [ -115.229577846436996, 36.268640422069801 ], [ -115.229607108481005, 36.266880533545802 ], [ -115.228583517313993, 36.2667868242659 ], [ -115.228590524422998, 36.266312897789398 ], [ -115.228592551838005, 36.266174439464699 ], [ -115.228596321477994, 36.265917018420197 ], [ -115.228545580219006, 36.265912541777602 ], [ -115.228056934470999, 36.265864576298299 ], [ -115.227608330061003, 36.265819981536197 ], [ -115.227506857850997, 36.265811018409302 ] ] ] } },
{ "type": "Feature", "properties": { "FID": 70, "LIVE_CLV_L": 2441001.7010383201, "PERIMETER": 13760.7136515, "CNTY_IS": 57, "SYMBOL": 0, "ACRES": 56.03768827, "SQ_MILES": 0.08755889, "SHAPE_AREA": 2441001.7010400002, "SHAPE_LEN": 13760.7136515, "Shape__Area": 349594.859375, "Shape__Length": 5213.1751604242363 }, "geometry": { "type": "Polygon", "coordinates": [ [ [ -115.220910075828002, 36.266012988516103 ], [ -115.220913970211996, 36.265459190826597 ], [ -115.220917879539002, 36.2649021395152 ], [ -115.220917458615006, 36.264704189514703 ], [ -115.220919112798995, 36.2643461615775 ], [ -115.220926954600003, 36.263807507263301 ], [ -115.220928188044994, 36.263540527887699 ], [ -115.220931172232, 36.2628945858633 ], [ -115.220929335790998, 36.262713945977197 ], [ -115.220934545183994, 36.262164469092198 ], [ -115.220937143539999, 36.261602004925102 ], [ -115.220941723159001, 36.261188818367899 ], [ -115.220941972961995, 36.261134741473199 ], [ -115.220942199114006, 36.261054465221697 ], [ -115.221683611192006, 36.261054302802101 ], [ -115.221675957111998, 36.262714583542397 ], [ -115.221734736084002, 36.262713138954098 ], [ -115.222430637222999, 36.262707670019999 ], [ -115.222431819788, 36.262160343961 ], [ -115.222433071965, 36.261597875671001 ], [ -115.222432530831995, 36.261134922070802 ], [ -115.222433556428996, 36.261054711314301 ], [ -115.223117975673006, 36.2610553143696 ], [ -115.223171428892002, 36.261054943580497 ], [ -115.223174856507995, 36.2610549539014 ], [ -115.223174866313002, 36.261055242340298 ], [ -115.223170359327995, 36.261135199277 ], [ -115.223169147237996, 36.261525989392403 ], [ -115.223168932394003, 36.261595328658998 ], [ -115.223226447952996, 36.261595940756202 ], [ -115.223269182161999, 36.261596069407197 ], [ -115.223941030413002, 36.261591600784001 ], [ -115.223945539710002, 36.261190310744603 ], [ -115.223945698259996, 36.261155701196103 ], [ -115.223943131433998, 36.261132981246199 ], [ -115.223942885320994, 36.261107510354599 ], [ -115.223942809584997, 36.261099506767202 ], [ -115.223942356448006, 36.261051935885597 ], [ -115.225479625277003, 36.261045675559998 ], [ -115.225479604634003, 36.261050445068399 ], [ -115.225479051400995, 36.261157576682898 ], [ -115.225465793232999, 36.262696544238899 ], [ -115.225449245763002, 36.264617225578803 ], [ -115.225446867456995, 36.264699424100002 ], [ -115.225446641931001, 36.264895209111202 ], [ -115.225441381392997, 36.2656090971224 ], [ -115.225437046585, 36.266412765072999 ], [ -115.225436656682007, 36.266498214121803 ], [ -115.225428949689999, 36.267455476734298 ], [ -115.225424750216007, 36.268229402659202 ], [ -115.225423613206004, 36.268337102005702 ], [ -115.225256550930993, 36.268337692498399 ], [ -115.224671472194999, 36.268338940646302 ], [ -115.224684551595004, 36.264896900983601 ], [ -115.224686641031994, 36.264347423724502 ], [ -115.223929728920993, 36.264349838338497 ], [ -115.223261540774004, 36.264351893413497 ], [ -115.223219137737004, 36.264352027123799 ], [ -115.223219291036003, 36.264900438561099 ], [ -115.223260691543999, 36.264900563204201 ], [ -115.223929882231999, 36.264899331322503 ], [ -115.223927297821007, 36.265171897267102 ], [ -115.223926017297003, 36.2654513628 ], [ -115.223160178702997, 36.265451609661497 ], [ -115.223161853394998, 36.2649002656118 ], [ -115.223101744754004, 36.264900084590401 ], [ -115.222421880100995, 36.264901279630301 ], [ -115.222416665891998, 36.265453991931402 ], [ -115.221646220582002, 36.265456468393801 ], [ -115.221640745933996, 36.2660113609018 ], [ -115.221745331189993, 36.2660110282091 ], [ -115.222411441581002, 36.266008876231801 ], [ -115.222407567621005, 36.266560519953103 ], [ -115.222406404460003, 36.267103520433103 ], [ -115.222403895794997, 36.267648669957197 ], [ -115.222399275165003, 36.268343163859598 ], [ -115.220895292642993, 36.268345104875401 ], [ -115.220895986532994, 36.268209401534698 ], [ -115.220899872036, 36.267652783021603 ], [ -115.220903692210996, 36.267105465450399 ], [ -115.220906005565993, 36.2666048294817 ], [ -115.220906191305005, 36.266564633030001 ], [ -115.220906561573997, 36.266513404588601 ], [ -115.220910075828002, 36.266012988516103 ] ] ] } },
{ "type": "Feature", "properties": { "FID": 71, "LIVE_CLV_L": 46977.843894290003, "PERIMETER": 944.99329989, "CNTY_IS": 57, "SYMBOL": 0, "ACRES": 1.0784629, "SQ_MILES": 0.0016851, "SHAPE_AREA": 46977.843894999998, "SHAPE_LEN": 944.99329988800002, "Shape__Area": 6728.2421875, "Shape__Length": 357.94338265494474 }, "geometry": { "type": "Polygon", "coordinates": [ [ [ -115.226569647011004, 36.265715250610903 ], [ -115.226595754189006, 36.264812822217401 ], [ -115.226810510312006, 36.264834020726703 ], [ -115.227074134627998, 36.264860042056803 ], [ -115.227072690328001, 36.264942802186198 ], [ -115.227058275030998, 36.265764258580802 ], [ -115.226820281255996, 36.265740388356498 ], [ -115.226569647011004, 36.265715250610903 ] ] ] } },
{ "type": "Feature", "properties": { "FID": 72, "LIVE_CLV_L": 701337.92349227995, "PERIMETER": 3999.7017784700001, "CNTY_IS": 57, "SYMBOL": 0, "ACRES": 16.10050329, "SQ_MILES": 0.02515704, "SHAPE_AREA": 701337.92349399999, "SHAPE_LEN": 3999.70177848, "Shape__Area": 100444.796875, "Shape__Length": 1513.8572003699499 }, "geometry": { "type": "Polygon", "coordinates": [ [ [ -115.242406326069002, 36.265890161323902 ], [ -115.241426853546997, 36.265866960419302 ], [ -115.241303480650998, 36.265862488831999 ], [ -115.241303399418996, 36.265862485895902 ], [ -115.241182867842994, 36.265858025013301 ], [ -115.240358854036998, 36.265844894653 ], [ -115.240316406630996, 36.2658445566178 ], [ -115.240265952244002, 36.265845592583503 ], [ -115.240280535286999, 36.265078851396602 ], [ -115.240176836616996, 36.265077787836098 ], [ -115.239198241894996, 36.264971139813703 ], [ -115.239207586343994, 36.264363262003897 ], [ -115.239213452952995, 36.263939262141697 ], [ -115.239221752988001, 36.2635389548715 ], [ -115.239228427629001, 36.262798021458799 ], [ -115.239796930390995, 36.262869519225603 ], [ -115.241327598558996, 36.2630620082113 ], [ -115.241326684811, 36.2631286434993 ], [ -115.241325706891004, 36.263200041864899 ], [ -115.241325512711995, 36.263213948051799 ], [ -115.241321790881003, 36.263485601959303 ], [ -115.241319724429005, 36.263653252045501 ], [ -115.241318406133004, 36.2637149066014 ], [ -115.241317701759996, 36.263747810297403 ], [ -115.241316369635996, 36.263810083090398 ], [ -115.241312863882996, 36.264001532740402 ], [ -115.241310948291002, 36.264134574117399 ], [ -115.241308656596999, 36.264354635635698 ], [ -115.241308650676004, 36.264355227759303 ], [ -115.241306843561006, 36.264463386019301 ], [ -115.241304423266001, 36.2647121682229 ], [ -115.242238052830999, 36.264716997479702 ], [ -115.242341600939994, 36.264717775820998 ], [ -115.242399963329007, 36.264718214381602 ], [ -115.242400318585993, 36.264798818600802 ], [ -115.242402080161995, 36.265194981805301 ], [ -115.242403505124997, 36.2655167497403 ], [ -115.242403922809999, 36.265610901253297 ], [ -115.242406326069002, 36.265890161323902 ] ] ] } },
{ "type": "Feature", "properties": { "FID": 73, "LIVE_CLV_L": 67774.287029529994, "PERIMETER": 1081.9591374300001, "CNTY_IS": 57, "SYMBOL": 0, "ACRES": 1.55588354, "SQ_MILES": 0.00243107, "SHAPE_AREA": 67774.287030599997, "SHAPE_LEN": 1081.9591374399999, "Shape__Area": 9706.98046875, "Shape__Length": 409.23374542852673 }, "geometry": { "type": "Polygon", "coordinates": [ [ [ -115.243336352224006, 36.266447112453299 ], [ -115.242566039628002, 36.266439883865701 ], [ -115.242407595764007, 36.266440459791603 ], [ -115.242413141049994, 36.2663271577877 ], [ -115.242406326069002, 36.265890161323902 ], [ -115.243165241918007, 36.265900029004499 ], [ -115.243558341669001, 36.265905138140198 ], [ -115.243570641307002, 36.266338986644101 ], [ -115.243573769259001, 36.266449339123099 ], [ -115.243336352224006, 36.266447112453299 ] ] ] } },
{ "type": "Feature", "properties": { "FID": 74, "LIVE_CLV_L": 701956.29863347998, "PERIMETER": 3682.0165562299999, "CNTY_IS": 57, "SYMBOL": 0, "ACRES": 16.11469923, "SQ_MILES": 0.02517922, "SHAPE_AREA": 701956.29863199999, "SHAPE_LEN": 3682.0165562100001, "Shape__Area": 100550.8125, "Shape__Length": 1394.4394105632591 }, "geometry": { "type": "Polygon", "coordinates": [ [ [ -115.240204319027995, 36.272744238637102 ], [ -115.240207599870004, 36.2700822553088 ], [ -115.240207694253002, 36.270082306051201 ], [ -115.240345664854004, 36.270092717710902 ], [ -115.240823031877994, 36.270128739910199 ], [ -115.241300411598004, 36.2701647602414 ], [ -115.241300479149999, 36.2700420874286 ], [ -115.241300690697997, 36.269646507003003 ], [ -115.241300984009001, 36.269536633881302 ], [ -115.241487276572002, 36.2695506892791 ], [ -115.242389717329999, 36.2696187747026 ], [ -115.242421694444005, 36.269621191154101 ], [ -115.242432222592001, 36.271940620445299 ], [ -115.242435907992004, 36.272752477041998 ], [ -115.242436435841995, 36.272835882817198 ], [ -115.240204319027995, 36.272744238637102 ] ] ] } },
{ "type": "Feature", "properties": { "FID": 75, "LIVE_CLV_L": 130163.45537934999, "PERIMETER": 1668.20129735, "CNTY_IS": 57, "SYMBOL": 0, "ACRES": 2.98814177, "SQ_MILES": 0.00466897, "SHAPE_AREA": 130163.45537900001, "SHAPE_LEN": 1668.2012973400001, "Shape__Area": 18643.99609375, "Shape__Length": 632.05251469575069 }, "geometry": { "type": "Polygon", "coordinates": [ [ [ -115.246290926821999, 36.268483683327098 ], [ -115.246289372061995, 36.268045196876201 ], [ -115.246583162912998, 36.2680562629603 ], [ -115.246996320516004, 36.268069718974203 ], [ -115.246996830705001, 36.268337713877997 ], [ -115.246999601381006, 36.269793833007803 ], [ -115.246303567520002, 36.269766357522499 ], [ -115.246293102449997, 36.269303439429201 ], [ -115.246293108591004, 36.269303046489 ], [ -115.246293680337004, 36.269264794227702 ], [ -115.246292204322003, 36.268976326804001 ], [ -115.246292333591995, 36.2688840894008 ], [ -115.246293449391004, 36.268686604342903 ], [ -115.246291528550998, 36.268633729916701 ], [ -115.246290926821999, 36.268483683327098 ] ] ] } },
{ "type": "Feature", "properties": { "FID": 76, "LIVE_CLV_L": 1721705.72166947, "PERIMETER": 8859.0758393600008, "CNTY_IS": 57, "SYMBOL": 0, "ACRES": 39.52492474, "SQ_MILES": 0.06175769, "SHAPE_AREA": 1721705.7216700001, "SHAPE_LEN": 8859.0758393600008, "Shape__Area": 246624.87890625, "Shape__Length": 3352.1238745201272 }, "geometry": { "type": "Polygon", "coordinates": [ [ [ -115.247020405485003, 36.273040095270403 ], [ -115.247016606542999, 36.2724725479124 ], [ -115.247102953877999, 36.272475692814801 ], [ -115.247746737526995, 36.272499141595397 ], [ -115.247745269793, 36.272217901706099 ], [ -115.247744710939998, 36.272107909937603 ], [ -115.247743820574996, 36.271932335719598 ], [ -115.247743237967995, 36.271814370269702 ], [ -115.247742655001005, 36.271696229067103 ], [ -115.247742389869003, 36.271642444536504 ], [ -115.247742327308998, 36.271528319084801 ], [ -115.247742239242996, 36.271365534439198 ], [ -115.247592547151996, 36.271359615609597 ], [ -115.247357950131999, 36.271350339683401 ], [ -115.247149597182997, 36.271342100537503 ], [ -115.247094489551003, 36.2713399213483 ], [ -115.247009026946998, 36.271340210998403 ], [ -115.247009008484, 36.271337508913902 ], [ -115.247003791495999, 36.270481400475703 ], [ -115.247090158294, 36.270481052082197 ], [ -115.247111532510004, 36.270480030638097 ], [ -115.247739273478999, 36.270498025753298 ], [ -115.247738310851005, 36.2703200917381 ], [ -115.247738054264005, 36.270272633293501 ], [ -115.247737783900007, 36.270221111845999 ], [ -115.248394877091997, 36.270246748503801 ], [ -115.248392849248006, 36.269845925291101 ], [ -115.248785445327002, 36.269860600980202 ], [ -115.251579348421004, 36.2699650060351 ], [ -115.253064971179001, 36.270019946259097 ], [ -115.253058763984001, 36.270129879718397 ], [ -115.253061810486997, 36.270675054496202 ], [ -115.253397042380996, 36.270687876648402 ], [ -115.253395879720998, 36.270646766120599 ], [ -115.253700398974004, 36.270656420318197 ], [ -115.253769848540003, 36.270658621563697 ], [ -115.253870524231004, 36.270658323925602 ], [ -115.253878023021002, 36.272664034520801 ], [ -115.253149774868007, 36.272625551435702 ], [ -115.252717072354997, 36.272600562288197 ], [ -115.252583529602006, 36.272592622304103 ], [ -115.251582859291005, 36.2725369907306 ], [ -115.251581805179995, 36.272338894934798 ], [ -115.251580412717999, 36.272065551360903 ], [ -115.251579631769999, 36.271671338114601 ], [ -115.251577501905004, 36.270596203327401 ], [ -115.250739156738007, 36.270566971727902 ], [ -115.250740708614003, 36.270830907369202 ], [ -115.250742260497006, 36.271094842097597 ], [ -115.250741099869003, 36.271368503980099 ], [ -115.250742642611002, 36.271634593616298 ], [ -115.250745493422997, 36.271907184194298 ], [ -115.249973779379999, 36.271875388086698 ], [ -115.249950915027, 36.271874445606898 ], [ -115.249952299289006, 36.272192890042099 ], [ -115.249944713074996, 36.272532128983201 ], [ -115.249960915513, 36.272676937467097 ], [ -115.250746082557995, 36.272713038637697 ], [ -115.250746243755998, 36.272989948724003 ], [ -115.249953123156999, 36.272954699618502 ], [ -115.249951643429995, 36.273302751112602 ], [ -115.247020076072005, 36.273122092628803 ], [ -115.247020405485003, 36.273040095270403 ] ] ] } },
{ "type": "Feature", "properties": { "FID": 77, "LIVE_CLV_L": 11251451.770607499, "PERIMETER": 16039.76776567, "CNTY_IS": 57, "SYMBOL": 0, "ACRES": 258.29779087999998, "SQ_MILES": 0.4035903, "SHAPE_AREA": 11251451.7706, "SHAPE_LEN": 16039.7677657, "Shape__Area": 1610899.3984375, "Shape__Length": 6066.172290314822 }, "geometry": { "type": "Polygon", "coordinates": [ [ [ -115.251408728089999, 36.255469005989703 ], [ -115.251370034876004, 36.253554356848703 ], [ -115.251334518234003, 36.251657237717097 ], [ -115.251296390424002, 36.249741147762201 ], [ -115.251263702348993, 36.2479887811566 ], [ -115.251261216112994, 36.247845299167203 ], [ -115.253534197196004, 36.247839059247397 ], [ -115.255809435450004, 36.247833151843899 ], [ -115.255809889434005, 36.247833150383002 ], [ -115.255821142806994, 36.248374820212298 ], [ -115.255917737985996, 36.248373594809003 ], [ -115.256067262011996, 36.248373173875798 ], [ -115.256933000968004, 36.248370736220103 ], [ -115.256925115057996, 36.247963298215197 ], [ -115.256924109943995, 36.247830139139403 ], [ -115.258974490517005, 36.247824569033099 ], [ -115.260358689693007, 36.247820789322397 ], [ -115.261531744153999, 36.247853999358298 ], [ -115.262122596303001, 36.247867736585597 ], [ -115.262645474050004, 36.247883713144503 ], [ -115.262703872489993, 36.2478856452055 ], [ -115.262703889747996, 36.247880875665501 ], [ -115.262786698705, 36.247883558083601 ], [ -115.263284910482, 36.247896545597598 ], [ -115.263876467467995, 36.2479119614474 ], [ -115.263877613418998, 36.247911991545998 ], [ -115.263892544162999, 36.247912382916297 ], [ -115.263940662981, 36.247913647013199 ], [ -115.263944178757995, 36.247913728502503 ], [ -115.263960311125004, 36.2479141410981 ], [ -115.265060150417, 36.247945345528301 ], [ -115.266232231846999, 36.247978029210998 ], [ -115.266230794730006, 36.248057503190097 ], [ -115.266229767145006, 36.248114377695998 ], [ -115.266231561238996, 36.248353051043402 ], [ -115.266232461643, 36.248472796904601 ], [ -115.266233376387007, 36.248594777080399 ], [ -115.266234889524, 36.2487964105662 ], [ -115.266235048487005, 36.248817655112902 ], [ -115.266235267767001, 36.248846829301201 ], [ -115.266236572972005, 36.249020061020097 ], [ -115.266237328879001, 36.249120216213697 ], [ -115.266238256321998, 36.249244012493698 ], [ -115.266239020891007, 36.249346430826201 ], [ -115.266166301591994, 36.249344541833402 ], [ -115.266018108216002, 36.249340692416901 ], [ -115.265722775141001, 36.249333020165501 ], [ -115.265718723066996, 36.249332914772403 ], [ -115.265592906267997, 36.249329646080703 ], [ -115.265316903522006, 36.249322474810398 ], [ -115.265296193666998, 36.249321936665901 ], [ -115.265073598925994, 36.249316146075401 ], [ -115.265073590613, 36.249316000946799 ], [ -115.265066472170005, 36.249241469402897 ], [ -115.265062264997994, 36.248886408885802 ], [ -115.265069384539004, 36.248886573835101 ], [ -115.265014946739001, 36.2488851383563 ], [ -115.264967628481998, 36.248883867808097 ], [ -115.264967628663996, 36.248883822744503 ], [ -115.264967629140003, 36.248883705578997 ], [ -115.264560533218997, 36.248872743419497 ], [ -115.263972753717994, 36.248856917419801 ], [ -115.263939120314006, 36.248856007459203 ], [ -115.263939726087997, 36.248897181451902 ], [ -115.263941159781993, 36.2489946661631 ], [ -115.263945406204996, 36.2492827822702 ], [ -115.263950958939006, 36.249660047666502 ], [ -115.263953009565, 36.249798706381398 ], [ -115.264032038992994, 36.249800710000599 ], [ -115.264572853882001, 36.249814455707003 ], [ -115.264970872760998, 36.249825943459697 ], [ -115.264973598603007, 36.249826022816599 ], [ -115.264973598786, 36.249825977752899 ], [ -115.264973598967998, 36.249825932689298 ], [ -115.265073149895997, 36.249824205749199 ], [ -115.265079419453002, 36.249824358522602 ], [ -115.265079472991005, 36.249828992156502 ], [ -115.265089893226005, 36.250768932686398 ], [ -115.265191665513001, 36.250771258316398 ], [ -115.265673179767006, 36.250782244743398 ], [ -115.265674613791006, 36.250933791006197 ], [ -115.26567821511, 36.251316890461297 ], [ -115.265681252036998, 36.251638747191599 ], [ -115.265682030753993, 36.251721270627002 ], [ -115.265093628591998, 36.251710982309604 ], [ -115.265097130399994, 36.252164571610699 ], [ -115.265112735388001, 36.253590470467003 ], [ -115.265113747935999, 36.2536755550408 ], [ -115.265129147861003, 36.255385365617499 ], [ -115.265128713574995, 36.255467760498597 ], [ -115.262854501383998, 36.255435272544801 ], [ -115.260774620820996, 36.255413241823398 ], [ -115.260539113009003, 36.255403918179098 ], [ -115.258584907070002, 36.255414101019198 ], [ -115.255972980140996, 36.255427660451097 ], [ -115.255350561341004, 36.255426388068798 ], [ -115.251408728089999, 36.255469005989703 ] ] ] } },
{ "type": "Feature", "properties": { "FID": 78, "LIVE_CLV_L": 728887.91893421998, "PERIMETER": 6186.0332586799996, "CNTY_IS": 57, "SYMBOL": 0, "ACRES": 16.73296416, "SQ_MILES": 0.02614526, "SHAPE_AREA": 728887.91893599997, "SHAPE_LEN": 6186.0332586599998, "Shape__Area": 104338.921875, "Shape__Length": 2339.9786739427686 }, "geometry": { "type": "Polygon", "coordinates": [ [ [ -115.242174031046005, 36.246636091018097 ], [ -115.242177763428998, 36.246312396316704 ], [ -115.242212945950001, 36.246312415528003 ], [ -115.243326560585004, 36.246313044154398 ], [ -115.243360473159001, 36.246313410918802 ], [ -115.243365902429005, 36.245987279399699 ], [ -115.243369745126998, 36.245682438848696 ], [ -115.243369970860996, 36.245664486850998 ], [ -115.243373996703994, 36.2453515181396 ], [ -115.243379434833997, 36.245023304630401 ], [ -115.243384875836995, 36.244691845593501 ], [ -115.243350963962996, 36.244691478839599 ], [ -115.242196593513995, 36.244680684989703 ], [ -115.242202147702997, 36.2441988653908 ], [ -115.242284904637998, 36.244199137393402 ], [ -115.244486557735996, 36.244206348945603 ], [ -115.244488769604999, 36.2436939301734 ], [ -115.244490533147001, 36.243280209540103 ], [ -115.244493891020994, 36.242811587256902 ], [ -115.245393453041999, 36.242809778493701 ], [ -115.245391052908005, 36.243054587113697 ], [ -115.245391466558004, 36.243271230480097 ], [ -115.245626703485996, 36.243272805040199 ], [ -115.245618189924997, 36.243697412169404 ], [ -115.245614573593997, 36.243917305878199 ], [ -115.245605715305004, 36.2442125238817 ], [ -115.245630370791005, 36.244212665585003 ], [ -115.245626433081, 36.244703818229397 ], [ -115.245590973540999, 36.2447037001007 ], [ -115.244585986898997, 36.244700534168999 ], [ -115.244484248907, 36.244699975662598 ], [ -115.244481515595993, 36.245023862646001 ], [ -115.244583254006997, 36.245024421156799 ], [ -115.245622391880005, 36.245027629455599 ], [ -115.245619563594005, 36.245372091563503 ], [ -115.245619472228995, 36.2453827246337 ], [ -115.245616895490002, 36.245681900703701 ], [ -115.245614130576996, 36.246003858838101 ], [ -115.244460361671003, 36.2460012270625 ], [ -115.244451071417004, 36.246640255713402 ], [ -115.243321142281005, 36.2466391675731 ], [ -115.243321147317005, 36.246638004933601 ], [ -115.242211539015003, 36.246636152913098 ], [ -115.242174031046005, 36.246636091018097 ] ] ] } },
{ "type": "Feature", "properties": { "FID": 79, "LIVE_CLV_L": 188182.39780991999, "PERIMETER": 2028.8158771599999, "CNTY_IS": 57, "SYMBOL": 0, "ACRES": 4.32007341, "SQ_MILES": 0.00675011, "SHAPE_AREA": 188182.39781, "SHAPE_LEN": 2028.81587717, "Shape__Area": 26935.40625, "Shape__Length": 767.27728685555724 }, "geometry": { "type": "Polygon", "coordinates": [ [ [ -115.251366145149007, 36.241667232027403 ], [ -115.251372674736999, 36.241330764245603 ], [ -115.252069551695001, 36.241336174820297 ], [ -115.252077782475993, 36.240640622459402 ], [ -115.252078650770997, 36.240567467709099 ], [ -115.252079233, 36.2405183394742 ], [ -115.253399694796997, 36.240527468996497 ], [ -115.253395680303996, 36.240667319052498 ], [ -115.253380944022993, 36.241679907844002 ], [ -115.252989834, 36.241677445969501 ], [ -115.252666846943995, 36.241675412666901 ], [ -115.251569602729006, 36.241668508422897 ], [ -115.251366145149007, 36.241667232027403 ] ] ] } },
{ "type": "Feature", "properties": { "FID": 80, "LIVE_CLV_L": 1440126.1140107701, "PERIMETER": 6725.6074644700002, "CNTY_IS": 57, "SYMBOL": 0, "ACRES": 33.06074642, "SQ_MILES": 0.05165742, "SHAPE_AREA": 1440126.1140099999, "SHAPE_LEN": 6725.6074644600003, "Shape__Area": 206113.96484375, "Shape__Length": 2545.5528559837553 }, "geometry": { "type": "Polygon", "coordinates": [ [ [ -115.257070695197996, 36.238758238002497 ], [ -115.257073078933004, 36.238687672195802 ], [ -115.256981914361006, 36.238686636733597 ], [ -115.256914737718006, 36.238685873045398 ], [ -115.256813251292002, 36.238684720065599 ], [ -115.256672297500003, 36.238683117659598 ], [ -115.256554421599006, 36.238681778208502 ], [ -115.256408730754003, 36.2386801219956 ], [ -115.256300711695005, 36.238678893949199 ], [ -115.256146818337001, 36.238677143794398 ], [ -115.255941755143994, 36.238674811799001 ], [ -115.255969416056999, 36.237762123308599 ], [ -115.255969903647994, 36.237746042136401 ], [ -115.256071612363002, 36.237746419530403 ], [ -115.257100074280999, 36.237749390549602 ], [ -115.257428655094998, 36.237752160729201 ], [ -115.258135208010998, 36.2377588691188 ], [ -115.258225042766995, 36.237759726138499 ], [ -115.258231349997004, 36.237635540966203 ], [ -115.258239988921005, 36.237465449828598 ], [ -115.258246808433, 36.237331186082898 ], [ -115.258256203117995, 36.237146214088597 ], [ -115.258263749370997, 36.2369976318098 ], [ -115.258268032426002, 36.236913301301101 ], [ -115.258270637097993, 36.2368689057257 ], [ -115.258272904110996, 36.236830288264898 ], [ -115.258273090730995, 36.236825520078803 ], [ -115.258345239001002, 36.234981433864199 ], [ -115.259958658567001, 36.234987215977597 ], [ -115.259958447496999, 36.235065215247197 ], [ -115.259943018119003, 36.235443400155297 ], [ -115.259941160626994, 36.235488953245998 ], [ -115.260102707545997, 36.235489344725202 ], [ -115.260401649201, 36.235490265532803 ], [ -115.260435345790995, 36.235490369096397 ], [ -115.260569347789001, 36.235494310568697 ], [ -115.260607354550004, 36.235495428840601 ], [ -115.260547132225, 36.236840932157399 ], [ -115.260547021464006, 36.236843518543502 ], [ -115.260466985318999, 36.238672308486798 ], [ -115.260464652920007, 36.238725450891003 ], [ -115.260295485377995, 36.238723335882902 ], [ -115.259336370436998, 36.238711323938098 ], [ -115.259332905087007, 36.238793485484301 ], [ -115.259329966386005, 36.238868537327797 ], [ -115.259325860060002, 36.238973375233897 ], [ -115.259318450338995, 36.239158053410897 ], [ -115.259299667061995, 36.239630564428097 ], [ -115.259278235723002, 36.240097652419699 ], [ -115.259262579275003, 36.2404216844876 ], [ -115.259256503451994, 36.240559412069302 ], [ -115.258121956584006, 36.240552539006202 ], [ -115.258124432635995, 36.2404790821316 ], [ -115.258127126876005, 36.240399148325601 ], [ -115.258135854100999, 36.240140190071401 ], [ -115.258142039006998, 36.2399567145929 ], [ -115.258148532373994, 36.239764031533603 ], [ -115.258150884093993, 36.239694255152401 ], [ -115.258153300534005, 36.239622551100801 ], [ -115.258086289446993, 36.239622180577001 ], [ -115.257949402468995, 36.239621421711 ], [ -115.257799556527999, 36.239620588672999 ], [ -115.257786042803005, 36.2396204140055 ], [ -115.257742630712997, 36.239620272436397 ], [ -115.25763077389, 36.239619649818998 ], [ -115.257473310340998, 36.239618772200799 ], [ -115.257352085850002, 36.239618099473198 ], [ -115.257136996707999, 36.2396169012532 ], [ -115.257041694631994, 36.239616370087298 ], [ -115.257041898883998, 36.239610323933697 ], [ -115.257042786997005, 36.239584021497002 ], [ -115.257045219103006, 36.2395120029637 ], [ -115.257049299247001, 36.239391182621198 ], [ -115.257053377863002, 36.2392704587092 ], [ -115.257058936491006, 36.239106021172297 ], [ -115.257066381100003, 36.2388858452872 ], [ -115.257070695197996, 36.238758238002497 ] ] ] } },
{ "type": "Feature", "properties": { "FID": 81, "LIVE_CLV_L": 59565.445431929998, "PERIMETER": 1028.39240034, "CNTY_IS": 57, "SYMBOL": 0, "ACRES": 1.36743447, "SQ_MILES": 0.00213662, "SHAPE_AREA": 59565.445432200002, "SHAPE_LEN": 1028.39240034, "Shape__Area": 8525.640625, "Shape__Length": 389.33498165573837 }, "geometry": { "type": "Polygon", "coordinates": [ [ [ -115.255891447112006, 36.240334159540801 ], [ -115.255913414421997, 36.239609475176799 ], [ -115.256015195215994, 36.239611556247198 ], [ -115.256514575916, 36.239616814095001 ], [ -115.256514731671004, 36.239616815421797 ], [ -115.256507373510004, 36.239816099728699 ], [ -115.256485639947996, 36.240404693753099 ], [ -115.256480215075996, 36.240542567166401 ], [ -115.255885239221996, 36.240538948363103 ], [ -115.255885383722998, 36.240534179167497 ], [ -115.255891447112006, 36.240334159540801 ] ] ] } },
{ "type": "Feature", "properties": { "FID": 82, "LIVE_CLV_L": 709161.08448889002, "PERIMETER": 4769.2230984899998, "CNTY_IS": 57, "SYMBOL": 0, "ACRES": 16.28009836, "SQ_MILES": 0.02543765, "SHAPE_AREA": 709161.08448800002, "SHAPE_LEN": 4769.2230984899998, "Shape__Area": 101487.0078125, "Shape__Length": 1806.9739564043036 }, "geometry": { "type": "Polygon", "coordinates": [ [ [ -115.324950003580994, 36.230898628619897 ], [ -115.326133551256007, 36.230859376954598 ], [ -115.326141792665993, 36.232643359343299 ], [ -115.326053722916001, 36.2342234930884 ], [ -115.326035652743997, 36.234547696344698 ], [ -115.325934081628006, 36.2363700525136 ], [ -115.325929483989, 36.236452384075399 ], [ -115.324753588324995, 36.2364869453545 ], [ -115.324827996666002, 36.235073707239899 ], [ -115.324854921688996, 36.234586340123599 ], [ -115.324953524375999, 36.232689090094098 ], [ -115.324951257248003, 36.231536375253597 ], [ -115.324950003580994, 36.230898628619897 ] ] ] } },
{ "type": "Feature", "properties": { "FID": 83, "LIVE_CLV_L": 225709.60761685, "PERIMETER": 1995.1892762299999, "CNTY_IS": 57, "SYMBOL": 0, "ACRES": 5.18157961, "SQ_MILES": 0.00809622, "SHAPE_AREA": 225709.60761499999, "SHAPE_LEN": 1995.18927622, "Shape__Area": 32296.49609375, "Shape__Length": 755.22653385893057 }, "geometry": { "type": "Polygon", "coordinates": [ [ [ -115.324942944607002, 36.227319524626303 ], [ -115.326117073652995, 36.227293330334099 ], [ -115.326123210833998, 36.228621215805603 ], [ -115.326125316344999, 36.2290768451197 ], [ -115.324946477655004, 36.229109698786203 ], [ -115.324944828170004, 36.228273720217999 ], [ -115.324942944607002, 36.227319524626303 ] ] ] } },
{ "type": "Feature", "properties": { "FID": 84, "LIVE_CLV_L": 220164.5036651, "PERIMETER": 2010.55896401, "CNTY_IS": 57, "SYMBOL": 0, "ACRES": 5.05428154, "SQ_MILES": 0.00789731, "SHAPE_AREA": 220164.503665, "SHAPE_LEN": 2010.55896401, "Shape__Area": 31495.6171875, "Shape__Length": 759.85040440751607 }, "geometry": { "type": "Polygon", "coordinates": [ [ [ -115.327233771563002, 36.218619768347999 ], [ -115.327232188416005, 36.218388854888602 ], [ -115.327348443055001, 36.218389346978697 ], [ -115.327583163851997, 36.218390919581502 ], [ -115.329544756692002, 36.218404047389697 ], [ -115.329555987557995, 36.219286614545403 ], [ -115.328924189781006, 36.219284128374703 ], [ -115.327238301530997, 36.219277476932596 ], [ -115.327233771563002, 36.218619768347999 ] ] ] } },
{ "type": "Feature", "properties": { "FID": 85, "LIVE_CLV_L": 459050.88986032997, "PERIMETER": 2710.7739033600001, "CNTY_IS": 57, "SYMBOL": 0, "ACRES": 10.53835835, "SQ_MILES": 0.01646618, "SHAPE_AREA": 459050.889861, "SHAPE_LEN": 2710.7739033600001, "Shape__Area": 65671.70703125, "Shape__Length": 1025.3153203116358 }, "geometry": { "type": "Polygon", "coordinates": [ [ [ -115.306380202737998, 36.219377696517903 ], [ -115.308673044388996, 36.219340584513702 ], [ -115.308673880662994, 36.220272276397303 ], [ -115.308673939292007, 36.220279368764402 ], [ -115.308681566773998, 36.2212077151882 ], [ -115.306399610336996, 36.221249539121203 ], [ -115.306387992452002, 36.220310702304097 ], [ -115.306386773908997, 36.220164762994301 ], [ -115.306380202737998, 36.219377696517903 ] ] ] } },
{ "type": "Feature", "properties": { "FID": 86, "LIVE_CLV_L": 679455.07713087997, "PERIMETER": 4042.4547618800002, "CNTY_IS": 57, "SYMBOL": 0, "ACRES": 15.59814227, "SQ_MILES": 0.0243721, "SHAPE_AREA": 679455.07713400002, "SHAPE_LEN": 4042.4547618800002, "Shape__Area": 97205.84765625, "Shape__Length": 1529.0191733138781 }, "geometry": { "type": "Polygon", "coordinates": [ [ [ -115.259388865792005, 36.222900142356799 ], [ -115.258868398077993, 36.222895613770703 ], [ -115.258351906870999, 36.222895428906099 ], [ -115.258251894316999, 36.222890860814402 ], [ -115.258251856224007, 36.222886088401602 ], [ -115.258154440951998, 36.222882606123697 ], [ -115.258135765008007, 36.222882555370298 ], [ -115.257648651677997, 36.222879193663601 ], [ -115.257587671712002, 36.2228790439001 ], [ -115.257407087727998, 36.2228785990375 ], [ -115.257126829330005, 36.222876825915101 ], [ -115.256964007012996, 36.222876417987003 ], [ -115.256611692142997, 36.222874465131497 ], [ -115.256527611373002, 36.222874262566599 ], [ -115.256080526361998, 36.2228720673086 ], [ -115.255972459364003, 36.222872880296002 ], [ -115.255972346969997, 36.222872891705201 ], [ -115.255961933603004, 36.2220381074439 ], [ -115.255958309817004, 36.221954782645597 ], [ -115.255940555167001, 36.221034365895001 ], [ -115.257089593407002, 36.221032709248 ], [ -115.257082196254004, 36.220604198656901 ], [ -115.257075020155995, 36.2201063977407 ], [ -115.258211458477007, 36.220106255160402 ], [ -115.258210208063005, 36.220155759425701 ], [ -115.258209834606006, 36.220184184984298 ], [ -115.258228296986999, 36.2210367366581 ], [ -115.258243852834994, 36.221879429254798 ], [ -115.258243412528998, 36.221961643380702 ], [ -115.258721305828999, 36.221961205759598 ], [ -115.258884016223007, 36.221961056697602 ], [ -115.259383113346004, 36.221964499882901 ], [ -115.259384051555998, 36.222044491569697 ], [ -115.259385780146999, 36.222475014493497 ], [ -115.259388865792005, 36.222900142356799 ] ] ] } },
{ "type": "Feature", "properties": { "FID": 87, "LIVE_CLV_L": 572176.81829842005, "PERIMETER": 4053.7844744700001, "CNTY_IS": 57, "SYMBOL": 0, "ACRES": 13.13537232, "SQ_MILES": 0.02052402, "SHAPE_AREA": 572176.81830100005, "SHAPE_LEN": 4053.7844744600002, "Shape__Area": 81864.4140625, "Shape__Length": 1532.2527996239901 }, "geometry": { "type": "Polygon", "coordinates": [ [ [ -115.259429966395999, 36.225679221532197 ], [ -115.258279924948994, 36.225672741131 ], [ -115.257999044471006, 36.225672646532402 ], [ -115.257117834777006, 36.225672345571198 ], [ -115.257119528231996, 36.224752937012298 ], [ -115.255995359908994, 36.224750155424701 ], [ -115.255980778584998, 36.223810108770401 ], [ -115.255980736165995, 36.223805339951198 ], [ -115.255980798460001, 36.223805339220299 ], [ -115.255985481292001, 36.223805379069603 ], [ -115.257120505684995, 36.223815734076702 ], [ -115.258154512651998, 36.223819269520099 ], [ -115.258256240178, 36.223819618027498 ], [ -115.258256227114998, 36.2238243875968 ], [ -115.258256323889, 36.2238243878597 ], [ -115.258261976189999, 36.2241745437478 ], [ -115.258271183125999, 36.224744983505801 ], [ -115.258377613725997, 36.224745353701898 ], [ -115.258902531640999, 36.224747273774703 ], [ -115.259417693198003, 36.224749156122002 ], [ -115.259606760077006, 36.224749839021499 ], [ -115.260387295615999, 36.224752687208998 ], [ -115.260470970171994, 36.2247520793197 ], [ -115.260554645840003, 36.224751471374802 ], [ -115.260557199356995, 36.224748878954699 ], [ -115.260572299770999, 36.2256880224448 ], [ -115.259429966395999, 36.225679221532197 ] ] ] } }
]
}
